timestamp,player_index,packets_received,packets_sent,x,y,is_it
5505,0,1,1,200,200,0
5567,0,4,4,200,200,0
5629,0,8,8,200,200,0
5691,0,12,12,200,200,0
5754,0,15,15,200,200,0
5816,0,19,19,200,200,0
5870,0,22,22,200,200,0
5932,0,26,26,200,200,0
5995,0,30,30,200,200,0
6058,0,33,33,200,200,0
6121,0,37,37,200,200,0
6182,0,40,40,200,200,0
6245,0,43,43,200,200,0
6307,0,46,46,200,200,0
6370,0,50,50,200,200,0
6433,0,52,52,200,200,0
6493,0,55,55,200,200,0
6555,0,59,59,200,200,0
6618,0,62,62,200,200,0
6679,0,66,66,200,200,0
6741,0,70,70,200,200,0
6803,0,74,74,200,200,0
6866,0,76,76,200,200,0
6928,0,79,79,200,200,0
6991,0,82,82,200,200,0
7053,0,86,86,200,200,0
7115,0,90,90,200,200,0
7177,0,94,94,200,200,0
7240,0,97,97,200,200,0
7302,0,100,100,200,200,0
7367,0,104,104,200,200,0
7427,0,107,107,200,200,0
7489,0,110,110,200,200,0
7552,0,111,111,200,200,0
7615,0,114,114,201.667,200,0
7679,0,117,117,206.667,200,0
7740,0,119,119,210,200,0
7801,0,121,121,213.333,200,0
7862,0,124,124,218.333,200,0
7923,0,126,126,221.667,200,0
7985,0,128,128,221.667,200,0
8047,0,130,130,221.667,200,0
8110,0,132,132,221.667,200,0
8173,0,134,134,221.667,200,0
8236,0,137,137,221.667,200,0
8298,0,139,139,221.667,200,0
8361,0,141,141,221.667,200,0
8422,0,143,143,221.667,200,0
8485,0,145,145,221.667,200,0
8578,0,148,148,226.667,200,0
8640,0,151,151,230,200,0
8703,0,153,153,230,200,0
8765,0,155,155,230,200,0
8827,0,158,158,230,200,0
8888,0,160,160,230,200,0
8951,0,163,163,230,200,0
9013,0,166,166,230,200,0
9076,0,169,169,230,200,0
9137,0,172,172,230,200,0
9201,0,175,175,230,200,0
9262,0,179,179,230,200,0
9324,0,182,182,230,200,0
9385,0,186,186,230,200,0
9448,0,189,189,230,200,0
9509,0,193,193,230,200,0
9570,0,196,196,230,200,0
9634,0,199,199,230,200,0
9696,0,200,200,230,200,0
9758,0,202,202,230,200,0
9822,0,205,205,230,200,0
9882,0,206,206,230,200,0
9943,0,207,207,230,200,0
10005,0,210,210,230,200,0
10066,0,212,212,230,200,0
10128,0,214,214,230,200,0
10191,0,218,218,230,200,0
10276,0,221,221,230,200,0
10328,0,222,222,230,200,0
10391,0,225,225,230,200,0
10454,0,227,227,230,200,0
10515,0,229,229,230,200,0
10575,0,231,231,230,200,0
10634,0,233,233,230,200,0
10696,0,235,235,230,200,0
10760,0,237,237,230,200,0
10820,0,239,239,230,200,0
10884,0,241,241,230,200,0
10947,0,243,243,230,200,0
11009,0,245,245,230,200,0
11073,0,247,247,230,200,0
11134,0,249,249,230,200,0
11198,0,252,252,230,200,0
11261,0,254,254,230,200,0
11323,0,256,256,230,200,0
11385,0,258,258,230,200,0
11448,0,259,259,230,200,0
11508,0,262,262,230,200,0
11570,0,264,264,230,200,0
11633,0,266,266,230,200,0
11696,0,268,268,230,200,0
11758,0,270,270,230,200,0
11823,0,273,273,230,200,0
11885,0,275,275,230,200,0
11949,0,277,277,230,200,0
12011,0,279,279,230,200,0
12074,0,281,281,230,200,0
12136,0,283,283,230,200,0
12198,0,285,285,230,200,0
12261,0,287,287,230,200,0
12327,0,289,289,230,200,0
12390,0,292,292,230,200,0
12452,0,294,294,230,200,0
12514,0,296,296,230,200,0
12579,0,298,298,230,200,0
12674,0,301,301,230,200,0
12737,0,303,303,230,200,0
12799,0,305,305,230,200,0
12861,0,306,306,230,200,0
12923,0,308,308,230,200,0
12984,0,310,310,230,200,0
13048,0,312,312,230,200,0
13111,0,314,314,230,200,0
13175,0,317,317,230,200,0
13237,0,319,319,230,200,0
13301,0,322,322,230,200,0
13364,0,324,324,230,200,0
13427,0,327,327,230,200,0
13489,0,330,330,230,200,0
13552,0,332,332,230,200,0
13618,0,334,334,230,200,0
13676,0,336,336,230,200,0
13739,0,338,338,230,200,0
13803,0,341,341,230,200,0
13867,0,343,343,230,200,0
13929,0,345,345,230,200,0
13991,0,348,348,230,200,0
14066,0,350,350,230,200,0
14125,0,352,352,230,200,0
14187,0,354,354,230,200,0
14249,0,356,356,230,200,0
14310,0,359,359,230,200,0
14375,0,361,361,230,200,0
14436,0,363,363,230,200,0
14497,0,365,365,230,200,0
14548,0,367,367,230,200,0
14603,0,369,369,230,200,0
14665,0,371,371,230,200,0
14727,0,373,373,230,200,0
14789,0,375,375,230,200,0
14851,0,376,376,230,200,0
14913,0,378,378,230,200,0
14974,0,380,380,230,200,0
15036,0,382,382,230,200,0
15099,0,384,384,230,200,0
15161,0,386,386,230,200,0
15222,0,388,388,230,200,0
15285,0,390,390,230,200,1
15285,1,1,1,200,200,0
15347,0,392,392,230,200,1
15347,1,3,3,200,200,0
15410,0,394,394,230,200,1
15410,1,5,5,200,200,0
15473,0,396,396,230,200,1
15473,1,7,7,200,200,0
15535,0,398,398,230,200,1
15535,1,10,10,200,200,0
15597,0,400,400,230,200,1
15597,1,12,12,200,200,0
15659,0,403,403,230,200,1
15659,1,14,14,200,200,0
15722,0,405,405,230,200,1
15722,1,17,17,200,200,0
15784,0,408,408,230,200,1
15784,1,19,19,200,200,0
15846,0,410,410,230,200,1
15846,1,22,22,200,200,0
15909,0,413,413,230,200,1
15909,1,25,25,200,200,0
15970,0,416,416,230,200,1
15970,1,28,28,200,200,0
16033,0,418,418,230,200,1
16033,1,32,32,200,200,0
16095,0,420,420,230,200,1
16095,1,36,36,200,200,0
16157,0,422,422,230,200,1
16157,1,39,39,200,200,0
16220,0,424,424,230,200,1
16220,1,42,42,200,200,0
16282,0,426,426,230,200,1
16282,1,45,45,200,200,0
16345,0,428,428,230,200,1
16345,1,48,48,200,200,0
16410,0,430,430,230,200,1
16410,1,51,51,200,200,0
16470,0,432,432,230,200,1
16470,1,53,53,200,200,0
16531,0,434,434,230,200,1
16531,1,56,56,200,200,0
16595,0,436,436,230,200,1
16595,1,58,58,200,200,0
16656,0,438,438,230,200,1
16656,1,61,61,200,200,0
16718,0,440,440,230,200,1
16718,1,64,64,200,200,0
16779,0,442,442,230,200,1
16779,1,66,66,200,200,0
16842,0,444,444,230,200,1
16842,1,69,69,200,200,0
16903,0,446,446,230,200,1
16903,1,71,71,200,200,0
16965,0,448,448,230,200,1
16965,1,74,74,200,200,0
17028,0,450,450,230,200,1
17028,1,76,76,200,200,0
17090,0,452,452,230,200,1
17090,1,79,79,200,200,0
17152,0,454,454,230,200,1
17152,1,81,81,200,200,0
17214,0,456,456,230,200,1
17214,1,83,83,200,200,0
17276,0,458,458,230,200,1
17276,1,86,86,200,200,0
17338,0,460,460,230,200,1
17338,1,88,88,200,200,0
17400,0,462,462,230,200,1
17400,1,90,90,200,200,0
17462,0,464,464,230,200,1
17462,1,93,93,200,200,0
17525,0,466,466,230,200,1
17525,1,95,95,200,200,0
17588,0,468,468,230,200,1
17588,1,98,98,200,200,0
17652,0,470,470,230,200,1
17652,1,100,100,200,200,0
17711,0,472,472,230,200,1
17711,1,102,102,200,200,0
17777,0,474,474,230,200,1
17777,1,105,105,200,200,0
17836,0,476,476,230,200,1
17836,1,107,107,200,200,0
17898,0,478,478,230,200,1
17898,1,109,109,200,200,0
17961,0,480,480,230,200,1
17961,1,112,112,200,200,0
18024,0,482,482,230,200,1
18024,1,114,114,200,200,0
18086,0,484,484,230,200,1
18086,1,116,116,200,200,0
18151,0,486,486,230,200,1
18151,1,119,119,200,200,0
18212,0,488,488,230,200,1
18212,1,121,121,200,200,0
18273,0,490,490,230,200,1
18273,1,123,123,200,200,0
18335,0,492,492,230,200,1
18335,1,126,126,200,200,0
18396,0,494,494,230,200,1
18396,1,128,128,200,200,0
18459,0,496,496,230,200,1
18459,1,130,130,200,200,0
18521,0,498,498,230,200,1
18521,1,132,132,200,200,0
18582,0,500,500,230,200,1
18582,1,135,135,200,200,0
18645,0,502,502,230,200,1
18645,1,137,137,200,200,0
18709,0,504,504,230,200,1
18709,1,140,140,200,200,0
18770,0,506,506,230,200,1
18770,1,142,142,200,200,0
18832,0,508,508,230,200,1
18832,1,144,144,200,200,0
18894,0,510,510,230,200,1
18894,1,147,147,200,200,0
18957,0,512,512,230,200,1
18957,1,149,149,200,200,0
19018,0,514,514,230,200,1
19018,1,151,151,200,200,0
19082,0,516,516,230,200,1
19082,1,154,154,200,200,0
19143,0,518,518,230,200,1
19143,1,156,156,200,200,0
19205,0,520,520,230,200,1
19205,1,158,158,200,200,0
19266,0,522,522,230,200,1
19266,1,161,161,200,200,0
19328,0,524,524,230,200,1
19328,1,163,163,200,200,0
19390,0,526,526,230,200,1
19390,1,165,165,200,200,0
19481,0,529,529,230,200,1
19481,1,169,169,200,200,0
19544,0,531,531,230,200,1
19544,1,171,171,200,200,0
19606,0,533,533,230,200,1
19606,1,173,173,200,200,0
19669,0,535,535,230,200,1
19669,1,176,176,200,200,0
19731,0,537,537,230,200,1
19731,1,178,178,200,200,0
19794,0,539,539,230,200,1
19794,1,180,180,200,200,0
19855,0,541,541,230,200,1
19855,1,183,183,200,200,0
19918,0,543,543,230,200,1
19918,1,185,185,200,200,0
19979,0,545,545,230,200,1
19979,1,187,187,200,200,0
20042,0,547,547,230,200,1
20042,1,190,190,200,200,0
20104,0,549,549,230,200,1
20104,1,192,192,200,200,0
20167,0,551,551,230,200,1
20167,1,194,194,200,200,0
20228,0,553,553,230,200,1
20228,1,197,197,200,200,0
20291,0,555,555,230,200,1
20291,1,199,199,200,200,0
20355,0,558,558,230,200,1
20355,1,202,202,200,200,0
20419,0,560,560,230,200,1
20419,1,204,204,200,200,0
20482,0,562,562,230,200,1
20482,1,207,207,200,200,0
20542,0,564,564,230,200,1
20542,1,209,209,200,200,0
20608,0,566,566,230,200,1
20608,1,212,212,200,200,0
20668,0,568,568,230,200,1
20668,1,214,214,200,200,0
20730,0,570,570,230,200,1
20730,1,217,217,200,200,0
20792,0,572,572,230,200,1
20792,1,219,219,200,200,0
20854,0,574,574,230,200,1
20854,1,222,222,200,200,0
20917,0,576,576,230,200,1
20917,1,225,225,200,200,0
20979,0,578,578,230,200,1
20979,1,227,227,200,200,0
21042,0,580,580,230,200,1
21042,1,228,228,200,200,0
21104,0,582,582,230,200,1
21104,1,228,228,200,200,0
21167,0,584,584,230,200,1
21167,1,228,228,200,200,0
21230,0,586,586,230,200,1
21230,1,228,228,200,200,0
21292,0,588,588,230,200,1
21292,1,228,228,200,200,0
21355,0,590,590,230,200,1
21355,1,228,228,200,200,0
21418,0,592,592,230,200,1
21418,1,228,228,200,200,0
21479,0,594,594,230,200,1
21479,1,228,228,200,200,0
21541,0,596,596,230,200,1
21541,1,228,228,200,200,0
21603,0,598,598,230,200,1
21603,1,228,228,200,200,0
21665,0,600,600,230,200,1
21665,1,228,228,200,200,0
21727,0,602,602,230,200,1
21727,1,231,231,200,200,0
21789,0,604,604,230,200,1
21789,1,233,233,200,200,0
21850,0,606,606,230,200,1
21850,1,235,235,200,200,0
21913,0,608,608,230,200,1
21913,1,238,238,200,200,0
21976,0,610,610,230,200,1
21976,1,240,240,200,200,0
22038,0,612,612,230,200,1
22038,1,242,242,200,200,0
22100,0,614,614,230,200,1
22100,1,245,245,200,200,0
22164,0,616,616,230,200,1
22164,1,247,247,200,200,0
22225,0,618,618,230,200,1
22225,1,249,249,200,200,0
22288,0,620,620,230,200,1
22288,1,252,252,200,200,0
22351,0,622,622,230,200,1
22351,1,254,254,200,200,0
22414,0,624,624,230,200,1
22414,1,256,256,200,200,0
22476,0,626,626,230,200,1
22476,1,259,259,200,200,0
22537,0,628,628,230,200,1
22537,1,261,261,200,200,0
22600,0,630,630,230,200,1
22600,1,263,263,200,200,0
22663,0,632,632,230,200,1
22663,1,266,266,200,200,0
22728,0,634,634,230,200,1
22728,1,268,268,200,200,0
22788,0,636,636,230,200,1
22788,1,270,270,200,200,0
22851,0,638,638,230,200,1
22851,1,273,273,200,200,0
22914,0,640,640,230,200,1
22914,1,275,275,200,200,0
22974,0,642,642,230,200,1
22974,1,278,278,200,200,0
23035,0,644,644,230,200,1
23035,1,280,280,200,200,0
23099,0,646,646,230,200,1
23099,1,282,282,200,200,0
23164,0,648,648,230,200,1
23164,1,285,285,200,200,0
23224,0,650,650,230,200,1
23224,1,287,287,200,200,0
23286,0,652,652,230,200,1
23286,1,289,289,200,200,0
23347,0,654,654,230,200,1
23347,1,292,292,200,200,0
23409,0,656,656,230,200,1
23409,1,294,294,200,200,0
23473,0,658,658,230,200,1
23473,1,297,297,200,200,0
23535,0,660,660,230,200,1
23535,1,299,299,200,200,0
23597,0,662,662,230,200,1
23597,1,301,301,200,200,0
23661,0,664,664,230,200,1
23661,1,304,304,200,200,0
23723,0,666,666,230,200,1
23723,1,306,306,200,200,0
23785,0,668,668,230,200,1
23785,1,309,309,200,200,0
23847,0,670,670,230,200,1
23847,1,311,311,200,200,0
23909,0,672,672,230,200,1
23909,1,313,313,200,200,0
23973,0,674,674,230,200,1
23973,1,316,316,200,200,0
24034,0,676,676,230,200,1
24034,1,318,318,200,200,0
24097,0,678,678,230,200,1
24097,1,320,320,200,200,0
24159,0,680,680,230,200,1
24159,1,323,323,200,200,0
24221,0,682,682,230,200,1
24221,1,325,325,200,200,0
24282,0,684,684,230,200,1
24282,1,327,327,200,200,0
24345,0,686,686,230,200,1
24345,1,329,329,200,200,0
24405,0,688,688,230,200,1
24405,1,332,332,200,200,0
24468,0,690,690,230,200,1
24468,1,334,334,200,200,0
24530,0,692,692,230,200,1
24530,1,336,336,200,200,0
24594,0,694,694,230,200,1
24594,1,339,339,200,200,0
24654,0,696,696,230,200,1
24654,1,341,341,200,200,0
24717,0,698,698,230,200,1
24717,1,343,343,200,200,0
24779,0,700,700,230,200,1
24779,1,346,346,200,200,0
24842,0,702,702,230,200,1
24842,1,348,348,200,200,0
24904,0,705,705,230,200,1
24904,1,350,350,200,200,0
24965,0,707,707,230,200,1
24965,1,352,352,200,200,0
25028,0,709,709,230,200,1
25028,1,355,355,200,200,0
25091,0,711,711,230,200,1
25091,1,357,357,200,200,0
25154,0,714,714,230,200,1
25154,1,360,360,200,200,0
25214,0,717,717,230,200,1
25214,1,363,363,200,200,0
25275,0,720,720,230,200,1
25275,1,365,365,200,200,0
25337,0,723,723,230,200,1
25337,1,368,368,200,200,0
25400,0,726,726,230,200,1
25400,1,372,372,200,200,0
25462,0,729,729,230,200,1
25462,1,375,375,200,200,0
25524,0,733,733,230,200,1
25524,1,378,378,200,200,0
25586,0,736,736,230,200,1
25586,1,382,382,200,200,0
25648,0,740,740,230,200,1
25648,1,386,386,200,200,0
25712,0,744,744,230,200,1
25712,1,390,390,200,200,0
25773,0,748,748,230,200,1
25773,1,394,394,200,200,0
25835,0,752,752,230,200,1
25835,1,397,397,200,200,0
25900,0,756,756,230,200,1
25900,1,401,401,200,200,0
25960,0,759,759,230,200,1
25960,1,405,405,200,200,0
26022,0,763,763,230,200,1
26022,1,408,408,200,200,0
26084,0,767,767,230,200,1
26084,1,412,412,200,200,0
26146,0,770,770,230,200,1
26146,1,416,416,200,200,0
26208,0,774,774,230,200,1
26208,1,420,420,200,200,0
26301,0,779,779,230,200,1
26301,1,425,425,200,200,0
26362,0,783,783,230,200,1
26362,1,428,428,200,200,0
26425,0,787,787,230,200,1
26425,1,432,432,200,200,0
26488,0,790,790,230,200,1
26488,1,436,436,200,200,0
26550,0,794,794,230,200,1
26550,1,439,439,200,200,0
26615,0,797,797,230,200,1
26615,1,443,443,200,200,0
26676,0,797,797,230,200,1
26676,1,447,447,200,200,0
26739,0,797,797,230,200,1
26739,1,451,451,200,200,0
26803,0,797,797,230,200,1
26803,1,454,454,200,200,0
26865,0,797,797,230,200,1
26865,1,458,458,200,200,0
26926,0,797,797,230,200,1
26926,1,462,462,200,200,0
26988,0,797,797,230,200,1
26988,1,465,465,200,200,0
27050,0,797,797,230,200,1
27050,1,469,469,200,200,0
27111,0,797,797,230,200,1
27111,1,473,473,200,200,0
27174,0,797,797,230,200,1
27174,1,476,476,200,200,0
27237,0,797,797,230,200,1
27237,1,480,480,200,200,0
27299,0,797,797,230,200,1
27299,1,484,484,200,200,0
27360,0,797,797,230,200,1
27360,1,487,487,200,200,0
27423,0,799,799,230,200,1
27423,1,491,491,200,200,0
27486,0,803,803,230,200,1
27486,1,494,494,200,200,0
27547,0,806,806,230,200,1
27547,1,498,498,200,200,0
27609,0,810,810,230,200,1
27609,1,502,502,200,200,0
27672,0,814,814,230,200,1
27672,1,505,505,200,200,0
27735,0,817,817,230,200,1
27735,1,509,509,200,200,0
27796,0,821,821,230,200,1
27796,1,513,513,200,200,0
27858,0,825,825,230,200,1
27858,1,516,516,200,200,0
27920,0,828,828,230,200,1
27920,1,520,520,200,200,0
27982,0,832,832,230,200,1
27982,1,524,524,200,200,0
28044,0,836,836,230,200,1
28044,1,527,527,200,200,0
28107,0,839,839,230,200,1
28107,1,531,531,200,200,0
28169,0,843,843,230,200,1
28169,1,535,535,200,200,0
28230,0,846,846,230,200,1
28230,1,538,538,200,200,0
28291,0,850,850,230,200,1
28291,1,542,542,200,200,0
28354,0,854,854,230,200,1
28354,1,546,546,200,200,0
28417,0,858,858,230,200,1
28417,1,549,549,200,200,0
28479,0,861,861,230,200,1
28479,1,553,553,200,200,0
28542,0,865,865,230,200,1
28542,1,556,556,200,200,0
28604,0,869,869,230,200,1
28604,1,560,560,200,200,0
28666,0,872,872,230,200,1
28666,1,564,564,200,200,0
28728,0,876,876,230,200,1
28728,1,567,567,200,200,0
28791,0,880,880,230,200,1
28791,1,571,571,200,200,0
28853,0,884,884,230,200,1
28853,1,575,575,200,200,0
28915,0,887,887,230,200,1
28915,1,579,579,200,200,0
28978,0,891,891,230,200,1
28978,1,582,582,200,200,0
29039,0,895,895,230,200,1
29039,1,586,586,200,200,0
29103,0,898,898,230,200,1
29103,1,590,590,200,200,0
29165,0,902,902,230,200,1
29165,1,593,593,200,200,0
29227,0,906,906,230,200,1
29227,1,597,597,200,200,0
29290,0,910,910,230,200,1
29290,1,601,601,200,200,0
29352,0,913,913,230,200,1
29352,1,604,604,200,200,0
29414,0,917,917,230,200,1
29414,1,608,608,200,200,0
29476,0,920,920,230,200,1
29476,1,612,612,200,200,0
29538,0,924,924,230,200,1
29538,1,615,615,200,200,0
29599,0,928,928,230,200,1
29599,1,619,619,200,200,0
29661,0,931,931,230,200,1
29661,1,623,623,200,200,0
29723,0,935,935,230,200,1
29723,1,626,626,200,200,0
29785,0,939,939,230,200,1
29785,1,630,630,200,200,0
29847,0,942,942,230,200,1
29847,1,634,634,200,200,0
29911,0,946,946,230,200,1
29911,1,637,637,200,200,0
29973,0,950,950,230,200,1
29973,1,641,641,200,200,0
30036,0,953,953,230,200,1
30036,1,645,645,200,200,0
30099,0,957,957,230,200,1
30099,1,648,648,200,200,0
30161,0,961,961,230,200,1
30161,1,652,652,200,200,0
30225,0,964,964,230,200,1
30225,1,656,656,200,200,0
30286,0,968,968,230,200,1
30286,1,659,659,200,200,0
30349,0,972,972,230,200,1
30349,1,663,663,200,200,0
30413,0,975,975,230,200,1
30413,1,667,667,200,200,0
30473,0,979,979,230,200,1
30473,1,670,670,200,200,0
30535,0,982,982,230,200,1
30535,1,674,674,200,200,0
30597,0,986,986,230,200,1
30597,1,678,678,200,200,0
30659,0,990,990,230,200,1
30659,1,682,682,200,200,0
30722,0,993,993,230,200,1
30722,1,685,685,200,200,0
30786,0,997,997,230,200,1
30786,1,689,689,200,200,0
30847,0,1001,1001,230,200,1
30847,1,693,693,200,200,0
30910,0,1004,1004,230,200,1
30910,1,696,696,200,200,0
30971,0,1008,1008,230,200,1
30971,1,700,700,200,200,0
31034,0,1012,1012,230,200,1
31034,1,704,704,200,200,0
31095,0,1015,1015,230,200,1
31095,1,707,707,200,200,0
31157,0,1019,1019,230,200,1
31157,1,711,711,200,200,0
31221,0,1023,1023,230,200,1
31221,1,715,715,200,200,0
31284,0,1027,1027,230,200,1
31284,1,718,718,200,200,0
31346,0,1030,1030,230,200,1
31346,1,722,722,200,200,0
31408,0,1034,1034,230,200,1
31408,1,726,726,200,200,0
31470,0,1037,1037,230,200,1
31470,1,729,729,200,200,0
31531,0,1041,1041,230,200,1
31531,1,733,733,200,200,0
31593,0,1045,1045,230,200,1
31593,1,736,736,200,200,0
31655,0,1048,1048,230,200,1
31655,1,740,740,200,200,0
31717,0,1052,1052,230,200,1
31717,1,744,744,200,200,0
31779,0,1056,1056,230,200,1
31779,1,747,747,200,200,0
31841,0,1059,1059,230,200,1
31841,1,751,751,200,200,0
31903,0,1063,1063,230,200,1
31903,1,755,755,200,200,0
31965,0,1066,1066,230,200,1
31965,1,758,758,200,200,0
32028,0,1070,1070,230,200,1
32028,1,762,762,200,200,0
32090,0,1074,1074,230,200,1
32090,1,765,765,200,200,0
32151,0,1077,1077,230,200,1
32151,1,769,769,200,200,0
32214,0,1081,1081,230,200,1
32214,1,773,773,200,200,0
32276,0,1085,1085,230,200,1
32276,1,776,776,200,200,0
32338,0,1088,1088,230,200,1
32338,1,780,780,200,200,0
32401,0,1092,1092,230,200,1
32401,1,784,784,200,200,0
32463,0,1096,1096,230,200,1
32463,1,787,787,200,200,0
32524,0,1099,1099,230,200,1
32524,1,791,791,200,200,0
32585,0,1103,1103,230,200,1
32585,1,794,794,200,200,0
32647,0,1107,1107,230,200,1
32647,1,798,798,200,200,0
32708,0,1110,1110,230,200,1
32708,1,802,802,200,200,0
32770,0,1114,1114,230,200,1
32770,1,805,805,200,200,0
32832,0,1118,1118,230,200,1
32832,1,809,809,200,200,0
32895,0,1121,1121,230,200,1
32895,1,813,813,200,200,0
32956,0,1125,1125,230,200,1
32956,1,816,816,200,200,0
33018,0,1129,1129,230,200,1
33018,1,820,820,200,200,0
33080,0,1132,1132,230,200,1
33080,1,824,824,200,200,0
33143,0,1136,1136,230,200,1
33143,1,827,827,200,200,0
33205,0,1140,1140,230,200,1
33205,1,831,831,200,200,0
33268,0,1143,1143,230,200,1
33268,1,834,834,200,200,0
33328,0,1147,1147,230,200,1
33328,1,838,838,200,200,0
33390,0,1151,1151,230,200,1
33390,1,842,842,200,200,0
33453,0,1154,1154,230,200,1
33453,1,845,845,200,200,0
33516,0,1158,1158,230,200,1
33516,1,849,849,200,200,0
33579,0,1162,1162,230,200,1
33579,1,853,853,200,200,0
33641,0,1165,1165,230,200,1
33641,1,856,856,200,200,0
33703,0,1169,1169,230,200,1
33703,1,860,860,200,200,0
33766,0,1173,1173,230,200,1
33766,1,864,864,200,200,0
33829,0,1177,1177,230,200,1
33829,1,867,867,200,200,0
33892,0,1180,1180,230,200,1
33892,1,871,871,200,200,0
33953,0,1184,1184,230,200,1
33953,1,874,874,200,200,0
34016,0,1186,1186,230,200,1
34016,1,878,878,200,200,0
34078,0,1186,1186,230,200,1
34078,1,882,882,200,200,0
34139,0,1186,1186,230,200,1
34139,1,886,886,200,200,0
34201,0,1191,1191,230,200,1
34201,1,889,889,200,200,0
34263,0,1194,1194,230,200,1
34263,1,893,893,200,200,0
34326,0,1198,1198,230,200,1
34326,1,897,897,200,200,0
34390,0,1202,1202,230,200,1
34390,1,901,901,200,200,0
34468,0,1206,1206,230,200,1
34468,1,905,905,200,200,0
34531,0,1210,1210,230,200,1
34531,1,909,909,200,200,0
34594,0,1214,1214,230,200,1
34594,1,912,912,200,200,0
34656,0,1218,1218,230,200,1
34656,1,916,916,200,200,0
34718,0,1221,1221,230,200,1
34718,1,919,919,200,200,0
34780,0,1225,1225,230,200,1
34780,1,923,923,200,200,0
34843,0,1229,1229,230,200,1
34843,1,927,927,200,200,0
34904,0,1232,1232,230,200,1
34904,1,930,930,200,200,0
34966,0,1236,1236,230,200,1
34966,1,934,934,200,200,0
35027,0,1240,1240,230,200,1
35027,1,938,938,200,200,0
35089,0,1243,1243,230,200,1
35089,1,941,941,200,200,0
35153,0,1247,1247,230,200,1
35153,1,945,945,200,200,0
35215,0,1250,1250,230,200,1
35215,1,949,949,200,200,0
35278,0,1254,1254,230,200,1
35278,1,953,953,200,200,0
35339,0,1258,1258,230,200,1
35339,1,956,956,200,200,0
35400,0,1261,1261,230,200,1
35400,1,960,960,200,200,0
35464,0,1265,1265,230,200,1
35464,1,963,963,200,200,0
35525,0,1269,1269,230,200,1
35525,1,967,967,200,200,0
35587,0,1272,1272,230,200,1
35587,1,971,971,200,200,0
35649,0,1276,1276,230,200,1
35649,1,974,974,200,200,0
35710,0,1280,1280,230,200,1
35710,1,978,978,200,200,0
35774,0,1283,1283,230,200,1
35774,1,982,982,200,200,0
35851,0,1288,1288,230,200,1
35851,1,986,986,200,200,0
35913,0,1292,1292,230,200,1
35913,1,990,990,200,200,0
35975,0,1295,1295,230,200,1
35975,1,994,994,200,200,0
36038,0,1299,1299,230,200,1
36038,1,997,997,200,200,0
36100,0,1303,1303,230,200,1
36100,1,1001,1001,200,200,0
36161,0,1306,1306,230,200,1
36161,1,1005,1005,200,200,0
36224,0,1310,1310,230,200,1
36224,1,1008,1008,200,200,0
36285,0,1313,1313,230,200,1
36285,1,1012,1012,200,200,0
36349,0,1317,1317,230,200,1
36349,1,1016,1016,200,200,0
36409,0,1321,1321,230,200,1
36409,1,1019,1019,200,200,0
36470,0,1324,1324,230,200,1
36470,1,1023,1023,200,200,0
36531,0,1328,1328,230,200,1
36531,1,1026,1026,200,200,0
36593,0,1331,1331,230,200,1
36593,1,1030,1030,200,200,0
36656,0,1335,1335,230,200,1
36656,1,1034,1034,200,200,0
36717,0,1339,1339,230,200,1
36717,1,1038,1038,200,200,0
36781,0,1342,1342,230,200,1
36781,1,1041,1041,200,200,0
36841,0,1346,1346,230,200,1
36841,1,1045,1045,200,200,0
36903,0,1349,1349,230,200,1
36903,1,1048,1048,200,200,0
36967,0,1353,1353,230,200,1
36967,1,1052,1052,200,200,0
37029,0,1357,1357,230,200,1
37029,1,1056,1056,200,200,0
37091,0,1361,1361,230,200,1
37091,1,1059,1059,200,200,0
37153,0,1364,1364,230,200,1
37153,1,1063,1063,200,200,0
37218,0,1368,1368,230,200,1
37218,1,1067,1067,200,200,0
37280,0,1372,1372,230,200,1
37280,1,1071,1071,200,200,0
37342,0,1375,1375,230,200,1
37342,1,1074,1074,200,200,0
37404,0,1379,1379,230,200,1
37404,1,1078,1078,200,200,0
37466,0,1383,1383,230,200,1
37466,1,1081,1081,200,200,0
37528,0,1386,1386,230,200,1
37528,1,1085,1085,200,200,0
37592,0,1390,1390,230,200,1
37592,1,1088,1088,200,200,0
37654,0,1394,1394,230,200,1
37654,1,1092,1092,200,200,0
37716,0,1397,1397,230,200,1
37716,1,1096,1096,200,200,0
37779,0,1401,1401,230,200,1
37779,1,1099,1099,200,200,0
37839,0,1405,1405,230,200,1
37839,1,1103,1103,200,200,0
37902,0,1408,1408,230,200,1
37902,1,1107,1107,200,200,0
37965,0,1412,1412,230,200,1
37965,1,1110,1110,200,200,0
38026,0,1416,1416,230,200,1
38026,1,1114,1114,200,200,0
38088,0,1419,1419,230,200,1
38088,1,1117,1117,200,200,0
38150,0,1423,1423,230,200,1
38150,1,1121,1121,200,200,0
38213,0,1427,1427,230,200,1
38213,1,1125,1125,200,200,0
38276,0,1430,1430,230,200,1
38276,1,1128,1128,200,200,0
38338,0,1434,1434,230,200,1
38338,1,1132,1132,200,200,0
38400,0,1438,1438,230,200,1
38400,1,1136,1136,200,200,0
38462,0,1442,1442,230,200,1
38462,1,1139,1139,200,200,0
38525,0,1445,1445,230,200,1
38525,1,1143,1143,200,200,0
38587,0,1449,1449,230,200,1
38587,1,1147,1147,200,200,0
38648,0,1452,1452,230,200,1
38648,1,1150,1150,200,200,0
38711,0,1456,1456,230,200,1
38711,1,1154,1154,200,200,0
38773,0,1460,1460,230,200,1
38773,1,1157,1157,200,200,0
38835,0,1463,1463,230,200,1
38835,1,1161,1161,200,200,0
38897,0,1467,1467,230,200,1
38897,1,1165,1165,200,200,0
38960,0,1471,1471,230,200,1
38960,1,1169,1169,200,200,0
39022,0,1474,1474,230,200,1
39022,1,1172,1172,200,200,0
39085,0,1478,1478,230,200,1
39085,1,1176,1176,200,200,0
39148,0,1482,1482,230,200,1
39148,1,1180,1180,200,200,0
39209,0,1485,1485,230,200,1
39209,1,1183,1183,200,200,0
39271,0,1489,1489,230,200,1
39271,1,1187,1187,200,200,0
39334,0,1493,1493,230,200,1
39334,1,1191,1191,200,200,0
39396,0,1496,1496,230,200,1
39396,1,1194,1194,200,200,0
39458,0,1500,1500,230,200,1
39458,1,1198,1198,200,200,0
39521,0,1504,1504,230,200,1
39521,1,1202,1202,200,200,0
39583,0,1507,1507,230,200,1
39583,1,1205,1205,200,200,0
39644,0,1511,1511,230,200,1
39644,1,1209,1209,200,200,0
39705,0,1515,1515,230,200,1
39705,1,1212,1212,200,200,0
39768,0,1519,1519,230,200,1
39768,1,1216,1216,200,200,0
39830,0,1522,1522,230,200,1
39830,1,1220,1220,200,200,0
39893,0,1526,1526,230,200,1
39893,1,1224,1224,200,200,0
39955,0,1530,1530,230,200,1
39955,1,1227,1227,200,200,0
40017,0,1533,1533,230,200,1
40017,1,1231,1231,200,200,0
40080,0,1537,1537,230,200,1
40080,1,1234,1234,200,200,0
40142,0,1541,1541,230,200,1
40142,1,1238,1238,200,200,0
40204,0,1544,1544,230,200,1
40204,1,1242,1242,200,200,0
40269,0,1548,1548,230,200,1
40269,1,1245,1245,200,200,0
40330,0,1552,1552,230,200,1
40330,1,1249,1249,200,200,0
40393,0,1556,1556,230,200,1
40393,1,1252,1252,200,200,0
40454,0,1559,1559,230,200,1
40454,1,1256,1256,200,200,0
40516,0,1563,1563,230,200,1
40516,1,1260,1260,200,200,0
40579,0,1566,1566,230,200,1
40579,1,1263,1263,200,200,0
40640,0,1570,1570,230,200,1
40640,1,1267,1267,200,200,0
40702,0,1574,1574,230,200,1
40702,1,1271,1271,200,200,0
40763,0,1577,1577,230,200,1
40763,1,1274,1274,200,200,0
40825,0,1581,1581,230,200,1
40825,1,1278,1278,200,200,0
40887,0,1585,1585,230,200,1
40887,1,1282,1282,200,200,0
40948,0,1588,1588,230,200,1
40948,1,1286,1286,200,200,0
41012,0,1592,1592,230,200,1
41012,1,1289,1289,200,200,0
41075,0,1596,1596,230,200,1
41075,1,1293,1293,200,200,0
41136,0,1600,1600,230,200,1
41136,1,1297,1297,200,200,0
41198,0,1603,1603,230,200,1
41198,1,1300,1300,200,200,0
41261,0,1607,1607,230,200,1
41261,1,1304,1304,200,200,0
41322,0,1610,1610,230,200,1
41322,1,1307,1307,200,200,0
41385,0,1614,1614,230,200,1
41385,1,1311,1311,200,200,0
41447,0,1618,1618,230,200,1
41447,1,1315,1315,200,200,0
41510,0,1622,1622,230,200,1
41510,1,1318,1318,200,200,0
41572,0,1625,1625,230,200,1
41572,1,1322,1322,200,200,0
41638,0,1629,1629,230,200,1
41638,1,1326,1326,200,200,0
41697,0,1633,1633,230,200,1
41697,1,1329,1329,200,200,0
41759,0,1636,1636,230,200,1
41759,1,1333,1333,200,200,0
41822,0,1640,1640,230,200,1
41822,1,1336,1336,200,200,0
41883,0,1644,1644,230,200,1
41883,1,1340,1340,200,200,0
41946,0,1647,1647,230,200,1
41946,1,1344,1344,200,200,0
42008,0,1651,1651,230,200,1
42008,1,1347,1347,200,200,0
42070,0,1654,1654,230,200,1
42070,1,1351,1351,200,200,0
42132,0,1658,1658,230,200,1
42132,1,1355,1355,200,200,0
42194,0,1662,1662,230,200,1
42194,1,1358,1358,200,200,0
42256,0,1665,1665,230,200,1
42256,1,1362,1362,200,200,0
42317,0,1669,1669,230,200,1
42317,1,1366,1366,200,200,0
42379,0,1673,1673,230,200,1
42379,1,1369,1369,200,200,0
42443,0,1677,1677,230,200,1
42443,1,1373,1373,200,200,0
42504,0,1680,1680,230,200,1
42504,1,1377,1377,200,200,0
42567,0,1684,1684,230,200,1
42567,1,1380,1380,200,200,0
42662,0,1690,1690,230,200,1
42662,1,1386,1386,200,200,0
42724,0,1693,1693,230,200,1
42724,1,1390,1390,200,200,0
42787,0,1697,1697,230,200,1
42787,1,1393,1393,200,200,0
42850,0,1701,1701,230,200,1
42850,1,1397,1397,200,200,0
42913,0,1704,1704,230,200,1
42913,1,1401,1401,200,200,0
42977,0,1708,1708,230,200,1
42977,1,1405,1405,200,200,0
43038,0,1712,1712,230,200,1
43038,1,1408,1408,200,200,0
43101,0,1716,1716,230,200,1
43101,1,1412,1412,200,200,0
43163,0,1719,1719,230,200,1
43163,1,1415,1415,200,200,0
43224,0,1723,1723,230,200,1
43224,1,1419,1419,200,200,0
43286,0,1727,1727,230,200,1
43286,1,1423,1423,200,200,0
43348,0,1730,1730,230,200,1
43348,1,1426,1426,200,200,0
43411,0,1734,1734,230,200,1
43411,1,1430,1430,200,200,0
43473,0,1738,1738,230,200,1
43473,1,1433,1433,200,200,0
43535,0,1742,1742,230,200,1
43535,1,1437,1437,200,200,0
43595,0,1745,1745,230,200,1
43595,1,1441,1441,200,200,0
43658,0,1749,1749,230,200,1
43658,1,1445,1445,200,200,0
43722,0,1753,1753,230,200,1
43722,1,1448,1448,200,200,0
43784,0,1756,1756,230,200,1
43784,1,1452,1452,200,200,0
43846,0,1760,1760,230,200,1
43846,1,1456,1456,200,200,0
43908,0,1764,1764,230,200,1
43908,1,1459,1459,200,200,0
43971,0,1768,1768,230,200,1
43971,1,1463,1463,200,200,0
44033,0,1771,1771,230,200,1
44033,1,1467,1467,200,200,0
44095,0,1775,1775,230,200,1
44095,1,1470,1470,200,200,0
44158,0,1779,1779,230,200,1
44158,1,1474,1474,200,200,0
44220,0,1782,1782,230,200,1
44220,1,1478,1478,200,200,0
44282,0,1786,1786,230,200,1
44282,1,1481,1481,200,200,0
44344,0,1790,1790,230,200,1
44344,1,1485,1485,200,200,0
44406,0,1793,1793,230,200,1
44406,1,1488,1488,200,200,0
44468,0,1797,1797,230,200,1
44468,1,1492,1492,200,200,0
44530,0,1801,1801,230,200,1
44530,1,1494,1494,200,200,0
44593,0,1804,1804,230,200,1
44593,1,1494,1494,200,200,0
44656,0,1808,1808,230,200,1
44656,1,1494,1494,200,200,0
44720,0,1812,1812,230,200,1
44720,1,1494,1494,200,200,0
44783,0,1816,1816,230,200,1
44783,1,1494,1494,200,200,0
44848,0,1819,1819,230,200,1
44848,1,1499,1499,200,200,0
44909,0,1823,1823,230,200,1
44909,1,1502,1502,200,200,0
44970,0,1827,1827,230,200,1
44970,1,1506,1506,200,200,0
45033,0,1830,1830,230,200,1
45033,1,1510,1510,200,200,0
45094,0,1834,1834,230,200,1
45094,1,1513,1513,200,200,0
45156,0,1838,1838,230,200,1
45156,1,1517,1517,200,200,0
45219,0,1841,1841,230,200,1
45219,1,1521,1521,200,200,0
45281,0,1845,1845,230,200,1
45281,1,1525,1525,200,200,0
45343,0,1849,1849,230,200,1
45343,1,1528,1528,200,200,0
45406,0,1852,1852,230,200,1
45406,1,1532,1532,200,200,0
45469,0,1856,1856,230,200,1
45469,1,1536,1536,200,200,0
45530,0,1860,1860,230,200,1
45530,1,1539,1539,200,200,0
45591,0,1863,1863,237.5,200,1
45591,1,1543,1543,205,200,0
45653,0,1867,1867,247.5,200,1
45653,1,1546,1546,210,200,0
45714,0,1870,1870,255,200,1
45714,1,1550,1550,216.667,200,0
45776,0,1874,1874,265,200,1
45776,1,1554,1554,223.333,200,0
45838,0,1878,1878,272.5,200,1
45838,1,1557,1557,228.333,200,0
45900,0,1881,1881,272.5,200,1
45900,1,1561,1561,228.333,200,0
45963,0,1885,1885,272.5,200,1
45963,1,1565,1565,228.333,200,0
46026,0,1889,1889,272.5,200,1
46026,1,1568,1568,228.333,200,0
46087,0,1892,1892,272.5,200,1
46087,1,1572,1572,228.333,200,0
46151,0,1896,1896,272.5,200,1
46151,1,1576,1576,228.333,200,0
46211,0,1900,1900,272.5,200,1
46211,1,1579,1579,228.333,200,0
46274,0,1904,1904,272.5,200,1
46274,1,1583,1583,228.333,200,0
46336,0,1907,1907,272.5,200,1
46336,1,1587,1587,228.333,200,0
46397,0,1911,1911,272.5,200,1
46397,1,1590,1590,228.333,200,0
46460,0,1914,1914,272.5,200,1
46460,1,1594,1594,228.333,200,0
46523,0,1918,1918,272.5,200,1
46523,1,1598,1598,228.333,200,0
46588,0,1922,1922,272.5,200,1
46588,1,1601,1601,228.333,200,0
46648,0,1926,1926,272.5,200,1
46648,1,1605,1605,228.333,200,0
46711,0,1929,1929,272.5,200,1
46711,1,1609,1609,228.333,200,0
46773,0,1933,1933,272.5,200,1
46773,1,1612,1612,228.333,200,0
46835,0,1937,1937,272.5,200,1
46835,1,1616,1616,228.333,200,0
46898,0,1940,1940,272.5,200,1
46898,1,1620,1620,228.333,200,0
46960,0,1944,1944,272.5,200,1
46960,1,1623,1623,228.333,200,0
47021,0,1948,1948,272.5,200,1
47021,1,1627,1627,228.333,200,0
47083,0,1951,1951,272.5,200,1
47083,1,1631,1631,228.333,200,0
47148,0,1955,1955,272.5,200,1
47148,1,1634,1634,228.333,200,0
47209,0,1959,1959,272.5,200,1
47209,1,1638,1638,228.333,200,0
47271,0,1962,1962,272.5,200,1
47271,1,1642,1642,228.333,200,0
47332,0,1966,1966,272.5,200,1
47332,1,1645,1645,228.333,200,0
47395,0,1969,1969,272.5,200,1
47395,1,1649,1649,228.333,200,0
47459,0,1973,1973,272.5,200,1
47459,1,1653,1653,228.333,200,0
47519,0,1976,1976,272.5,200,1
47519,1,1656,1656,228.333,200,0
47581,0,1980,1980,272.5,200,1
47581,1,1660,1660,228.333,200,0
47644,0,1984,1984,272.5,200,1
47644,1,1664,1664,228.333,200,0
47706,0,1987,1987,272.5,200,1
47706,1,1667,1667,228.333,200,0
47768,0,1991,1991,272.5,200,1
47768,1,1671,1671,228.333,200,0
47830,0,1995,1995,272.5,200,1
47830,1,1674,1674,228.333,200,0
47893,0,1998,1998,272.5,200,1
47893,1,1678,1678,228.333,200,0
47955,0,2002,2002,272.5,200,1
47955,1,1682,1682,228.333,200,0
48017,0,2006,2006,272.5,200,1
48017,1,1685,1685,228.333,200,0
48109,0,2011,2011,272.5,200,1
48109,1,1691,1691,228.333,200,0
48171,0,2015,2015,272.5,200,1
48171,1,1694,1694,228.333,200,0
48236,0,2018,2018,272.5,200,1
48236,1,1698,1698,228.333,200,0
48298,0,2022,2022,272.5,200,1
48298,1,1702,1702,228.333,200,0
48360,0,2026,2026,272.5,200,1
48360,1,1705,1705,228.333,200,0
48424,0,2029,2029,272.5,200,1
48424,1,1709,1709,228.333,200,0
48485,0,2033,2033,272.5,200,1
48485,1,1713,1713,228.333,200,0
48550,0,2037,2037,272.5,200,1
48550,1,1717,1717,228.333,200,0
48613,0,2041,2041,272.5,200,1
48613,1,1718,1718,228.333,200,0
48675,0,2045,2045,272.5,200,1
48675,1,1718,1718,228.333,200,0
48737,0,2048,2048,272.5,200,1
48737,1,1718,1718,228.333,200,0
48798,0,2052,2052,272.5,200,1
48798,1,1718,1718,228.333,200,0
48860,0,2055,2055,272.5,200,1
48860,1,1718,1718,228.333,200,0
48922,0,2059,2059,275,200,1
48922,1,1718,1718,228.333,200,0
48983,0,2063,2063,285,200,1
48983,1,1718,1718,228.333,200,0
49046,0,2066,2066,292.5,200,1
49046,1,1718,1718,228.333,200,0
49108,0,2070,2070,302.5,200,1
49108,1,1718,1718,228.333,200,0
49169,0,2073,2073,310,200,1
49169,1,1718,1718,228.333,200,0
49232,0,2077,2077,320,200,1
49232,1,1718,1718,228.333,200,0
49294,0,2081,2081,330,200,1
49294,1,1718,1718,228.333,200,0
49356,0,2085,2085,340,200,1
49356,1,1718,1718,228.333,200,0
49419,0,2088,2088,347.5,200,1
49419,1,1718,1718,228.333,200,0
49481,0,2092,2092,357.5,200,1
49481,1,1718,1718,228.333,200,0
49543,0,2095,2095,365,200,1
49543,1,1718,1718,228.333,200,0
49605,0,2099,2099,375,200,1
49605,1,1718,1718,228.333,200,0
49667,0,2103,2103,385,200,1
49667,1,1718,1718,228.333,200,0
49729,0,2106,2106,392.5,200,1
49729,1,1718,1718,228.333,200,0
49792,0,2110,2110,402.5,200,1
49792,1,1718,1718,228.333,200,0
49854,0,2114,2114,412.5,200,1
49854,1,1718,1718,228.333,200,0
49916,0,2117,2117,420,200,1
49916,1,1718,1718,228.333,200,0
49978,0,2121,2121,430,200,1
49978,1,1718,1718,228.333,200,0
50041,0,2125,2125,440,200,1
50041,1,1718,1718,228.333,200,0
50103,0,2129,2129,450,200,1
50103,1,1718,1718,228.333,200,0
50165,0,2132,2132,457.5,200,1
50165,1,1718,1718,228.333,200,0
50227,0,2136,2136,462.5,200,1
50227,1,1718,1718,228.333,200,0
50289,0,2139,2139,462.5,200,1
50289,1,1718,1718,228.333,200,0
50352,0,2143,2143,462.5,200,1
50352,1,1718,1718,228.333,200,0
50415,0,2147,2147,462.5,200,1
50415,1,1718,1718,228.333,200,0
50477,0,2150,2150,462.5,200,1
50477,1,1718,1718,228.333,200,0
50539,0,2154,2154,462.5,200,1
50539,1,1718,1718,228.333,200,0
50601,0,2158,2158,462.5,205,1
50601,1,1718,1718,228.333,200,0
50663,0,2161,2161,462.5,212.5,1
50663,1,1718,1718,228.333,200,0
50727,0,2165,2165,462.5,222.5,1
50727,1,1718,1718,228.333,200,0
50788,0,2169,2169,462.5,232.5,1
50788,1,1718,1718,228.333,200,0
50851,0,2172,2172,462.5,240,1
50851,1,1718,1718,228.333,200,0
50912,0,2176,2176,462.5,250,1
50912,1,1718,1718,228.333,200,0
50976,0,2179,2179,462.5,257.5,1
50976,1,1718,1718,228.333,200,0
51036,0,2183,2183,462.5,267.5,1
51036,1,1718,1718,228.333,200,0
51098,0,2187,2187,462.5,277.5,1
51098,1,1718,1718,228.333,200,0
51163,0,2191,2191,462.5,287.5,1
51163,1,1718,1718,228.333,200,0
51223,0,2194,2194,462.5,295,1
51223,1,1720,1720,228.333,203.333,0
51284,0,2198,2198,462.5,305,1
51284,1,1724,1724,228.333,210,0
51347,0,2201,2201,462.5,307.5,1
51347,1,1728,1728,228.333,211.667,0
51410,0,2205,2205,462.5,307.5,1
51410,1,1731,1731,228.333,211.667,0
51472,0,2209,2209,462.5,307.5,1
51472,1,1735,1735,228.333,211.667,0
51533,0,2212,2212,462.5,307.5,1
51533,1,1739,1739,228.333,211.667,0
51598,0,2216,2216,462.5,307.5,1
51598,1,1743,1743,228.333,211.667,0
51659,0,2220,2220,462.5,307.5,1
51659,1,1746,1746,228.333,211.667,0
51720,0,2223,2223,462.5,307.5,1
51720,1,1750,1750,228.333,211.667,0
51782,0,2227,2227,462.5,307.5,1
51782,1,1754,1754,228.333,211.667,0
51844,0,2230,2230,462.5,307.5,1
51844,1,1757,1757,228.333,211.667,0
51905,0,2234,2234,462.5,307.5,1
51905,1,1761,1761,228.333,211.667,0
51968,0,2238,2238,462.5,307.5,1
51968,1,1765,1765,228.333,211.667,0
52030,0,2242,2242,462.5,307.5,1
52030,1,1768,1768,228.333,211.667,0
52094,0,2245,2245,462.5,307.5,1
52094,1,1772,1772,228.333,211.667,0
52157,0,2249,2249,462.5,307.5,1
52157,1,1776,1776,228.333,211.667,0
52221,0,2252,2252,462.5,307.5,1
52221,1,1779,1779,228.333,211.667,0
52284,0,2256,2256,462.5,307.5,1
52284,1,1783,1783,228.333,211.667,0
52345,0,2260,2260,462.5,307.5,1
52345,1,1787,1787,228.333,211.667,0
52407,0,2264,2264,462.5,307.5,1
52407,1,1790,1790,228.333,211.667,0
52469,0,2267,2267,462.5,307.5,1
52469,1,1794,1794,228.333,211.667,0
52533,0,2271,2271,462.5,307.5,1
52533,1,1798,1798,228.333,211.667,0
52595,0,2275,2275,462.5,307.5,1
52595,1,1801,1801,228.333,211.667,0
52658,0,2278,2278,462.5,307.5,1
52658,1,1805,1805,228.333,211.667,0
52719,0,2282,2282,462.5,307.5,1
52719,1,1809,1809,228.333,211.667,0
52782,0,2286,2286,462.5,307.5,1
52782,1,1813,1813,228.333,211.667,0
52844,0,2289,2289,462.5,307.5,1
52844,1,1816,1816,228.333,211.667,0
52906,0,2293,2293,462.5,307.5,1
52906,1,1820,1820,228.333,211.667,0
52967,0,2297,2297,462.5,307.5,1
52967,1,1824,1824,228.333,211.667,0
53029,0,2300,2300,462.5,307.5,1
53029,1,1827,1827,228.333,211.667,0
53092,0,2304,2304,462.5,307.5,1
53092,1,1831,1831,228.333,211.667,0
53154,0,2308,2308,462.5,307.5,1
53154,1,1834,1834,228.333,211.667,0
53217,0,2311,2311,462.5,307.5,1
53217,1,1838,1838,228.333,211.667,0
53278,0,2315,2315,462.5,307.5,1
53278,1,1842,1842,228.333,211.667,0
53342,0,2319,2319,462.5,307.5,1
53342,1,1846,1846,228.333,211.667,0
53403,0,2322,2322,462.5,307.5,1
53403,1,1849,1849,228.333,211.667,0
53465,0,2326,2326,462.5,307.5,1
53465,1,1853,1853,228.333,211.667,0
53528,0,2329,2329,462.5,307.5,1
53528,1,1857,1857,228.333,211.667,0
53589,0,2333,2333,462.5,307.5,1
53589,1,1860,1860,228.333,211.667,0
53651,0,2337,2337,462.5,307.5,1
53651,1,1864,1864,228.333,211.667,0
53715,0,2341,2341,462.5,307.5,1
53715,1,1868,1868,228.333,211.667,0
53777,0,2344,2344,462.5,307.5,1
53777,1,1871,1871,228.333,211.667,0
53838,0,2348,2348,462.5,307.5,1
53838,1,1875,1875,228.333,211.667,0
53900,0,2352,2352,462.5,307.5,1
53900,1,1878,1878,228.333,211.667,0
53963,0,2355,2355,462.5,307.5,1
53963,1,1882,1882,228.333,211.667,0
54024,0,2359,2359,462.5,307.5,1
54024,1,1886,1886,228.333,211.667,0
54086,0,2363,2363,462.5,307.5,1
54086,1,1889,1889,228.333,211.667,0
54148,0,2366,2366,462.5,307.5,1
54148,1,1893,1893,228.333,211.667,0
54211,0,2370,2370,462.5,307.5,1
54211,1,1897,1897,228.333,211.667,0
54274,0,2374,2374,462.5,307.5,1
54274,1,1900,1900,228.333,211.667,0
54334,0,2377,2377,462.5,307.5,1
54334,1,1904,1904,228.333,211.667,0
54395,0,2381,2381,462.5,307.5,1
54395,1,1907,1907,228.333,211.667,0
54458,0,2384,2384,462.5,307.5,1
54458,1,1911,1911,228.333,211.667,0
54519,0,2388,2388,462.5,307.5,1
54519,1,1915,1915,228.333,211.667,0
54583,0,2392,2392,462.5,307.5,1
54583,1,1918,1918,228.333,211.667,0
54646,0,2395,2395,462.5,307.5,1
54646,1,1922,1922,228.333,211.667,0
54705,0,2399,2399,462.5,307.5,1
54705,1,1926,1926,228.333,211.667,0
54769,0,2403,2403,462.5,307.5,1
54769,1,1929,1929,228.333,211.667,0
54831,0,2406,2406,462.5,307.5,1
54831,1,1933,1933,228.333,211.667,0
54894,0,2410,2410,462.5,307.5,1
54894,1,1937,1937,228.333,211.667,0
54957,0,2414,2414,462.5,307.5,1
54957,1,1940,1940,228.333,211.667,0
55020,0,2417,2417,462.5,307.5,1
55020,1,1944,1944,228.333,211.667,0
55082,0,2421,2421,462.5,307.5,1
55082,1,1948,1948,228.333,211.667,0
55143,0,2425,2425,462.5,307.5,1
55143,1,1951,1951,228.333,211.667,0
55205,0,2428,2428,462.5,307.5,1
55205,1,1955,1955,228.333,211.667,0
55268,0,2432,2432,462.5,307.5,1
55268,1,1959,1959,228.333,211.667,0
55330,0,2436,2436,462.5,307.5,1
55330,1,1962,1962,228.333,211.667,0
55392,0,2439,2439,462.5,307.5,1
55392,1,1966,1966,228.333,211.667,0
55454,0,2443,2443,462.5,307.5,1
55454,1,1970,1970,228.333,211.667,0
55517,0,2447,2447,462.5,307.5,1
55517,1,1973,1973,228.333,211.667,0
55582,0,2450,2450,462.5,307.5,1
55582,1,1977,1977,228.333,211.667,0
55644,0,2454,2454,462.5,307.5,1
55644,1,1981,1981,228.333,211.667,0
55705,0,2458,2458,462.5,307.5,1
55705,1,1985,1985,228.333,211.667,0
55767,0,2461,2461,462.5,307.5,1
55767,1,1988,1988,228.333,211.667,0
55829,0,2465,2465,462.5,307.5,1
55829,1,1992,1992,228.333,211.667,0
55891,0,2469,2469,462.5,307.5,1
55891,1,1996,1996,228.333,211.667,0
55953,0,2472,2472,462.5,307.5,1
55953,1,1999,1999,228.333,211.667,0
56015,0,2476,2476,462.5,307.5,1
56015,1,2003,2003,228.333,211.667,0
56077,0,2480,2480,462.5,307.5,1
56077,1,2006,2006,228.333,211.667,0
56138,0,2483,2483,462.5,307.5,1
56138,1,2010,2010,228.333,211.667,0
56200,0,2487,2487,462.5,307.5,1
56200,1,2014,2014,228.333,211.667,0
56291,0,2492,2492,462.5,307.5,1
56291,1,2019,2019,228.333,211.667,0
56353,0,2496,2496,462.5,307.5,1
56353,1,2023,2023,228.333,211.667,0
56415,0,2500,2500,462.5,307.5,1
56415,1,2027,2027,228.333,211.667,0
56478,0,2503,2503,462.5,307.5,1
56478,1,2030,2030,228.333,211.667,0
56548,0,2507,2507,462.5,307.5,1
56548,1,2034,2034,228.333,211.667,0
56604,0,2511,2511,462.5,307.5,1
56604,1,2038,2038,228.333,211.667,0
56667,0,2514,2514,462.5,307.5,1
56667,1,2041,2041,228.333,211.667,0
56729,0,2518,2518,462.5,307.5,1
56729,1,2045,2045,228.333,211.667,0
56792,0,2522,2522,462.5,307.5,1
56792,1,2049,2049,228.333,211.667,0
56853,0,2525,2525,462.5,307.5,1
56853,1,2052,2052,228.333,211.667,0
56916,0,2529,2529,462.5,307.5,1
56916,1,2056,2056,228.333,211.667,0
56980,0,2532,2532,462.5,307.5,1
56980,1,2060,2060,228.333,211.667,0
57041,0,2536,2536,462.5,307.5,1
57041,1,2063,2063,228.333,211.667,0
57103,0,2540,2540,462.5,307.5,1
57103,1,2067,2067,228.333,211.667,0
57165,0,2543,2543,462.5,307.5,1
57165,1,2071,2071,228.333,211.667,0
57229,0,2547,2547,462.5,307.5,1
57229,1,2075,2075,228.333,211.667,0
57289,0,2551,2551,462.5,307.5,1
57289,1,2078,2078,228.333,211.667,0
57353,0,2554,2554,462.5,307.5,1
57353,1,2082,2082,228.333,211.667,0
57414,0,2558,2558,462.5,307.5,1
57414,1,2086,2086,228.333,211.667,0
57475,0,2562,2562,462.5,307.5,1
57475,1,2089,2089,228.333,211.667,0
57537,0,2565,2565,462.5,307.5,1
57537,1,2093,2093,228.333,211.667,0
57600,0,2569,2569,462.5,307.5,1
57600,1,2097,2097,228.333,211.667,0
57662,0,2573,2573,462.5,307.5,1
57662,1,2100,2100,228.333,211.667,0
57724,0,2576,2576,462.5,307.5,1
57724,1,2104,2104,228.333,211.667,0
57787,0,2580,2580,462.5,307.5,1
57787,1,2107,2107,228.333,211.667,0
57849,0,2584,2584,462.5,307.5,1
57849,1,2111,2111,228.333,211.667,0
57911,0,2587,2587,462.5,307.5,1
57911,1,2115,2115,228.333,211.667,0
57973,0,2591,2591,462.5,307.5,1
57973,1,2118,2118,228.333,211.667,0
58035,0,2595,2595,462.5,307.5,1
58035,1,2122,2122,228.333,211.667,0
58097,0,2598,2598,462.5,307.5,1
58097,1,2126,2126,228.333,211.667,0
58161,0,2602,2602,462.5,307.5,1
58161,1,2129,2129,228.333,211.667,0
58223,0,2606,2606,462.5,307.5,1
58223,1,2133,2133,228.333,211.667,0
58286,0,2609,2609,462.5,307.5,1
58286,1,2137,2137,228.333,211.667,0
58346,0,2613,2613,462.5,307.5,1
58346,1,2141,2141,228.333,211.667,0
58408,0,2617,2617,462.5,307.5,1
58408,1,2144,2144,228.333,211.667,0
58469,0,2620,2620,462.5,307.5,1
58469,1,2148,2148,228.333,211.667,0
58531,0,2624,2624,462.5,307.5,1
58531,1,2151,2151,228.333,211.667,0
58594,0,2628,2628,462.5,307.5,1
58594,1,2155,2155,228.333,211.667,0
58655,0,2631,2631,462.5,307.5,1
58655,1,2159,2159,228.333,211.667,0
58717,0,2635,2635,462.5,307.5,1
58717,1,2162,2162,228.333,211.667,0
58781,0,2639,2639,462.5,307.5,1
58781,1,2166,2166,228.333,211.667,0
58844,0,2642,2642,462.5,307.5,1
58844,1,2170,2170,228.333,211.667,0
58907,0,2646,2646,462.5,307.5,1
58907,1,2174,2174,228.333,211.667,0
58970,0,2650,2650,462.5,307.5,1
58970,1,2177,2177,228.333,211.667,0
59032,0,2653,2653,462.5,307.5,1
59032,1,2181,2181,228.333,211.667,0
59094,0,2657,2657,462.5,307.5,1
59094,1,2185,2185,228.333,211.667,0
59155,0,2660,2660,462.5,307.5,1
59155,1,2188,2188,228.333,211.667,0
59218,0,2664,2664,462.5,307.5,1
59218,1,2192,2192,228.333,211.667,0
59280,0,2668,2668,462.5,307.5,1
59280,1,2195,2195,228.333,211.667,0
59341,0,2671,2671,462.5,307.5,1
59341,1,2199,2199,228.333,211.667,0
59403,0,2675,2675,462.5,307.5,1
59403,1,2203,2203,228.333,211.667,0
59466,0,2679,2679,462.5,307.5,1
59466,1,2206,2206,228.333,211.667,0
59530,0,2682,2682,462.5,307.5,1
59530,1,2210,2210,228.333,211.667,0
59591,0,2686,2686,462.5,307.5,1
59591,1,2214,2214,228.333,211.667,0
59653,0,2690,2690,462.5,307.5,1
59653,1,2218,2218,228.333,211.667,0
59717,0,2694,2694,462.5,307.5,1
59717,1,2221,2221,228.333,211.667,0
59779,0,2697,2697,462.5,307.5,1
59779,1,2225,2225,228.333,211.667,0
59841,0,2701,2701,462.5,307.5,1
59841,1,2228,2228,228.333,211.667,0
59903,0,2704,2704,462.5,307.5,1
59903,1,2232,2232,228.333,211.667,0
59966,0,2708,2708,462.5,307.5,1
59966,1,2236,2236,228.333,211.667,0
60028,0,2712,2712,462.5,307.5,1
60028,1,2240,2240,228.333,211.667,0
60090,0,2716,2716,462.5,307.5,1
60090,1,2243,2243,228.333,211.667,0
60152,0,2719,2719,462.5,307.5,1
60152,1,2247,2247,228.333,211.667,0
60213,0,2723,2723,462.5,307.5,1
60213,1,2250,2250,228.333,211.667,0
60275,0,2726,2726,462.5,307.5,1
60275,1,2254,2254,228.333,211.667,0
60339,0,2730,2730,462.5,307.5,1
60339,1,2258,2258,228.333,211.667,0
60402,0,2734,2734,462.5,307.5,1
60402,1,2261,2261,228.333,211.667,0
60464,0,2737,2737,462.5,307.5,1
60464,1,2265,2265,228.333,211.667,0
60525,0,2741,2741,462.5,307.5,1
60525,1,2269,2269,228.333,211.667,0
60587,0,2745,2745,462.5,307.5,1
60587,1,2272,2272,228.333,211.667,0
60649,0,2748,2748,462.5,307.5,1
60649,1,2276,2276,228.333,211.667,0
60712,0,2752,2752,462.5,307.5,1
60712,1,2280,2280,228.333,211.667,0
60775,0,2756,2756,462.5,307.5,1
60775,1,2283,2283,228.333,211.667,0
60837,0,2759,2759,462.5,307.5,1
60837,1,2287,2287,228.333,211.667,0
60898,0,2763,2763,462.5,307.5,1
60898,1,2290,2290,228.333,211.667,0
60960,0,2767,2767,462.5,307.5,1
60960,1,2294,2294,228.333,211.667,0
61022,0,2770,2770,462.5,307.5,1
61022,1,2298,2298,228.333,211.667,0
61084,0,2774,2774,462.5,307.5,1
61084,1,2302,2302,228.333,211.667,0
61146,0,2778,2778,462.5,307.5,1
61146,1,2305,2305,228.333,211.667,0
61208,0,2781,2781,462.5,307.5,1
61208,1,2309,2309,228.333,211.667,0
61271,0,2785,2785,462.5,307.5,1
61271,1,2313,2313,228.333,211.667,0
61333,0,2789,2789,462.5,307.5,1
61333,1,2316,2316,228.333,211.667,0
61397,0,2793,2793,462.5,307.5,1
61397,1,2320,2320,228.333,211.667,0
61459,0,2796,2796,462.5,307.5,1
61459,1,2324,2324,228.333,211.667,0
61521,0,2800,2800,462.5,307.5,1
61521,1,2328,2328,228.333,211.667,0
61583,0,2803,2803,462.5,307.5,1
61583,1,2331,2331,228.333,211.667,0
61645,0,2807,2807,462.5,307.5,1
61645,1,2335,2335,228.333,211.667,0
61708,0,2811,2811,462.5,307.5,1
61708,1,2339,2339,228.333,211.667,0
61770,0,2814,2814,462.5,307.5,1
61770,1,2342,2342,228.333,211.667,0
61832,0,2818,2818,462.5,307.5,1
61832,1,2346,2346,228.333,211.667,0
61895,0,2822,2822,462.5,307.5,1
61895,1,2350,2350,228.333,211.667,0
61957,0,2825,2825,462.5,307.5,1
61957,1,2353,2353,228.333,211.667,0
62018,0,2829,2829,462.5,307.5,1
62018,1,2357,2357,228.333,211.667,0
62081,0,2832,2832,462.5,307.5,1
62081,1,2361,2361,228.333,211.667,0
62143,0,2836,2836,462.5,307.5,1
62143,1,2364,2364,228.333,211.667,0
62206,0,2840,2840,462.5,307.5,1
62206,1,2368,2368,228.333,211.667,0
62268,0,2843,2843,462.5,307.5,1
62268,1,2372,2372,228.333,211.667,0
62330,0,2847,2847,462.5,307.5,1
62330,1,2375,2375,228.333,211.667,0
62392,0,2851,2851,462.5,307.5,1
62392,1,2379,2379,228.333,211.667,0
62454,0,2854,2854,462.5,307.5,1
62454,1,2383,2383,228.333,211.667,0
62518,0,2858,2858,462.5,307.5,1
62518,1,2386,2386,228.333,211.667,0
62580,0,2862,2862,462.5,307.5,1
62580,1,2390,2390,228.333,211.667,0
62642,0,2865,2865,462.5,307.5,1
62642,1,2394,2394,228.333,211.667,0
62703,0,2869,2869,462.5,307.5,1
62703,1,2397,2397,228.333,211.667,0
62766,0,2872,2872,462.5,307.5,1
62766,1,2401,2401,228.333,211.667,0
62829,0,2876,2876,462.5,307.5,1
62829,1,2405,2405,228.333,211.667,0
62890,0,2880,2880,462.5,307.5,1
62890,1,2408,2408,228.333,211.667,0
62953,0,2883,2883,462.5,307.5,1
62953,1,2412,2412,228.333,211.667,0
63016,0,2887,2887,462.5,307.5,1
63016,1,2416,2416,228.333,211.667,0
63078,0,2891,2891,462.5,307.5,1
63078,1,2419,2419,228.333,211.667,0
63140,0,2894,2894,462.5,307.5,1
63140,1,2423,2423,228.333,211.667,0
63201,0,2898,2898,462.5,307.5,1
63201,1,2427,2427,228.333,211.667,0
63263,0,2902,2902,462.5,307.5,1
63263,1,2430,2430,228.333,211.667,0
63327,0,2905,2905,462.5,307.5,1
63327,1,2434,2434,228.333,211.667,0
63388,0,2909,2909,462.5,307.5,1
63388,1,2438,2438,228.333,211.667,0
63452,0,2913,2913,462.5,307.5,1
63452,1,2441,2441,228.333,211.667,0
63513,0,2916,2916,462.5,307.5,1
63513,1,2445,2445,228.333,211.667,0
63576,0,2920,2920,462.5,307.5,1
63576,1,2449,2449,228.333,211.667,0
63639,0,2924,2924,462.5,307.5,1
63639,1,2452,2452,228.333,211.667,0
63702,0,2927,2927,462.5,307.5,1
63702,1,2456,2456,228.333,211.667,0
63763,0,2931,2931,462.5,307.5,1
63763,1,2460,2460,228.333,211.667,0
63825,0,2935,2935,462.5,307.5,1
63825,1,2463,2463,228.333,211.667,0
63887,0,2939,2939,462.5,307.5,1
63887,1,2467,2467,228.333,211.667,0
63948,0,2942,2942,462.5,307.5,1
63948,1,2471,2471,228.333,211.667,0
64009,0,2946,2946,462.5,307.5,1
64009,1,2474,2474,228.333,211.667,0
64071,0,2949,2949,462.5,307.5,1
64071,1,2478,2478,228.333,211.667,0
64132,0,2953,2953,462.5,307.5,1
64132,1,2481,2481,228.333,211.667,0
64195,0,2957,2957,462.5,307.5,1
64195,1,2485,2485,228.333,211.667,0
64258,0,2960,2960,462.5,307.5,1
64258,1,2489,2489,228.333,211.667,0
64320,0,2964,2964,462.5,307.5,1
64320,1,2492,2492,228.333,211.667,0
64382,0,2968,2968,462.5,307.5,1
64382,1,2496,2496,228.333,211.667,0
64474,0,2973,2973,462.5,307.5,1
64474,1,2501,2501,228.333,211.667,0
64537,0,2977,2977,462.5,307.5,1
64537,1,2505,2505,228.333,211.667,0
64597,0,2980,2980,462.5,307.5,1
64597,1,2509,2509,228.333,211.667,0
64659,0,2984,2984,462.5,307.5,1
64659,1,2512,2512,228.333,211.667,0
64721,0,2987,2987,462.5,307.5,1
64721,1,2516,2516,228.333,211.667,0
64783,0,2991,2991,462.5,307.5,1
64783,1,2520,2520,228.333,211.667,0
64845,0,2995,2995,462.5,307.5,1
64845,1,2523,2523,228.333,211.667,0
64908,0,2998,2998,462.5,307.5,1
64908,1,2527,2527,228.333,211.667,0
64969,0,3002,3002,462.5,307.5,1
64969,1,2531,2531,228.333,211.667,0
65031,0,3005,3005,462.5,307.5,1
65031,1,2534,2534,228.333,211.667,0
65093,0,3009,3009,462.5,307.5,1
65093,1,2538,2538,228.333,211.667,0
65154,0,3013,3013,462.5,307.5,1
65154,1,2541,2541,228.333,211.667,0
65216,0,3016,3016,462.5,307.5,1
65216,1,2545,2545,228.333,211.667,0
65278,0,3020,3020,462.5,307.5,1
65278,1,2549,2549,228.333,211.667,0
65339,0,3024,3024,462.5,307.5,1
65339,1,2552,2552,228.333,211.667,0
65402,0,3027,3027,462.5,307.5,1
65402,1,2556,2556,228.333,211.667,0
65465,0,3031,3031,462.5,307.5,1
65465,1,2560,2560,228.333,211.667,0
65528,0,3035,3035,462.5,307.5,1
65528,1,2564,2564,228.333,211.667,0
65589,0,3038,3038,462.5,307.5,1
65589,1,2567,2567,228.333,211.667,0
65650,0,3042,3042,462.5,307.5,1
65650,1,2571,2571,228.333,211.667,0
65712,0,3046,3046,462.5,307.5,1
65712,1,2574,2574,228.333,211.667,0
65774,0,3049,3049,462.5,307.5,1
65774,1,2578,2578,228.333,211.667,0
65835,0,3053,3053,462.5,307.5,1
65835,1,2582,2582,228.333,211.667,0
65899,0,3057,3057,462.5,307.5,1
65899,1,2586,2586,228.333,211.667,0
65963,0,3060,3060,462.5,307.5,1
65963,1,2589,2589,228.333,211.667,0
66025,0,3064,3064,462.5,307.5,1
66025,1,2593,2593,228.333,211.667,0
66088,0,3068,3068,462.5,307.5,1
66088,1,2597,2597,228.333,211.667,0
66151,0,3071,3071,462.5,307.5,1
66151,1,2600,2600,228.333,211.667,0
66213,0,3075,3075,462.5,307.5,1
66213,1,2604,2604,228.333,211.667,0
66274,0,3079,3079,462.5,307.5,1
66274,1,2608,2608,228.333,211.667,0
66337,0,3082,3082,462.5,307.5,1
66337,1,2611,2611,228.333,211.667,0
66401,0,3086,3086,462.5,307.5,1
66401,1,2615,2615,228.333,211.667,0
66462,0,3090,3090,462.5,307.5,1
66462,1,2619,2619,228.333,211.667,0
66525,0,3093,3093,462.5,307.5,1
66525,1,2622,2622,228.333,211.667,0
66588,0,3097,3097,462.5,307.5,1
66588,1,2626,2626,228.333,211.667,0
66650,0,3101,3101,462.5,307.5,1
66650,1,2630,2630,228.333,211.667,0
66714,0,3105,3105,462.5,307.5,1
66714,1,2634,2634,228.333,211.667,0
66776,0,3108,3108,462.5,307.5,1
66776,1,2637,2637,228.333,211.667,0
66839,0,3112,3112,462.5,307.5,1
66839,1,2641,2641,228.333,211.667,0
66902,0,3116,3116,462.5,307.5,1
66902,1,2645,2645,228.333,211.667,0
66964,0,3119,3119,462.5,307.5,1
66964,1,2648,2648,228.333,211.667,0
67026,0,3123,3123,462.5,307.5,1
67026,1,2652,2652,228.333,211.667,0
67089,0,3127,3127,462.5,307.5,1
67089,1,2656,2656,228.333,211.667,0
67152,0,3130,3130,462.5,307.5,1
67152,1,2659,2659,228.333,211.667,0
67214,0,3134,3134,462.5,307.5,1
67214,1,2663,2663,228.333,211.667,0
67278,0,3138,3138,462.5,307.5,1
67278,1,2667,2667,228.333,211.667,0
67339,0,3141,3141,462.5,307.5,1
67339,1,2670,2670,228.333,211.667,0
67402,0,3145,3145,462.5,307.5,1
67402,1,2674,2674,228.333,211.667,0
67464,0,3148,3148,462.5,307.5,1
67464,1,2678,2678,228.333,211.667,0
67526,0,3152,3152,462.5,307.5,1
67526,1,2681,2681,228.333,211.667,0
67586,0,3156,3156,462.5,307.5,1
67586,1,2685,2685,228.333,211.667,0
67648,0,3159,3159,462.5,307.5,1
67648,1,2688,2688,228.333,211.667,0
67709,0,3163,3163,462.5,307.5,1
67709,1,2692,2692,228.333,211.667,0
67771,0,3166,3166,462.5,307.5,1
67771,1,2696,2696,228.333,211.667,0
67833,0,3170,3170,462.5,307.5,1
67833,1,2699,2699,228.333,211.667,0
67896,0,3174,3174,462.5,307.5,1
67896,1,2703,2703,228.333,211.667,0
67959,0,3177,3177,462.5,307.5,1
67959,1,2707,2707,228.333,211.667,0
68021,0,3181,3181,462.5,307.5,1
68021,1,2711,2711,228.333,211.667,0
68083,0,3185,3185,462.5,307.5,1
68083,1,2714,2714,228.333,211.667,0
68146,0,3188,3188,462.5,307.5,1
68146,1,2718,2718,228.333,211.667,0
68207,0,3192,3192,462.5,307.5,1
68207,1,2721,2721,228.333,211.667,0
68269,0,3196,3196,462.5,307.5,1
68269,1,2725,2725,228.333,211.667,0
68332,0,3199,3199,462.5,307.5,1
68332,1,2729,2729,228.333,211.667,0
68395,0,3203,3203,462.5,307.5,1
68395,1,2732,2732,228.333,211.667,0
68457,0,3207,3207,462.5,307.5,1
68457,1,2736,2736,228.333,211.667,0
68521,0,3210,3210,462.5,307.5,1
68521,1,2740,2740,228.333,211.667,0
68582,0,3214,3214,462.5,307.5,1
68582,1,2744,2744,228.333,211.667,0
68644,0,3218,3218,462.5,307.5,1
68644,1,2747,2747,228.333,211.667,0
68708,0,3221,3221,462.5,307.5,1
68708,1,2751,2751,228.333,211.667,0
68769,0,3225,3225,462.5,307.5,1
68769,1,2754,2754,228.333,211.667,0
68831,0,3229,3229,462.5,307.5,1
68831,1,2758,2758,228.333,211.667,0
68892,0,3232,3232,462.5,307.5,1
68892,1,2762,2762,228.333,211.667,0
68954,0,3236,3236,462.5,307.5,1
68954,1,2765,2765,228.333,211.667,0
69016,0,3240,3240,462.5,307.5,1
69016,1,2769,2769,228.333,211.667,0
69080,0,3243,3243,462.5,307.5,1
69080,1,2773,2773,228.333,211.667,0
69142,0,3247,3247,462.5,307.5,1
69142,1,2777,2777,228.333,211.667,0
69204,0,3250,3250,462.5,307.5,1
69204,1,2780,2780,228.333,211.667,0
69266,0,3254,3254,462.5,307.5,1
69266,1,2784,2784,228.333,211.667,0
69328,0,3258,3258,462.5,307.5,1
69328,1,2788,2788,228.333,211.667,0
69391,0,3261,3261,462.5,307.5,1
69391,1,2791,2791,228.333,211.667,0
69454,0,3265,3265,462.5,307.5,1
69454,1,2795,2795,228.333,211.667,0
69516,0,3269,3269,462.5,307.5,1
69516,1,2799,2799,228.333,211.667,0
69579,0,3272,3272,462.5,307.5,1
69579,1,2802,2802,228.333,211.667,0
69643,0,3276,3276,462.5,307.5,1
69643,1,2806,2806,228.333,211.667,0
69705,0,3280,3280,462.5,307.5,1
69705,1,2810,2810,228.333,211.667,0
69768,0,3283,3283,462.5,307.5,1
69768,1,2814,2814,228.333,211.667,0
69830,0,3287,3287,462.5,307.5,1
69830,1,2817,2817,228.333,211.667,0
69924,0,3293,3293,462.5,307.5,1
69924,1,2823,2823,228.333,211.667,0
69987,0,3296,3296,462.5,307.5,1
69987,1,2826,2826,228.333,211.667,0
70051,0,3300,3300,462.5,307.5,1
70051,1,2830,2830,228.333,211.667,0
70110,0,3303,3303,462.5,307.5,1
70110,1,2834,2834,228.333,211.667,0
70171,0,3307,3307,462.5,307.5,1
70171,1,2837,2837,228.333,211.667,0
70233,0,3311,3311,462.5,307.5,1
70233,1,2841,2841,228.333,211.667,0
70296,0,3314,3314,462.5,307.5,1
70296,1,2845,2845,228.333,211.667,0
70358,0,3318,3318,462.5,307.5,1
70358,1,2848,2848,228.333,211.667,0
70420,0,3322,3322,462.5,307.5,1
70420,1,2852,2852,228.333,211.667,0
70482,0,3325,3325,462.5,307.5,1
70482,1,2855,2855,228.333,211.667,0
70544,0,3329,3329,462.5,307.5,1
70544,1,2859,2859,228.333,211.667,0
70605,0,3333,3333,462.5,307.5,1
70605,1,2863,2863,228.333,211.667,0
70667,0,3336,3336,462.5,307.5,1
70667,1,2866,2866,228.333,211.667,0
70729,0,3340,3340,462.5,307.5,1
70729,1,2870,2870,228.333,211.667,0
70793,0,3343,3343,462.5,307.5,1
70793,1,2874,2874,228.333,211.667,0
70856,0,3347,3347,462.5,307.5,1
70856,1,2877,2877,228.333,211.667,0
70916,0,3351,3351,462.5,307.5,1
70916,1,2881,2881,228.333,211.667,0
70978,0,3354,3354,462.5,307.5,1
70978,1,2885,2885,228.333,211.667,0
71040,0,3358,3358,462.5,307.5,1
71040,1,2888,2888,228.333,211.667,0
71102,0,3361,3361,462.5,307.5,1
71102,1,2892,2892,228.333,211.667,0
71163,0,3365,3365,462.5,307.5,1
71163,1,2895,2895,228.333,211.667,0
71224,0,3369,3369,462.5,307.5,1
71224,1,2899,2899,228.333,211.667,0
71286,0,3372,3372,462.5,307.5,1
71286,1,2903,2903,228.333,211.667,0
71349,0,3376,3376,462.5,307.5,1
71349,1,2906,2906,228.333,211.667,0
71413,0,3380,3380,462.5,307.5,1
71413,1,2910,2910,228.333,211.667,0
71475,0,3384,3384,462.5,307.5,1
71475,1,2914,2914,228.333,211.667,0
71537,0,3387,3387,462.5,307.5,1
71537,1,2918,2918,228.333,211.667,0
71598,0,3391,3391,462.5,307.5,1
71598,1,2921,2921,228.333,211.667,0
71662,0,3394,3394,462.5,307.5,1
71662,1,2925,2925,228.333,211.667,0
71725,0,3398,3398,462.5,307.5,1
71725,1,2928,2928,228.333,211.667,0
71788,0,3402,3402,462.5,307.5,1
71788,1,2932,2932,228.333,211.667,0
71850,0,3405,3405,462.5,307.5,1
71850,1,2936,2936,228.333,211.667,0
71912,0,3409,3409,462.5,307.5,1
71912,1,2940,2940,228.333,211.667,0
71973,0,3413,3413,462.5,307.5,1
71973,1,2943,2943,228.333,211.667,0
72035,0,3417,3417,462.5,307.5,1
72035,1,2947,2947,228.333,211.667,0
72098,0,3420,3420,462.5,307.5,1
72098,1,2950,2950,228.333,211.667,0
72160,0,3424,3424,462.5,307.5,1
72160,1,2954,2954,228.333,211.667,0
72223,0,3428,3428,462.5,307.5,1
72223,1,2958,2958,228.333,211.667,0
72286,0,3431,3431,462.5,307.5,1
72286,1,2961,2961,228.333,211.667,0
72348,0,3435,3435,462.5,307.5,1
72348,1,2965,2965,228.333,211.667,0
72408,0,3438,3438,462.5,307.5,1
72408,1,2969,2969,228.333,211.667,0
72472,0,3442,3442,462.5,307.5,1
72472,1,2972,2972,228.333,211.667,0
72533,0,3446,3446,462.5,307.5,1
72533,1,2976,2976,228.333,211.667,0
72598,0,3449,3449,462.5,307.5,1
72598,1,2980,2980,228.333,211.667,0
72659,0,3453,3453,462.5,307.5,1
72659,1,2983,2983,228.333,211.667,0
72721,0,3457,3457,462.5,307.5,1
72721,1,2987,2987,228.333,211.667,0
72782,0,3460,3460,462.5,307.5,1
72782,1,2991,2991,228.333,211.667,0
72845,0,3464,3464,462.5,307.5,1
72845,1,2994,2994,228.333,211.667,0
72907,0,3468,3468,467.5,307.5,1
72907,1,2998,2998,231.667,211.667,0
72968,0,3471,3471,475,307.5,1
72968,1,3002,3002,238.333,211.667,0
73030,0,3475,3475,485,307.5,1
73030,1,3005,3005,243.333,211.667,0
73096,0,3478,3478,492.5,307.5,1
73096,1,3009,3009,250,211.667,0
73154,0,3482,3482,502.5,307.5,1
73154,1,3013,3013,256.667,211.667,0
73218,0,3485,3485,510,307.5,1
73218,1,3016,3016,261.667,211.667,0
73279,0,3489,3489,520,307.5,1
73279,1,3020,3020,268.333,211.667,0
73342,0,3493,3493,530,307.5,1
73342,1,3024,3024,275,211.667,0
73404,0,3496,3496,537.5,307.5,1
73404,1,3028,3028,281.667,211.667,0
73466,0,3500,3500,547.5,307.5,1
73466,1,3031,3031,286.667,211.667,0
73529,0,3504,3504,557.5,307.5,1
73529,1,3035,3035,293.333,211.667,0
73592,0,3507,3507,565,307.5,1
73592,1,3039,3039,300,211.667,0
73653,0,3511,3511,575,307.5,1
73653,1,3042,3042,305,211.667,0
73714,0,3515,3515,585,307.5,1
73714,1,3046,3046,311.667,211.667,0
73776,0,3518,3518,592.5,307.5,1
73776,1,3049,3049,316.667,211.667,0
73838,0,3522,3522,602.5,307.5,1
73838,1,3053,3053,323.333,211.667,0
73899,0,3525,3525,610,307.5,1
73899,1,3057,3057,330,211.667,0
73961,0,3529,3529,620,307.5,1
73961,1,3060,3060,335,211.667,0
74024,0,3533,3533,628.536,311.036,1
74024,1,3064,3064,341.179,212.845,0
74084,0,3536,3536,633.84,316.34,1
74084,1,3068,3068,345.893,217.56,0
74147,0,3540,3540,640.912,323.412,1
74147,1,3072,3072,350.608,222.275,0
74209,0,3544,3544,647.984,330.484,1
74209,1,3075,3075,354.144,225.811,0
74272,0,3547,3547,653.289,335.789,1
74272,1,3079,3079,358.859,230.526,0
74334,0,3551,3551,660.361,342.861,1
74334,1,3083,3083,363.574,235.24,0
74396,0,3555,3555,667.433,349.933,1
74396,1,3086,3086,367.11,238.777,0
74459,0,3558,3558,672.737,355.237,1
74459,1,3090,3090,371.825,243.491,0
74522,0,3562,3562,679.809,362.309,1
74522,1,3094,3094,376.539,248.206,0
74585,0,3566,3566,686.881,369.381,1
74585,1,3097,3097,380.075,251.742,0
74647,0,3569,3569,692.185,374.685,1
74647,1,3101,3101,384.79,256.457,0
74708,0,3573,3573,699.257,381.757,1
74708,1,3105,3105,389.505,261.172,0
74771,0,3577,3577,706.33,388.83,1
74771,1,3108,3108,393.041,264.708,0
74832,0,3580,3580,711.634,394.134,1
74832,1,3112,3112,397.756,269.422,0
74894,0,3584,3584,718.706,401.206,1
74894,1,3116,3116,402.471,274.137,0
74956,0,3588,3588,725.778,408.278,1
74956,1,3119,3119,406.007,277.673,0
75016,0,3591,3591,731.082,413.582,1
75016,1,3123,3123,410.721,282.388,0
75079,0,3595,3595,738.154,420.654,1
75079,1,3127,3127,415.436,287.103,0
75142,0,3598,3598,743.458,425.958,1
75142,1,3130,3130,418.972,290.639,0
75205,0,3602,3602,750.53,433.03,1
75205,1,3134,3134,423.687,295.354,0
75266,0,3606,3606,757.603,440.103,1
75266,1,3138,3138,428.402,300.068,0
75328,0,3609,3609,762.907,445.407,1
75328,1,3141,3141,431.938,303.604,0
75390,0,3613,3613,769.979,452.479,1
75390,1,3145,3145,436.653,308.319,0
75453,0,3616,3616,775.283,457.783,1
75453,1,3148,3148,440.189,311.855,0
75515,0,3620,3620,782.355,464.855,1
75515,1,3152,3152,444.903,316.57,0
75577,0,3624,3624,789.427,471.927,1
75577,1,3156,3156,449.618,321.285,0
75639,0,3627,3627,794.731,477.231,1
75639,1,3159,3159,453.154,324.821,0
75701,0,3631,3631,801.803,484.303,1
75701,1,3163,3163,457.869,329.536,0
75763,0,3635,3635,808.876,491.376,1
75763,1,3167,3167,462.584,334.25,0
75827,0,3638,3638,814.18,496.68,1
75827,1,3171,3171,467.298,338.965,0
75888,0,3642,3642,821.252,503.752,1
75888,1,3174,3174,470.835,342.501,0
75951,0,3646,3646,828.324,510.824,1
75951,1,3178,3178,475.549,347.216,0
76013,0,3649,3649,833.628,516.128,1
76013,1,3182,3182,480.264,351.931,0
76075,0,3653,3653,840.7,523.2,1
76075,1,3185,3185,483.8,355.467,0
76140,0,3657,3657,847.772,530.272,1
76140,1,3189,3189,488.515,360.182,0
76202,0,3660,3660,853.076,535.576,1
76202,1,3193,3193,493.23,364.896,0
76265,0,3664,3664,860.149,542.649,1
76265,1,3197,3197,497.944,369.611,0
76326,0,3668,3668,867.221,549.721,1
76326,1,3200,3200,501.48,373.147,0
76390,0,3672,3672,874.293,556.793,1
76390,1,3204,3204,506.195,377.862,0
76454,0,3675,3675,879.597,562.097,1
76454,1,3208,3208,510.91,382.577,0
76516,0,3679,3679,886.669,569.169,1
76516,1,3212,3212,515.625,387.291,0
76578,0,3683,3683,893.741,576.241,1
76578,1,3215,3215,519.161,390.827,0
76642,0,3686,3686,899.045,581.545,1
76642,1,3219,3219,523.876,395.542,0
76704,0,3690,3690,906.117,588.617,1
76704,1,3223,3223,528.59,400.257,0
76766,0,3694,3694,913.19,595.69,1
76766,1,3226,3226,532.126,403.793,0
76830,0,3698,3698,920.262,602.762,1
76830,1,3230,3230,536.841,408.508,0
76893,0,3701,3701,925.566,608.066,1
76893,1,3234,3234,541.556,413.223,0
76956,0,3705,3705,932.638,615.138,1
76956,1,3237,3237,545.092,416.759,0
77017,0,3709,3709,939.71,622.21,1
77017,1,3241,3241,549.807,421.473,0
77080,0,3712,3712,945.014,627.514,1
77080,1,3245,3245,554.521,426.188,0
77142,0,3716,3716,952.086,634.586,1
77142,1,3248,3248,558.058,429.724,0
77206,0,3720,3720,959.158,641.658,1
77206,1,3252,3252,562.772,434.439,0
77267,0,3723,3723,964.463,646.963,1
77267,1,3256,3256,567.487,439.154,0
77328,0,3727,3727,971.535,654.035,1
77328,1,3259,3259,571.023,442.69,0
77391,0,3731,3731,978.607,661.107,1
77391,1,3263,3263,575.738,447.405,0
77452,0,3734,3734,986.107,661.107,1
77452,1,3267,3267,581.917,448.583,0
77514,0,3738,3738,995.833,661.107,1
77514,1,3270,3270,586.917,448.583,0
77577,0,3742,3742,995.833,661.107,1
77577,1,3274,3274,593.583,448.583,0
77639,0,3745,3745,995.833,661.107,1
77639,1,3278,3278,600.25,448.583,0
77703,0,3749,3749,995.833,661.107,1
77703,1,3281,3281,600.25,448.583,0
77764,0,3753,3753,995.833,661.107,1
77764,1,3285,3285,600.25,448.583,0
77828,0,3756,3756,995.833,661.107,1
77828,1,3289,3289,600.25,448.583,0
77891,0,3760,3760,995.833,661.107,1
77891,1,3293,3293,600.25,448.583,0
77952,0,3764,3764,995.833,661.107,1
77952,1,3296,3296,600.25,448.583,0
78015,0,3767,3767,995.833,661.107,1
78015,1,3300,3300,600.25,448.583,0
78108,0,3773,3773,995.833,661.107,1
78108,1,3305,3305,600.25,448.583,0
78169,0,3776,3776,995.833,661.107,1
78169,1,3309,3309,600.25,448.583,0
78232,0,3780,3780,993.333,661.107,1
78232,1,3312,3312,600.25,448.583,0
78294,0,3784,3784,983.333,661.107,1
78294,1,3316,3316,593.583,448.583,0
78356,0,3787,3787,975.833,661.107,1
78356,1,3320,3320,586.917,448.583,0
78417,0,3791,3791,965.833,661.107,1
78417,1,3323,3323,581.917,448.583,0
78480,0,3795,3795,955.833,661.107,1
78480,1,3327,3327,575.25,448.583,0
78541,0,3798,3798,948.333,661.107,1
78541,1,3331,3331,568.583,448.583,0
78603,0,3802,3802,938.333,661.107,1
78603,1,3334,3334,563.583,448.583,0
78665,0,3806,3806,928.333,661.107,1
78665,1,3338,3338,556.917,448.583,0
78728,0,3809,3809,920.833,661.107,1
78728,1,3342,3342,550.25,448.583,0
78791,0,3813,3813,910.833,661.107,1
78791,1,3345,3345,545.25,448.583,0
78853,0,3817,3817,900.833,661.107,1
78853,1,3349,3349,538.583,448.583,0
78915,0,3820,3820,893.333,661.107,1
78915,1,3353,3353,531.917,448.583,0
78978,0,3824,3824,883.333,661.107,1
78978,1,3356,3356,526.917,448.583,0
79039,0,3827,3827,875.833,661.107,1
79039,1,3360,3360,520.25,448.583,0
79101,0,3831,3831,865.833,661.107,1
79101,1,3363,3363,515.25,448.583,0
79163,0,3835,3835,855.833,661.107,1
79163,1,3367,3367,508.583,448.583,0
79226,0,3838,3838,849.797,657.571,1
79226,1,3371,3371,503.38,445.047,0
79289,0,3842,3842,842.725,650.499,1
79289,1,3375,3375,498.666,440.332,0
79350,0,3846,3846,835.653,643.426,1
79350,1,3378,3378,495.13,436.796,0
79412,0,3849,3849,830.349,638.122,1
79412,1,3382,3382,490.415,432.082,0
79473,0,3853,3853,823.277,631.05,1
79473,1,3386,3386,485.7,427.367,0
79535,0,3857,3857,816.205,623.978,1
79535,1,3389,3389,482.164,423.831,0
79599,0,3860,3860,810.901,618.674,1
79599,1,3393,3393,477.449,419.116,0
79662,0,3864,3864,803.828,611.602,1
79662,1,3397,3397,472.735,414.401,0
79722,0,3867,3867,798.524,606.298,1
79722,1,3400,3400,469.198,410.865,0
79785,0,3871,3871,791.452,599.226,1
79785,1,3404,3404,464.484,406.15,0
79847,0,3875,3875,784.38,592.153,1
79847,1,3407,3407,460.948,402.614,0
79910,0,3879,3879,777.308,585.081,1
79910,1,3411,3411,456.233,397.9,0
79972,0,3882,3882,772.004,579.777,1
79972,1,3415,3415,451.518,393.185,0
80034,0,3886,3886,764.932,572.705,1
80034,1,3418,3418,447.982,389.649,0
80096,0,3890,3890,755.664,570.937,1
80096,1,3422,3422,441.803,388.47,0
80158,0,3893,3893,748.164,570.937,1
80158,1,3426,3426,435.137,388.47,0
80220,0,3897,3897,738.164,570.937,1
80220,1,3429,3429,430.137,388.47,0
80281,0,3900,3900,730.664,570.937,1
80281,1,3433,3433,423.47,388.47,0
80343,0,3904,3904,720.664,570.937,1
80343,1,3437,3437,416.803,388.47,0
80406,0,3908,3908,710.664,570.937,1
80406,1,3440,3440,411.803,388.47,0
80468,0,3911,3911,703.164,570.937,1
80468,1,3444,3444,405.137,388.47,0
80530,0,3915,3915,693.164,570.937,1
80530,1,3448,3448,398.47,388.47,0
80593,0,3919,3919,683.164,570.937,1
80593,1,3451,3451,393.47,388.47,0
80656,0,3922,3922,675.664,570.937,1
80656,1,3455,3455,386.803,388.47,0
80717,0,3926,3926,665.664,570.937,1
80717,1,3459,3459,380.137,388.47,0
80780,0,3930,3930,655.664,570.937,1
80780,1,3462,3462,375.137,388.47,0
80843,0,3933,3933,648.164,570.937,1
80843,1,3466,3466,368.47,388.47,0
80905,0,3937,3937,638.164,570.937,1
80905,1,3469,3469,363.47,388.47,0
80967,0,3941,3941,631.091,578.009,1
80967,1,3473,3473,358.755,393.185,0
81028,0,3944,3944,625.787,583.313,1
81028,1,3477,3477,354.041,397.9,0
81091,0,3948,3948,618.715,590.385,1
81091,1,3481,3481,349.326,402.614,0
81154,0,3952,3952,611.643,597.458,1
81154,1,3484,3484,345.79,406.15,0
81216,0,3955,3955,606.339,602.762,1
81216,1,3488,3488,341.075,410.865,0
81278,0,3959,3959,599.267,609.834,1
81278,1,3491,3491,337.539,414.401,0
81340,0,3963,3963,592.195,616.906,1
81340,1,3495,3495,332.824,419.116,0
81402,0,3966,3966,586.891,622.21,1
81402,1,3499,3499,328.109,423.831,0
81464,0,3970,3970,579.818,629.282,1
81464,1,3502,3502,324.573,427.367,0
81526,0,3974,3974,572.746,636.354,1
81526,1,3506,3506,319.859,432.082,0
81589,0,3977,3977,567.442,641.658,1
81589,1,3510,3510,315.144,436.796,0
81650,0,3981,3981,560.37,648.731,1
81650,1,3513,3513,311.608,440.332,0
81713,0,3984,3984,555.066,654.035,1
81713,1,3517,3517,306.893,445.047,0
81774,0,3988,3988,547.994,661.107,1
81774,1,3521,3521,302.178,449.762,0
81837,0,3992,3992,540.922,668.179,1
81837,1,3524,3524,298.642,453.298,0
81899,0,3995,3995,535.618,673.483,1
81899,1,3528,3528,293.927,458.013,0
81962,0,3999,3999,528.545,680.555,1
81962,1,3532,3532,289.213,462.727,0
82024,0,4003,4003,521.473,687.627,1
82024,1,3535,3535,285.677,466.264,0
82087,0,4006,4006,516.169,692.931,1
82087,1,3539,3539,280.962,470.978,0
82151,0,4010,4010,506.901,694.699,1
82151,1,3543,3543,274.295,470.978,0
82215,0,4014,4014,496.901,694.699,1
82215,1,3547,3547,267.628,470.978,0
82277,0,4018,4018,486.901,694.699,1
82277,1,3550,3550,262.628,470.978,0
82339,0,4021,4021,479.401,694.699,1
82339,1,3554,3554,255.962,470.978,0
82402,0,4025,4025,469.401,694.699,1
82402,1,3558,3558,249.295,470.978,0
82464,0,4028,4028,461.901,694.699,1
82464,1,3561,3561,244.295,470.978,0
82527,0,4032,4032,451.901,694.699,1
82527,1,3565,3565,237.628,470.978,0
82590,0,4036,4036,441.901,694.699,1
82590,1,3569,3569,230.962,470.978,0
82652,0,4039,4039,434.401,694.699,1
82652,1,3572,3572,225.962,470.978,0
82714,0,4043,4043,425.133,692.931,1
82714,1,3576,3576,219.783,469.8,0
82778,0,4046,4046,419.829,687.627,1
82778,1,3579,3579,216.247,466.264,0
82840,0,4050,4050,412.757,680.555,1
82840,1,3583,3583,211.532,461.549,0
82904,0,4054,4054,403.489,678.787,1
82904,1,3587,3587,205.354,460.37,0
82965,0,4057,4057,395.989,678.787,1
82965,1,3590,3590,200.354,460.37,0
83029,0,4061,4061,385.989,678.787,1
83029,1,3594,3594,193.687,460.37,0
83090,0,4064,4064,378.489,678.787,1
83090,1,3598,3598,187.02,460.37,0
83151,0,4068,4068,368.489,678.787,1
83151,1,3601,3601,182.02,460.37,0
83213,0,4072,4072,358.489,678.787,1
83213,1,3605,3605,175.354,460.37,0
83276,0,4075,4075,350.989,678.787,1
83276,1,3608,3608,170.354,460.37,0
83337,0,4079,4079,350.989,678.787,1
83337,1,3612,3612,170.354,460.37,0
83400,0,4083,4083,350.989,678.787,1
83400,1,3616,3616,170.354,460.37,0
83464,0,4086,4086,350.989,678.787,1
83464,1,3619,3619,170.354,460.37,0
83556,0,4092,4092,350.989,678.787,1
83556,1,3625,3625,170.354,460.37,0
83619,0,4095,4095,350.989,678.787,1
83619,1,3628,3628,170.354,460.37,0
83681,0,4099,4099,350.989,678.787,1
83681,1,3632,3632,170.354,460.37,0
83742,0,4103,4103,350.989,678.787,1
83742,1,3636,3636,170.354,460.37,0
83804,0,4106,4106,348.489,678.787,1
83804,1,3639,3639,168.687,460.37,0
83867,0,4110,4110,338.489,678.787,1
83867,1,3643,3643,162.02,460.37,0
83929,0,4113,4113,330.989,678.787,1
83929,1,3647,3647,155.354,460.37,0
83990,0,4117,4117,320.989,678.787,1
83990,1,3651,3651,148.687,460.37,0
84052,0,4121,4121,310.989,678.787,1
84052,1,3654,3654,143.687,460.37,0
84114,0,4124,4124,303.489,678.787,1
84114,1,3658,3658,137.02,460.37,0
84177,0,4128,4128,293.489,678.787,1
84177,1,3662,3662,130.354,460.37,0
84239,0,4132,4132,283.489,678.787,1
84239,1,3665,3665,125.354,460.37,0
84302,0,4136,4136,273.489,678.787,1
84302,1,3669,3669,118.687,460.37,0
84364,0,4139,4139,265.989,678.787,1
84364,1,3673,3673,112.02,460.37,0
84426,0,4143,4143,255.989,678.787,1
84426,1,3676,3676,107.02,460.37,0
84488,0,4147,4147,246.721,680.555,1
84488,1,3680,3680,100.842,461.549,0
84550,0,4150,4150,241.417,685.859,1
84550,1,3684,3684,96.1268,466.264,0
84613,0,4154,4154,241.417,695.859,1
84613,1,3687,3687,96.1268,471.264,0
84675,0,4158,4158,241.417,695.859,1
84675,1,3691,3691,96.1268,471.264,0
84737,0,4161,4161,241.417,695.859,1
84737,1,3695,3695,96.1268,471.264,0
84800,0,4165,4165,241.417,695.859,1
84800,1,3698,3698,96.1268,471.264,0
84862,0,4169,4169,241.417,695.859,1
84862,1,3702,3702,96.1268,471.264,0
84925,0,4172,4172,241.417,695.859,1
84925,1,3706,3706,96.1268,471.264,0
84987,0,4176,4176,241.417,695.859,1
84987,1,3710,3710,96.1268,471.264,0
85048,0,4180,4180,241.417,695.859,1
85048,1,3713,3713,96.1268,471.264,0
85109,0,4183,4183,241.417,695.859,1
85109,1,3717,3717,96.1268,471.264,0
85172,0,4187,4187,241.417,695.859,1
85172,1,3721,3721,96.1268,471.264,0
85235,0,4190,4190,241.417,695.859,1
85235,1,3724,3724,96.1268,471.264,0
85297,0,4194,4194,241.417,695.859,1
85297,1,3728,3728,96.1268,471.264,0
85359,0,4198,4198,241.417,695.859,1
85359,1,3731,3731,96.1268,471.264,0
85423,0,4201,4201,241.417,695.859,1
85423,1,3735,3735,96.1268,471.264,0
85485,0,4205,4205,241.417,695.859,1
85485,1,3739,3739,96.1268,471.264,0
85546,0,4209,4209,241.417,695.859,1
85546,1,3742,3742,96.1268,471.264,0
85609,0,4212,4212,241.417,695.859,1
85609,1,3746,3746,96.1268,471.264,0
85672,0,4216,4216,241.417,695.859,1
85672,1,3750,3750,96.1268,471.264,0
85733,0,4220,4220,241.417,695.859,1
85733,1,3753,3753,96.1268,471.264,0
85794,0,4223,4223,241.417,695.859,1
85794,1,3757,3757,96.1268,471.264,0
85856,0,4227,4227,241.417,695.859,1
85856,1,3761,3761,96.1268,471.264,0
85918,0,4231,4231,241.417,695.859,1
85918,1,3764,3764,96.1268,471.264,0
85980,0,4234,4234,241.417,695.859,1
85980,1,3768,3768,96.1268,471.264,0
86042,0,4238,4238,241.417,695.859,1
86042,1,3772,3772,96.1268,471.264,0
86105,0,4242,4242,241.417,695.859,1
86105,1,3775,3775,96.1268,471.264,0
86167,0,4245,4245,241.417,695.859,1
86167,1,3779,3779,96.1268,471.264,0
86230,0,4249,4249,241.417,695.859,1
86230,1,3783,3783,96.1268,471.264,0
86292,0,4253,4253,241.417,695.859,1
86292,1,3786,3786,96.1268,471.264,0
86355,0,4256,4256,241.417,695.859,1
86355,1,3790,3790,96.1268,471.264,0
86418,0,4260,4260,241.417,695.859,1
86418,1,3794,3794,96.1268,471.264,0
86480,0,4264,4264,241.417,695.859,1
86480,1,3798,3798,96.1268,471.264,0
86541,0,4267,4267,241.417,695.859,1
86541,1,3801,3801,96.1268,471.264,0
86603,0,4271,4271,241.417,695.859,1
86603,1,3805,3805,96.1268,471.264,0
86666,0,4275,4275,241.417,695.859,1
86666,1,3809,3809,96.1268,471.264,0
86728,0,4278,4278,241.417,695.859,1
86728,1,3812,3812,96.1268,471.264,0
86789,0,4282,4282,241.417,695.859,1
86789,1,3816,3816,96.1268,471.264,0
86850,0,4286,4286,241.417,695.859,1
86850,1,3819,3819,96.1268,471.264,0
86914,0,4289,4289,241.417,695.859,1
86914,1,3823,3823,96.1268,471.264,0
86975,0,4293,4293,241.417,695.859,1
86975,1,3826,3826,96.1268,471.264,0
87036,0,4297,4297,241.417,695.859,1
87036,1,3830,3830,96.1268,471.264,0
87098,0,4300,4300,241.417,695.859,1
87098,1,3834,3834,96.1268,471.264,0
87160,0,4304,4304,241.417,695.859,1
87160,1,3837,3837,96.1268,471.264,0
87223,0,4307,4307,241.417,695.859,1
87223,1,3841,3841,96.1268,471.264,0
87286,0,4311,4311,241.417,695.859,1
87286,1,3845,3845,96.1268,471.264,0
87348,0,4315,4315,241.417,695.859,1
87348,1,3848,3848,96.1268,471.264,0
87410,0,4318,4318,241.417,695.859,1
87410,1,3852,3852,96.1268,471.264,0
87471,0,4322,4322,241.417,695.859,1
87471,1,3856,3856,96.1268,471.264,0
87533,0,4325,4325,241.417,695.859,1
87533,1,3859,3859,96.1268,471.264,0
87595,0,4329,4329,241.417,695.859,1
87595,1,3863,3863,96.1268,471.264,0
87658,0,4333,4333,241.417,695.859,1
87658,1,3867,3867,96.1268,471.264,0
87722,0,4337,4337,241.417,695.859,1
87722,1,3870,3870,96.1268,471.264,0
87784,0,4340,4340,241.417,695.859,1
87784,1,3874,3874,96.1268,471.264,0
87846,0,4344,4344,241.417,695.859,1
87846,1,3878,3878,96.1268,471.264,0
87908,0,4348,4348,241.417,695.859,1
87908,1,3881,3881,96.1268,471.264,0
87970,0,4351,4351,241.417,695.859,1
87970,1,3885,3885,96.1268,471.264,0
88032,0,4355,4355,241.417,695.859,1
88032,1,3889,3889,96.1268,471.264,0
88094,0,4359,4359,241.417,695.859,1
88094,1,3892,3892,96.1268,471.264,0
88155,0,4362,4362,241.417,695.859,1
88155,1,3896,3896,96.1268,471.264,0
88217,0,4366,4366,241.417,695.859,1
88217,1,3900,3900,96.1268,471.264,0
88278,0,4369,4369,241.417,695.859,1
88278,1,3903,3903,96.1268,471.264,0
88341,0,4373,4373,241.417,695.859,1
88341,1,3907,3907,96.1268,471.264,0
88404,0,4377,4377,241.417,695.859,1
88404,1,3911,3911,96.1268,471.264,0
88465,0,4380,4380,241.417,695.859,1
88465,1,3914,3914,96.1268,471.264,0
88528,0,4384,4384,241.417,695.859,1
88528,1,3918,3918,96.1268,471.264,0
88590,0,4387,4387,241.417,695.859,1
88590,1,3922,3922,96.1268,471.264,0
88651,0,4391,4391,241.417,695.859,1
88651,1,3925,3925,96.1268,471.264,0
88714,0,4395,4395,241.417,695.859,1
88714,1,3929,3929,96.1268,471.264,0
88775,0,4398,4398,241.417,695.859,1
88775,1,3932,3932,96.1268,471.264,0
88837,0,4402,4402,241.417,695.859,1
88837,1,3936,3936,96.1268,471.264,0
88899,0,4406,4406,241.417,695.859,1
88899,1,3940,3940,96.1268,471.264,0
88963,0,4409,4409,241.417,695.859,1
88963,1,3943,3943,96.1268,471.264,0
89025,0,4413,4413,241.417,695.859,1
89025,1,3947,3947,96.1268,471.264,0
89086,0,4416,4416,241.417,695.859,1
89086,1,3950,3950,96.1268,471.264,0
89148,0,4420,4420,241.417,695.859,1
89148,1,3954,3954,96.1268,471.264,0
89210,0,4424,4424,241.417,695.859,1
89210,1,3958,3958,96.1268,471.264,0
89276,0,4427,4427,241.417,695.859,1
89276,1,3961,3961,96.1268,471.264,0
89332,0,4431,4431,241.417,695.859,1
89332,1,3965,3965,96.1268,471.264,0
89394,0,4434,4434,241.417,695.859,1
89394,1,3968,3968,96.1268,471.264,0
89456,0,4438,4438,241.417,695.859,1
89456,1,3972,3972,96.1268,471.264,0
89518,0,4441,4441,241.417,695.859,1
89518,1,3976,3976,96.1268,471.264,0
89581,0,4445,4445,241.417,695.859,1
89581,1,3979,3979,96.1268,471.264,0
89644,0,4449,4449,241.417,695.859,1
89644,1,3983,3983,96.1268,471.264,0
89705,0,4452,4452,241.417,695.859,1
89705,1,3986,3986,96.1268,471.264,0
89768,0,4456,4456,241.417,695.859,1
89768,1,3990,3990,96.1268,471.264,0
89829,0,4460,4460,241.417,695.859,1
89829,1,3994,3994,96.1268,471.264,0
89892,0,4463,4463,241.417,695.859,1
89892,1,3997,3997,96.1268,471.264,0
89953,0,4467,4467,241.417,695.859,1
89953,1,4001,4001,96.1268,471.264,0
90015,0,4470,4470,241.417,695.859,1
90015,1,4005,4005,96.1268,471.264,0
90078,0,4474,4474,241.417,695.859,1
90078,1,4008,4008,96.1268,471.264,0
90141,0,4478,4478,241.417,695.859,1
90141,1,4012,4012,96.1268,471.264,0
90203,0,4481,4481,241.417,695.859,1
90203,1,4016,4016,96.1268,471.264,0
90265,0,4485,4485,241.417,695.859,1
90265,1,4020,4020,96.1268,471.264,0
90327,0,4489,4489,241.417,695.859,1
90327,1,4023,4023,96.1268,471.264,0
90389,0,4492,4492,241.417,695.859,1
90389,1,4027,4027,96.1268,471.264,0
90450,0,4496,4496,241.417,695.859,1
90450,1,4030,4030,96.1268,471.264,0
90514,0,4500,4500,241.417,695.859,1
90514,1,4034,4034,96.1268,471.264,0
90576,0,4503,4503,241.417,695.859,1
90576,1,4038,4038,96.1268,471.264,0
90639,0,4507,4507,241.417,695.859,1
90639,1,4042,4042,96.1268,471.264,0
90699,0,4510,4510,241.417,695.859,1
90699,1,4045,4045,96.1268,471.264,0
90761,0,4514,4514,241.417,695.859,1
90761,1,4049,4049,96.1268,471.264,0
90825,0,4518,4518,241.417,695.859,1
90825,1,4052,4052,96.1268,471.264,0
90886,0,4522,4522,241.417,695.859,1
90886,1,4056,4056,96.1268,471.264,0
90949,0,4525,4525,241.417,695.859,1
90949,1,4060,4060,96.1268,471.264,0
91011,0,4529,4529,241.417,695.859,1
91011,1,4063,4063,96.1268,471.264,0
91074,0,4533,4533,241.417,695.859,1
91074,1,4067,4067,96.1268,471.264,0
91136,0,4536,4536,241.417,695.859,1
91136,1,4071,4071,96.1268,471.264,0
91198,0,4540,4540,241.417,695.859,1
91198,1,4075,4075,96.1268,471.264,0
91260,0,4543,4543,241.417,695.859,1
91260,1,4078,4078,96.1268,471.264,0
91322,0,4547,4547,241.417,695.859,1
91322,1,4082,4082,96.1268,471.264,0
91385,0,4551,4551,241.417,695.859,1
91385,1,4085,4085,96.1268,471.264,0
91448,0,4554,4554,241.417,695.859,1
91448,1,4089,4089,96.1268,471.264,0
91510,0,4558,4558,241.417,695.859,1
91510,1,4093,4093,96.1268,471.264,0
91572,0,4562,4562,241.417,695.859,1
91572,1,4096,4096,96.1268,471.264,0
91635,0,4565,4565,241.417,695.859,1
91635,1,4100,4100,96.1268,471.264,0
91697,0,4569,4569,241.417,695.859,1
91697,1,4104,4104,96.1268,471.264,0
91759,0,4573,4573,241.417,695.859,1
91759,1,4107,4107,96.1268,471.264,0
91822,0,4576,4576,241.417,695.859,1
91822,1,4111,4111,96.1268,471.264,0
91885,0,4580,4580,241.417,695.859,1
91885,1,4115,4115,96.1268,471.264,0
91946,0,4584,4584,241.417,695.859,1
91946,1,4118,4118,96.1268,471.264,0
92008,0,4587,4587,241.417,695.859,1
92008,1,4122,4122,96.1268,471.264,0
92072,0,4591,4591,241.417,695.859,1
92072,1,4126,4126,96.1268,471.264,0
92134,0,4594,4594,241.417,695.859,1
92134,1,4130,4130,96.1268,471.264,0
92197,0,4598,4598,241.417,695.859,1
92197,1,4133,4133,96.1268,471.264,0
92259,0,4602,4602,241.417,695.859,1
92259,1,4137,4137,96.1268,471.264,0
92321,0,4605,4605,241.417,695.859,1
92321,1,4140,4140,96.1268,471.264,0
92384,0,4609,4609,241.417,695.859,1
92384,1,4144,4144,96.1268,471.264,0
92446,0,4613,4613,241.417,695.859,1
92446,1,4148,4148,96.1268,471.264,0
92510,0,4616,4616,241.417,695.859,1
92510,1,4151,4151,96.1268,471.264,0
92572,0,4620,4620,241.417,695.859,1
92572,1,4155,4155,96.1268,471.264,0
92633,0,4623,4623,241.417,695.859,1
92633,1,4159,4159,96.1268,471.264,0
92695,0,4627,4627,241.417,695.859,1
92695,1,4162,4162,96.1268,471.264,0
92757,0,4630,4630,241.417,695.859,1
92757,1,4166,4166,96.1268,471.264,0
92819,0,4634,4634,241.417,695.859,1
92819,1,4170,4170,96.1268,471.264,0
92882,0,4638,4638,241.417,695.859,1
92882,1,4173,4173,96.1268,471.264,0
92945,0,4641,4641,241.417,695.859,1
92945,1,4177,4177,96.1268,471.264,0
93008,0,4645,4645,241.417,695.859,1
93008,1,4181,4181,96.1268,471.264,0
93101,0,4650,4650,241.417,695.859,1
93101,1,4186,4186,96.1268,471.264,0
93163,0,4654,4654,241.417,695.859,1
93163,1,4190,4190,96.1268,471.264,0
93225,0,4658,4658,241.417,695.859,1
93225,1,4194,4194,96.1268,471.264,0
93288,0,4661,4661,241.417,695.859,1
93288,1,4197,4197,96.1268,471.264,0
93350,0,4665,4665,241.417,695.859,1
93350,1,4201,4201,96.1268,471.264,0
93412,0,4669,4669,241.417,695.859,1
93412,1,4205,4205,96.1268,471.264,0
93474,0,4672,4672,241.417,695.859,1
93474,1,4208,4208,96.1268,471.264,0
93536,0,4676,4676,241.417,695.859,1
93536,1,4212,4212,96.1268,471.264,0
93598,0,4679,4679,241.417,695.859,1
93598,1,4215,4215,96.1268,471.264,0
93659,0,4683,4683,241.417,695.859,1
93659,1,4219,4219,96.1268,471.264,0
93722,0,4686,4686,241.417,695.859,1
93722,1,4223,4223,96.1268,471.264,0
93783,0,4690,4690,241.417,695.859,1
93783,1,4226,4226,96.1268,471.264,0
93845,0,4693,4693,241.417,695.859,1
93845,1,4230,4230,96.1268,471.264,0
93907,0,4697,4697,241.417,695.859,1
93907,1,4233,4233,96.1268,471.264,0
93968,0,4701,4701,241.417,695.859,1
93968,1,4237,4237,96.1268,471.264,0
94031,0,4704,4704,241.417,695.859,1
94031,1,4241,4241,96.1268,471.264,0
94093,0,4708,4708,241.417,695.859,1
94093,1,4245,4245,96.1268,471.264,0
94156,0,4712,4712,241.417,695.859,1
94156,1,4248,4248,96.1268,471.264,0
94218,0,4715,4715,241.417,695.859,1
94218,1,4252,4252,96.1268,471.264,0
94281,0,4719,4719,241.417,695.859,1
94281,1,4255,4255,96.1268,471.264,0
94342,0,4722,4722,241.417,695.859,1
94342,1,4259,4259,96.1268,471.264,0
94404,0,4726,4726,241.417,695.859,1
94404,1,4263,4263,96.1268,471.264,0
94465,0,4729,4729,241.417,695.859,1
94465,1,4266,4266,96.1268,471.264,0
94528,0,4733,4733,241.417,695.859,1
94528,1,4270,4270,96.1268,471.264,0
94589,0,4737,4737,241.417,695.859,1
94589,1,4274,4274,96.1268,471.264,0
94651,0,4740,4740,241.417,695.859,1
94651,1,4278,4278,96.1268,471.264,0
94715,0,4744,4744,241.417,695.859,1
94715,1,4281,4281,96.1268,471.264,0
94777,0,4748,4748,241.417,695.859,1
94777,1,4285,4285,96.1268,471.264,0
94839,0,4752,4752,241.417,695.859,1
94839,1,4289,4289,96.1268,471.264,0
94903,0,4755,4755,241.417,695.859,1
94903,1,4293,4293,96.1268,471.264,0
94964,0,4759,4759,241.417,695.859,1
94964,1,4296,4296,96.1268,471.264,0
95026,0,4763,4763,241.417,695.859,1
95026,1,4300,4300,96.1268,471.264,0
95090,0,4766,4766,241.417,695.859,1
95090,1,4303,4303,96.1268,471.264,0
95151,0,4770,4770,241.417,695.859,1
95151,1,4307,4307,96.1268,471.264,0
95214,0,4774,4774,241.417,695.859,1
95214,1,4311,4311,96.1268,471.264,0
95277,0,4777,4777,241.417,695.859,1
95277,1,4315,4315,96.1268,471.264,0
95339,0,4781,4781,241.417,695.859,1
95339,1,4318,4318,96.1268,471.264,0
95402,0,4785,4785,241.417,695.859,1
95402,1,4322,4322,96.1268,471.264,0
95463,0,4788,4788,241.417,695.859,1
95463,1,4325,4325,96.1268,471.264,0
95526,0,4792,4792,241.417,695.859,1
95526,1,4329,4329,96.1268,471.264,0
95588,0,4796,4796,241.417,695.859,1
95588,1,4333,4333,96.1268,471.264,0
95651,0,4799,4799,241.417,695.859,1
95651,1,4337,4337,96.1268,471.264,0
95714,0,4803,4803,241.417,695.859,1
95714,1,4340,4340,96.1268,471.264,0
95777,0,4807,4807,241.417,695.859,1
95777,1,4344,4344,96.1268,471.264,0
95838,0,4810,4810,241.417,695.859,1
95838,1,4347,4347,96.1268,471.264,0
95901,0,4814,4814,241.417,695.859,1
95901,1,4351,4351,96.1268,471.264,0
95962,0,4817,4817,241.417,695.859,1
95962,1,4355,4355,96.1268,471.264,0
96025,0,4821,4821,241.417,695.859,1
96025,1,4358,4358,96.1268,471.264,0
96087,0,4825,4825,241.417,695.859,1
96087,1,4362,4362,96.1268,471.264,0
96151,0,4829,4829,241.417,695.859,1
96151,1,4366,4366,96.1268,471.264,0
96216,0,4832,4832,241.417,695.859,1
96216,1,4370,4370,96.1268,471.264,0
96277,0,4836,4836,241.417,695.859,1
96277,1,4373,4373,96.1268,471.264,0
96338,0,4839,4839,241.417,695.859,1
96338,1,4377,4377,96.1268,471.264,0
96400,0,4843,4843,241.417,695.859,1
96400,1,4381,4381,96.1268,471.264,0
96463,0,4847,4847,241.417,695.859,1
96463,1,4385,4385,96.1268,471.264,0
96525,0,4850,4850,241.417,695.859,1
96525,1,4388,4388,96.1268,471.264,0
96588,0,4854,4854,241.417,695.859,1
96588,1,4392,4392,96.1268,471.264,0
96651,0,4858,4858,241.417,695.859,1
96651,1,4396,4396,96.1268,471.264,0
96714,0,4862,4862,241.417,695.859,1
96714,1,4399,4399,96.1268,471.264,0
96774,0,4865,4865,241.417,695.859,1
96774,1,4403,4403,96.1268,471.264,0
96838,0,4869,4869,241.417,695.859,1
96838,1,4406,4406,96.1268,471.264,0
96901,0,4873,4873,241.417,695.859,1
96901,1,4410,4410,96.1268,471.264,0
96963,0,4876,4876,241.417,695.859,1
96963,1,4414,4414,96.1268,471.264,0
97024,0,4880,4880,241.417,695.859,1
97024,1,4417,4417,96.1268,471.264,0
97086,0,4884,4884,241.417,695.859,1
97086,1,4421,4421,96.1268,471.264,0
97150,0,4887,4887,241.417,695.859,1
97150,1,4425,4425,96.1268,471.264,0
97213,0,4891,4891,241.417,695.859,1
97213,1,4428,4428,96.1268,471.264,0
97274,0,4894,4894,241.417,695.859,1
97274,1,4432,4432,96.1268,471.264,0
97336,0,4898,4898,241.417,695.859,1
97336,1,4436,4436,96.1268,471.264,0
97399,0,4902,4902,241.417,695.859,1
97399,1,4439,4439,96.1268,471.264,0
97459,0,4905,4905,241.417,695.859,1
97459,1,4443,4443,96.1268,471.264,0
97523,0,4909,4909,241.417,695.859,1
97523,1,4447,4447,96.1268,471.264,0
97585,0,4912,4912,241.417,695.859,1
97585,1,4450,4450,96.1268,471.264,0
97647,0,4916,4916,241.417,695.859,1
97647,1,4454,4454,96.1268,471.264,0
97710,0,4919,4919,241.417,695.859,1
97710,1,4457,4457,96.1268,471.264,0
97771,0,4923,4923,241.417,695.859,1
97771,1,4461,4461,96.1268,471.264,0
97835,0,4927,4927,241.417,695.859,1
97835,1,4465,4465,96.1268,471.264,0
97896,0,4930,4930,241.417,695.859,1
97896,1,4468,4468,96.1268,471.264,0
97960,0,4934,4934,241.417,695.859,1
97960,1,4472,4472,96.1268,471.264,0
98022,0,4937,4937,241.417,695.859,1
98022,1,4476,4476,96.1268,471.264,0
98083,0,4941,4941,241.417,695.859,1
98083,1,4480,4480,96.1268,471.264,0
98146,0,4945,4945,241.417,695.859,1
98146,1,4483,4483,96.1268,471.264,0
98208,0,4948,4948,241.417,695.859,1
98208,1,4487,4487,96.1268,471.264,0
98270,0,4952,4952,241.417,695.859,1
98270,1,4491,4491,96.1268,471.264,0
98332,0,4955,4955,241.417,695.859,1
98332,1,4494,4494,96.1268,471.264,0
98394,0,4959,4959,241.417,695.859,1
98394,1,4498,4498,96.1268,471.264,0
98457,0,4963,4963,241.417,695.859,1
98457,1,4502,4502,96.1268,471.264,0
98548,0,4968,4968,241.417,695.859,1
98548,1,4507,4507,96.1268,471.264,0
98612,0,4972,4972,241.417,695.859,1
98612,1,4511,4511,96.1268,471.264,0
98675,0,4976,4976,241.417,695.859,1
98675,1,4515,4515,96.1268,471.264,0
98736,0,4979,4979,241.417,695.859,1
98736,1,4518,4518,96.1268,471.264,0
98799,0,4983,4983,241.417,695.859,1
98799,1,4522,4522,96.1268,471.264,0
98862,0,4987,4987,241.417,695.859,1
98862,1,4526,4526,96.1268,471.264,0
98925,0,4990,4990,241.417,695.859,1
98925,1,4529,4529,96.1268,471.264,0
98987,0,4994,4994,241.417,695.859,1
98987,1,4533,4533,96.1268,471.264,0
99050,0,4998,4998,241.417,695.859,1
99050,1,4537,4537,96.1268,471.264,0
99111,0,5001,5001,241.417,695.859,1
99111,1,4540,4540,96.1268,471.264,0
99172,0,5005,5005,241.417,695.859,1
99172,1,4544,4544,96.1268,471.264,0
99236,0,5008,5008,241.417,695.859,1
99236,1,4547,4547,96.1268,471.264,0
99298,0,5012,5012,241.417,695.859,1
99298,1,4551,4551,96.1268,471.264,0
99361,0,5016,5016,241.417,695.859,1
99361,1,4555,4555,96.1268,471.264,0
99422,0,5019,5019,241.417,695.859,1
99422,1,4558,4558,96.1268,471.264,0
99484,0,5023,5023,241.417,695.859,1
99484,1,4562,4562,96.1268,471.264,0
99546,0,5026,5026,241.417,695.859,1
99546,1,4566,4566,96.1268,471.264,0
99607,0,5030,5030,241.417,695.859,1
99607,1,4569,4569,96.1268,471.264,0
99670,0,5034,5034,241.417,695.859,1
99670,1,4573,4573,96.1268,471.264,0
99732,0,5037,5037,241.417,695.859,1
99732,1,4577,4577,96.1268,471.264,0
99795,0,5041,5041,241.417,695.859,1
99795,1,4580,4580,96.1268,471.264,0
99858,0,5045,5045,241.417,695.859,1
99858,1,4584,4584,96.1268,471.264,0
99919,0,5048,5048,241.417,695.859,1
99919,1,4588,4588,96.1268,471.264,0
99982,0,5052,5052,241.417,695.859,1
99982,1,4591,4591,96.1268,471.264,0
100044,0,5056,5056,241.417,695.859,1
100044,1,4595,4595,96.1268,471.264,0
100105,0,5059,5059,241.417,695.859,1
100105,1,4599,4599,96.1268,471.264,0
100168,0,5063,5063,241.417,695.859,1
100168,1,4602,4602,96.1268,471.264,0
100231,0,5067,5067,241.417,695.859,1
100231,1,4606,4606,96.1268,471.264,0
100293,0,5070,5070,241.417,695.859,1
100293,1,4610,4610,96.1268,471.264,0
100355,0,5074,5074,241.417,695.859,1
100355,1,4613,4613,96.1268,471.264,0
100418,0,5078,5078,241.417,695.859,1
100418,1,4617,4617,96.1268,471.264,0
100480,0,5082,5082,241.417,695.859,1
100480,1,4621,4621,96.1268,471.264,0
100542,0,5085,5085,241.417,695.859,1
100542,1,4624,4624,96.1268,471.264,0
100605,0,5089,5089,241.417,695.859,1
100605,1,4628,4628,96.1268,471.264,0
100667,0,5092,5092,241.417,695.859,1
100667,1,4632,4632,96.1268,471.264,0
100729,0,5096,5096,241.417,695.859,1
100729,1,4635,4635,96.1268,471.264,0
100791,0,5100,5100,241.417,695.859,1
100791,1,4639,4639,96.1268,471.264,0
100854,0,5104,5104,241.417,695.859,1
100854,1,4643,4643,96.1268,471.264,0
100915,0,5107,5107,241.417,695.859,1
100915,1,4646,4646,96.1268,471.264,0
100978,0,5111,5111,241.417,695.859,1
100978,1,4650,4650,96.1268,471.264,0
101041,0,5115,5115,241.417,695.859,1
101041,1,4654,4654,96.1268,471.264,0
101102,0,5118,5118,241.417,695.859,1
101102,1,4657,4657,96.1268,471.264,0
101164,0,5122,5122,241.417,695.859,1
101164,1,4661,4661,96.1268,471.264,0
101226,0,5125,5125,241.417,695.859,1
101226,1,4664,4664,96.1268,471.264,0
101289,0,5129,5129,241.417,695.859,1
101289,1,4668,4668,96.1268,471.264,0
101351,0,5133,5133,241.417,695.859,1
101351,1,4672,4672,96.1268,471.264,0
101414,0,5136,5136,241.417,695.859,1
101414,1,4675,4675,96.1268,471.264,0
101477,0,5140,5140,241.417,695.859,1
101477,1,4679,4679,96.1268,471.264,0
101539,0,5144,5144,241.417,695.859,1
101539,1,4683,4683,96.1268,471.264,0
101602,0,5147,5147,241.417,695.859,1
101602,1,4686,4686,96.1268,471.264,0
101664,0,5151,5151,241.417,695.859,1
101664,1,4690,4690,96.1268,471.264,0
101725,0,5154,5154,241.417,695.859,1
101725,1,4694,4694,96.1268,471.264,0
101789,0,5158,5158,241.417,695.859,1
101789,1,4697,4697,96.1268,471.264,0
101851,0,5162,5162,241.417,695.859,1
101851,1,4701,4701,96.1268,471.264,0
101913,0,5165,5165,241.417,695.859,1
101913,1,4705,4705,96.1268,471.264,0
101974,0,5169,5169,241.417,695.859,1
101974,1,4708,4708,96.1268,471.264,0
102036,0,5173,5173,241.417,695.859,1
102036,1,4712,4712,96.1268,471.264,0
102099,0,5176,5176,241.417,695.859,1
102099,1,4716,4716,96.1268,471.264,0
102162,0,5180,5180,241.417,695.859,1
102162,1,4719,4719,96.1268,471.264,0
102224,0,5184,5184,241.417,695.859,1
102224,1,4723,4723,96.1268,471.264,0
102286,0,5188,5188,241.417,695.859,1
102286,1,4727,4727,96.1268,471.264,0
102349,0,5191,5191,241.417,695.859,1
102349,1,4731,4731,96.1268,471.264,0
102410,0,5195,5195,241.417,695.859,1
102410,1,4734,4734,96.1268,471.264,0
102472,0,5198,5198,241.417,695.859,1
102472,1,4738,4738,96.1268,471.264,0
102534,0,5202,5202,241.417,695.859,1
102534,1,4741,4741,96.1268,471.264,0
102596,0,5206,5206,241.417,695.859,1
102596,1,4745,4745,96.1268,471.264,0
102658,0,5209,5209,241.417,695.859,1
102658,1,4749,4749,96.1268,471.264,0
102721,0,5213,5213,241.417,695.859,1
102721,1,4753,4753,96.1268,471.264,0
102783,0,5216,5216,241.417,695.859,1
102783,1,4756,4756,96.1268,471.264,0
102846,0,5220,5220,241.417,695.859,1
102846,1,4760,4760,96.1268,471.264,0
102907,0,5223,5223,241.417,695.859,1
102907,1,4764,4764,96.1268,471.264,0
102971,0,5227,5227,241.417,695.859,1
102971,1,4767,4767,96.1268,471.264,0
103031,0,5231,5231,241.417,695.859,1
103031,1,4771,4771,96.1268,471.264,0
103093,0,5234,5234,241.417,695.859,1
103093,1,4775,4775,96.1268,471.264,0
103156,0,5238,5238,241.417,695.859,1
103156,1,4778,4778,96.1268,471.264,0
103218,0,5242,5242,241.417,695.859,1
103218,1,4782,4782,96.1268,471.264,0
103280,0,5245,5245,241.417,695.859,1
103280,1,4786,4786,96.1268,471.264,0
103342,0,5249,5249,241.417,695.859,1
103342,1,4789,4789,96.1268,471.264,0
103403,0,5253,5253,241.417,695.859,1
103403,1,4793,4793,96.1268,471.264,0
103465,0,5256,5256,241.417,695.859,1
103465,1,4797,4797,96.1268,471.264,0
103527,0,5260,5260,241.417,695.859,1
103527,1,4800,4800,96.1268,471.264,0
103589,0,5264,5264,241.417,695.859,1
103589,1,4804,4804,96.1268,471.264,0
103652,0,5267,5267,241.417,695.859,1
103652,1,4807,4807,96.1268,471.264,0
103713,0,5271,5271,241.417,695.859,1
103713,1,4811,4811,96.1268,471.264,0
103776,0,5274,5274,241.417,695.859,1
103776,1,4815,4815,96.1268,471.264,0
103837,0,5278,5278,241.417,695.859,1
103837,1,4818,4818,96.1268,471.264,0
103900,0,5281,5281,241.417,695.859,1
103900,1,4822,4822,96.1268,471.264,0
103962,0,5285,5285,241.417,695.859,1
103962,1,4825,4825,96.1268,471.264,0
104024,0,5289,5289,241.417,695.859,1
104024,1,4829,4829,96.1268,471.264,0
104086,0,5292,5292,241.417,695.859,1
104086,1,4833,4833,96.1268,471.264,0
104148,0,5296,5296,241.417,695.859,1
104148,1,4836,4836,96.1268,471.264,0
104211,0,5299,5299,241.417,695.859,1
104211,1,4840,4840,96.1268,471.264,0
104273,0,5303,5303,241.417,695.859,1
104273,1,4844,4844,96.1268,471.264,0
104336,0,5307,5307,241.417,695.859,1
104336,1,4848,4848,96.1268,471.264,0
104400,0,5310,5310,241.417,695.859,1
104400,1,4851,4851,96.1268,471.264,0
104462,0,5314,5314,241.417,695.859,1
104462,1,4855,4855,96.1268,471.264,0
104524,0,5318,5318,241.417,695.859,1
104524,1,4859,4859,96.1268,471.264,0
104587,0,5321,5321,241.417,695.859,1
104587,1,4862,4862,96.1268,471.264,0
104648,0,5325,5325,241.417,695.859,1
104648,1,4866,4866,96.1268,471.264,0
104710,0,5329,5329,241.417,695.859,1
104710,1,4870,4870,96.1268,471.264,0
104775,0,5332,5332,241.417,695.859,1
104775,1,4873,4873,96.1268,471.264,0
104836,0,5336,5336,241.417,695.859,1
104836,1,4877,4877,96.1268,471.264,0
104897,0,5339,5339,241.417,695.859,1
104897,1,4881,4881,96.1268,471.264,0
104960,0,5342,5342,241.417,695.859,1
104960,1,4884,4884,96.1268,471.264,0
105023,0,5346,5346,241.417,695.859,1
105023,1,4888,4888,96.1268,471.264,0
105086,0,5350,5350,241.417,695.859,1
105086,1,4892,4892,96.1268,471.264,0
105148,0,5353,5353,241.417,695.859,1
105148,1,4895,4895,96.1268,471.264,0
105210,0,5357,5357,241.417,695.859,1
105210,1,4899,4899,96.1268,471.264,0
105275,0,5361,5361,241.417,695.859,1
105275,1,4903,4903,96.1268,471.264,0
105368,0,5366,5366,241.417,695.859,1
105368,1,4908,4908,96.1268,471.264,0
105431,0,5370,5370,241.417,695.859,1
105431,1,4912,4912,96.1268,471.264,0
105493,0,5373,5373,241.417,695.859,1
105493,1,4915,4915,96.1268,471.264,0
105555,0,5377,5377,241.417,695.859,1
105555,1,4919,4919,96.1268,471.264,0
105617,0,5381,5381,241.417,695.859,1
105617,1,4923,4923,96.1268,471.264,0
105681,0,5384,5384,241.417,695.859,1
105681,1,4927,4927,96.1268,471.264,0
105745,0,5388,5388,241.417,695.859,1
105745,1,4930,4930,96.1268,471.264,0
105807,0,5391,5391,241.417,695.859,1
105807,1,4934,4934,96.1268,471.264,0
105869,0,5395,5395,241.417,695.859,1
105869,1,4938,4938,96.1268,471.264,0
105930,0,5399,5399,241.417,695.859,1
105930,1,4942,4942,96.1268,471.264,0
105992,0,5402,5402,241.417,695.859,1
105992,1,4945,4945,96.1268,471.264,0
106054,0,5406,5406,241.417,695.859,1
106054,1,4949,4949,96.1268,471.264,0
106116,0,5410,5410,241.417,695.859,1
106116,1,4952,4952,96.1268,471.264,0
106178,0,5413,5413,241.417,695.859,1
106178,1,4956,4956,96.1268,471.264,0
106240,0,5417,5417,241.417,695.859,1
106240,1,4960,4960,96.1268,471.264,0
106303,0,5421,5421,241.417,695.859,1
106303,1,4963,4963,96.1268,471.264,0
106365,0,5424,5424,241.417,695.859,1
106365,1,4967,4967,96.1268,471.264,0
106428,0,5428,5428,241.417,695.859,1
106428,1,4971,4971,96.1268,471.264,0
106491,0,5432,5432,241.417,695.859,1
106491,1,4975,4975,96.1268,471.264,0
106554,0,5435,5435,241.417,695.859,1
106554,1,4978,4978,96.1268,471.264,0
106615,0,5439,5439,241.417,695.859,1
106615,1,4982,4982,96.1268,471.264,0
106677,0,5443,5443,241.417,695.859,1
106677,1,4986,4986,96.1268,471.264,0
106741,0,5446,5446,241.417,695.859,1
106741,1,4989,4989,96.1268,471.264,0
106802,0,5450,5450,241.417,695.859,1
106802,1,4993,4993,96.1268,471.264,0
106863,0,5454,5454,241.417,695.859,1
106863,1,4997,4997,96.1268,471.264,0
106926,0,5457,5457,241.417,695.859,1
106926,1,5000,5000,96.1268,471.264,0
106987,0,5461,5461,241.417,695.859,1
106987,1,5004,5004,96.1268,471.264,0
107050,0,5465,5465,241.417,695.859,1
107050,1,5008,5008,96.1268,471.264,0
107111,0,5468,5468,241.417,695.859,1
107111,1,5011,5011,96.1268,471.264,0
107173,0,5472,5472,241.417,695.859,1
107173,1,5015,5015,96.1268,471.264,0
107237,0,5476,5476,241.417,695.859,1
107237,1,5019,5019,96.1268,471.264,0
107299,0,5479,5479,241.417,695.859,1
107299,1,5022,5022,96.1268,471.264,0
107363,0,5483,5483,241.417,695.859,1
107363,1,5026,5026,96.1268,471.264,0
107424,0,5487,5487,241.417,695.859,1
107424,1,5030,5030,96.1268,471.264,0
107486,0,5490,5490,241.417,695.859,1
107486,1,5033,5033,96.1268,471.264,0
107548,0,5494,5494,241.417,695.859,1
107548,1,5037,5037,96.1268,471.264,0
107610,0,5498,5498,241.417,695.859,1
107610,1,5041,5041,96.1268,471.264,0
107673,0,5502,5502,241.417,695.859,1
107673,1,5044,5044,96.1268,471.264,0
107736,0,5505,5505,241.417,695.859,1
107736,1,5048,5048,96.1268,471.264,0
107800,0,5508,5508,241.417,695.859,1
107800,1,5052,5052,96.1268,471.264,0
107862,0,5512,5512,241.417,695.859,1
107862,1,5055,5055,96.1268,471.264,0
107925,0,5515,5515,241.417,695.859,1
107925,1,5059,5059,96.1268,471.264,0
107987,0,5519,5519,241.417,695.859,1
107987,1,5063,5063,96.1268,471.264,0
108050,0,5523,5523,241.417,695.859,1
108050,1,5066,5066,96.1268,471.264,0
108113,0,5527,5527,241.417,695.859,1
108113,1,5070,5070,96.1268,471.264,0
108173,0,5530,5530,241.417,695.859,1
108173,1,5074,5074,96.1268,471.264,0
108236,0,5534,5534,241.417,695.859,1
108236,1,5077,5077,96.1268,471.264,0
108298,0,5537,5537,241.417,695.859,1
108298,1,5081,5081,96.1268,471.264,0
108361,0,5541,5541,241.417,695.859,1
108361,1,5085,5085,96.1268,471.264,0
108423,0,5545,5545,241.417,695.859,1
108423,1,5088,5088,96.1268,471.264,0
108486,0,5549,5549,241.417,695.859,1
108486,1,5092,5092,96.1268,471.264,0
108548,0,5552,5552,241.417,695.859,1
108548,1,5096,5096,96.1268,471.264,0
108610,0,5556,5556,241.417,695.859,1
108610,1,5099,5099,96.1268,471.264,0
108672,0,5560,5560,241.417,695.859,1
108672,1,5103,5103,96.1268,471.264,0
108734,0,5563,5563,241.417,695.859,1
108734,1,5107,5107,96.1268,471.264,0
108796,0,5567,5567,241.417,695.859,1
108796,1,5110,5110,96.1268,471.264,0
108858,0,5570,5570,241.417,695.859,1
108858,1,5114,5114,96.1268,471.264,0
108921,0,5574,5574,241.417,695.859,1
108921,1,5118,5118,96.1268,471.264,0
108984,0,5578,5578,241.417,695.859,1
108984,1,5121,5121,96.1268,471.264,0
109047,0,5581,5581,241.417,695.859,1
109047,1,5125,5125,96.1268,471.264,0
109108,0,5585,5585,241.417,695.859,1
109108,1,5129,5129,96.1268,471.264,0
109171,0,5589,5589,241.417,695.859,1
109171,1,5132,5132,96.1268,471.264,0
109233,0,5592,5592,241.417,695.859,1
109233,1,5136,5136,96.1268,471.264,0
109295,0,5596,5596,241.417,695.859,1
109295,1,5140,5140,96.1268,471.264,0
109357,0,5600,5600,241.417,695.859,1
109357,1,5143,5143,96.1268,471.264,0
109422,0,5603,5603,241.417,695.859,1
109422,1,5147,5147,96.1268,471.264,0
109483,0,5607,5607,241.417,695.859,1
109483,1,5151,5151,96.1268,471.264,0
109546,0,5611,5611,241.417,695.859,1
109546,1,5155,5155,96.1268,471.264,0
109607,0,5614,5614,241.417,695.859,1
109607,1,5158,5158,96.1268,471.264,0
109669,0,5618,5618,241.417,695.859,1
109669,1,5162,5162,96.1268,471.264,0
109732,0,5621,5621,241.417,695.859,1
109732,1,5166,5166,96.1268,471.264,0
109793,0,5625,5625,241.417,695.859,1
109793,1,5169,5169,96.1268,471.264,0
109855,0,5628,5628,241.417,695.859,1
109855,1,5173,5173,96.1268,471.264,0
109918,0,5632,5632,241.417,695.859,1
109918,1,5176,5176,96.1268,471.264,0
109979,0,5636,5636,241.417,695.859,1
109979,1,5180,5180,96.1268,471.264,0
110041,0,5639,5639,241.417,695.859,1
110041,1,5184,5184,96.1268,471.264,0
110103,0,5643,5643,241.417,695.859,1
110103,1,5187,5187,96.1268,471.264,0
110164,0,5646,5646,241.417,695.859,1
110164,1,5191,5191,96.1268,471.264,0
110226,0,5650,5650,241.417,695.859,1
110226,1,5194,5194,96.1268,471.264,0
110288,0,5654,5654,241.417,695.859,1
110288,1,5198,5198,96.1268,471.264,0
110350,0,5658,5658,241.417,695.859,1
110350,1,5202,5202,96.1268,471.264,0
110412,0,5661,5661,241.417,695.859,1
110412,1,5205,5205,96.1268,471.264,0
110474,0,5665,5665,241.417,695.859,1
110474,1,5209,5209,96.1268,471.264,0
110535,0,5668,5668,241.417,695.859,1
110535,1,5213,5213,96.1268,471.264,0
110597,0,5671,5671,241.417,695.859,1
110597,1,5216,5216,96.1268,471.264,0
110661,0,5675,5675,241.417,695.859,1
110661,1,5220,5220,96.1268,471.264,0
110722,0,5679,5679,241.417,695.859,1
110722,1,5224,5224,96.1268,471.264,0
110816,0,5684,5684,241.417,695.859,1
110816,1,5229,5229,96.1268,471.264,0
110878,0,5688,5688,241.417,695.859,1
110878,1,5233,5233,96.1268,471.264,0
110940,0,5692,5692,241.417,695.859,1
110940,1,5236,5236,96.1268,471.264,0
111001,0,5695,5695,241.417,695.859,1
111001,1,5240,5240,96.1268,471.264,0
111064,0,5699,5699,241.417,695.859,1
111064,1,5244,5244,96.1268,471.264,0
111125,0,5702,5702,241.417,695.859,1
111125,1,5247,5247,96.1268,471.264,0
111189,0,5706,5706,241.417,695.859,1
111189,1,5251,5251,96.1268,471.264,0
111251,0,5710,5710,241.417,695.859,1
111251,1,5255,5255,96.1268,471.264,0
111313,0,5714,5714,241.417,695.859,1
111313,1,5258,5258,96.1268,471.264,0
111376,0,5717,5717,241.417,695.859,1
111376,1,5262,5262,96.1268,471.264,0
111437,0,5721,5721,241.417,695.859,1
111437,1,5266,5266,96.1268,471.264,0
111499,0,5725,5725,241.417,695.859,1
111499,1,5269,5269,96.1268,471.264,0
111561,0,5728,5728,241.417,695.859,1
111561,1,5273,5273,96.1268,471.264,0
111623,0,5732,5732,241.417,695.859,1
111623,1,5277,5277,96.1268,471.264,0
111685,0,5736,5736,241.417,695.859,1
111685,1,5280,5280,96.1268,471.264,0
111746,0,5739,5739,241.417,695.859,1
111746,1,5284,5284,96.1268,471.264,0
111810,0,5743,5743,241.417,695.859,1
111810,1,5288,5288,96.1268,471.264,0
111871,0,5747,5747,241.417,695.859,1
111871,1,5291,5291,96.1268,471.264,0
111932,0,5750,5750,241.417,695.859,1
111932,1,5295,5295,96.1268,471.264,0
111993,0,5754,5754,241.417,695.859,1
111993,1,5299,5299,96.1268,471.264,0
112056,0,5758,5758,241.417,695.859,1
112056,1,5303,5303,96.1268,471.264,0
112117,0,5761,5761,241.417,695.859,1
112117,1,5306,5306,96.1268,471.264,0
112181,0,5765,5765,241.417,695.859,1
112181,1,5310,5310,96.1268,471.264,0
112244,0,5768,5768,241.417,695.859,1
112244,1,5314,5314,96.1268,471.264,0
112305,0,5772,5772,241.417,695.859,1
112305,1,5317,5317,96.1268,471.264,0
112367,0,5776,5776,241.417,695.859,1
112367,1,5321,5321,96.1268,471.264,0
112429,0,5779,5779,241.417,695.859,1
112429,1,5325,5325,96.1268,471.264,0
112491,0,5783,5783,241.417,695.859,1
112491,1,5328,5328,96.1268,471.264,0
112555,0,5787,5787,241.417,695.859,1
112555,1,5332,5332,96.1268,471.264,0
112617,0,5790,5790,241.417,695.859,1
112617,1,5336,5336,96.1268,471.264,0
112680,0,5794,5794,241.417,695.859,1
112680,1,5339,5339,96.1268,471.264,0
112741,0,5798,5798,241.417,695.859,1
112741,1,5343,5343,96.1268,471.264,0
112805,0,5801,5801,241.417,695.859,1
112805,1,5347,5347,96.1268,471.264,0
112865,0,5805,5805,241.417,695.859,1
112865,1,5350,5350,96.1268,471.264,0
112927,0,5809,5809,241.417,695.859,1
112927,1,5354,5354,96.1268,471.264,0
112989,0,5812,5812,241.417,695.859,1
112989,1,5357,5357,96.1268,471.264,0
113050,0,5816,5816,241.417,695.859,1
113050,1,5361,5361,96.1268,471.264,0
113112,0,5820,5820,241.417,695.859,1
113112,1,5365,5365,96.1268,471.264,0
113174,0,5823,5823,241.417,695.859,1
113174,1,5368,5368,96.1268,471.264,0
113236,0,5827,5827,241.417,695.859,1
113236,1,5372,5372,96.1268,471.264,0
113301,0,5831,5831,241.417,695.859,1
113301,1,5376,5376,96.1268,471.264,0
113362,0,5834,5834,241.417,695.859,1
113362,1,5379,5379,96.1268,471.264,0
113424,0,5838,5838,241.417,695.859,1
113424,1,5383,5383,96.1268,471.264,0
113489,0,5841,5841,241.417,695.859,1
113489,1,5387,5387,96.1268,471.264,0
113550,0,5845,5845,241.417,695.859,1
113550,1,5390,5390,96.1268,471.264,0
113613,0,5849,5849,241.417,695.859,1
113613,1,5394,5394,96.1268,471.264,0
113675,0,5852,5852,241.417,695.859,1
113675,1,5398,5398,96.1268,471.264,0
113737,0,5856,5856,241.417,695.859,1
113737,1,5401,5401,96.1268,471.264,0
113800,0,5860,5860,241.417,695.859,1
113800,1,5405,5405,96.1268,471.264,0
113862,0,5863,5863,241.417,695.859,1
113862,1,5408,5408,96.1268,471.264,0
113925,0,5867,5867,241.417,695.859,1
113925,1,5412,5412,96.1268,471.264,0
113987,0,5871,5871,241.417,695.859,1
113987,1,5416,5416,96.1268,471.264,0
114052,0,5874,5874,241.417,695.859,1
114052,1,5419,5419,96.1268,471.264,0
114114,0,5878,5878,241.417,695.859,1
114114,1,5423,5423,96.1268,471.264,0
114175,0,5881,5881,241.417,695.859,1
114175,1,5427,5427,96.1268,471.264,0
114237,0,5885,5885,241.417,695.859,1
114237,1,5430,5430,96.1268,471.264,0
114300,0,5889,5889,241.417,695.859,1
114300,1,5434,5434,96.1268,471.264,0
114363,0,5892,5892,241.417,695.859,1
114363,1,5438,5438,96.1268,471.264,0
114425,0,5896,5896,241.417,695.859,1
114425,1,5441,5441,96.1268,471.264,0
114488,0,5900,5900,241.417,695.859,1
114488,1,5445,5445,96.1268,471.264,0
114551,0,5904,5904,241.417,695.859,1
114551,1,5449,5449,96.1268,471.264,0
114614,0,5907,5907,241.417,695.859,1
114614,1,5453,5453,96.1268,471.264,0
114677,0,5911,5911,241.417,695.859,1
114677,1,5456,5456,96.1268,471.264,0
114739,0,5914,5914,241.417,695.859,1
114739,1,5460,5460,96.1268,471.264,0
114800,0,5918,5918,241.417,695.859,1
114800,1,5464,5464,96.1268,471.264,0
114865,0,5922,5922,241.417,695.859,1
114865,1,5467,5467,96.1268,471.264,0
114925,0,5926,5926,241.417,695.859,1
114925,1,5471,5471,96.1268,471.264,0
114988,0,5929,5929,241.417,695.859,1
114988,1,5475,5475,96.1268,471.264,0
115051,0,5933,5933,241.417,695.859,1
115051,1,5478,5478,96.1268,471.264,0
115113,0,5937,5937,241.417,695.859,1
115113,1,5482,5482,96.1268,471.264,0
115176,0,5940,5940,241.417,695.859,1
115176,1,5486,5486,96.1268,471.264,0
115238,0,5944,5944,241.417,695.859,1
115238,1,5490,5490,96.1268,471.264,0
115299,0,5947,5947,241.417,695.859,1
115299,1,5493,5493,96.1268,471.264,0
115362,0,5951,5951,241.417,695.859,1
115362,1,5497,5497,96.1268,471.264,0
115424,0,5955,5955,241.417,695.859,1
115424,1,5501,5501,96.1268,471.264,0
115486,0,5958,5958,241.417,695.859,1
115486,1,5504,5504,96.1268,471.264,0
115549,0,5962,5962,241.417,695.859,1
115549,1,5508,5508,96.1268,471.264,0
115609,0,5966,5966,241.417,695.859,1
115609,1,5512,5512,96.1268,471.264,0
115671,0,5969,5969,241.417,695.859,1
115671,1,5515,5515,96.1268,471.264,0
115733,0,5973,5973,241.417,695.859,1
115733,1,5519,5519,96.1268,471.264,0
115795,0,5977,5977,241.417,695.859,1
115795,1,5523,5523,96.1268,471.264,0
115859,0,5980,5980,241.417,695.859,1
115859,1,5526,5526,96.1268,471.264,0
115920,0,5984,5984,241.417,695.859,1
115920,1,5530,5530,96.1268,471.264,0
115982,0,5987,5987,241.417,695.859,1
115982,1,5534,5534,96.1268,471.264,0
116044,0,5991,5991,241.417,695.859,1
116044,1,5537,5537,96.1268,471.264,0
116106,0,5995,5995,241.417,695.859,1
116106,1,5541,5541,96.1268,471.264,0
116169,0,5998,5998,241.417,695.859,1
116169,1,5545,5545,96.1268,471.264,0
116230,0,6002,6002,241.417,695.859,1
116230,1,5548,5548,96.1268,471.264,0
116292,0,6005,6005,241.417,695.859,1
116292,1,5552,5552,96.1268,471.264,0
116355,0,6009,6009,241.417,695.859,1
116355,1,5556,5556,96.1268,471.264,0
116417,0,6013,6013,241.417,695.859,1
116417,1,5559,5559,96.1268,471.264,0
116481,0,6017,6017,241.417,695.859,1
116481,1,5563,5563,96.1268,471.264,0
116543,0,6020,6020,241.417,695.859,1
116543,1,5567,5567,96.1268,471.264,0
116607,0,6024,6024,241.417,695.859,1
116607,1,5570,5570,96.1268,471.264,0
116668,0,6028,6028,241.417,695.859,1
116668,1,5574,5574,96.1268,471.264,0
116730,0,6031,6031,241.417,695.859,1
116730,1,5578,5578,96.1268,471.264,0
116791,0,6035,6035,241.417,695.859,1
116791,1,5581,5581,96.1268,471.264,0
116855,0,6039,6039,241.417,695.859,1
116855,1,5585,5585,96.1268,471.264,0
116916,0,6042,6042,241.417,695.859,1
116916,1,5589,5589,96.1268,471.264,0
116978,0,6046,6046,241.417,695.859,1
116978,1,5592,5592,96.1268,471.264,0
117041,0,6049,6049,241.417,695.859,1
117041,1,5596,5596,96.1268,471.264,0
117104,0,6053,6053,241.417,695.859,1
117104,1,5600,5600,96.1268,471.264,0
117166,0,6057,6057,241.417,695.859,1
117166,1,5603,5603,96.1268,471.264,0
117228,0,6061,6061,241.417,695.859,1
117228,1,5607,5607,96.1268,471.264,0
117290,0,6064,6064,241.417,695.859,1
117290,1,5611,5611,96.1268,471.264,0
117352,0,6068,6068,241.417,695.859,1
117352,1,5614,5614,96.1268,471.264,0
117414,0,6072,6072,241.417,695.859,1
117414,1,5618,5618,96.1268,471.264,0
117477,0,6075,6075,241.417,695.859,1
117477,1,5622,5622,96.1268,471.264,0
117540,0,6079,6079,241.417,695.859,1
117540,1,5626,5626,96.1268,471.264,0
117633,0,6085,6085,241.417,695.859,1
117633,1,5631,5631,96.1268,471.264,0
117694,0,6088,6088,241.417,695.859,1
117694,1,5635,5635,96.1268,471.264,0
117756,0,6092,6092,241.417,695.859,1
117756,1,5638,5638,96.1268,471.264,0
117817,0,6095,6095,241.417,695.859,1
117817,1,5642,5642,96.1268,471.264,0
117880,0,6099,6099,241.417,695.859,1
117880,1,5645,5645,96.1268,471.264,0
117944,0,6103,6103,241.417,695.859,1
117944,1,5649,5649,96.1268,471.264,0
118006,0,6107,6107,241.417,695.859,1
118006,1,5653,5653,96.1268,471.264,0
118069,0,6110,6110,241.417,695.859,1
118069,1,5657,5657,96.1268,471.264,0
118131,0,6114,6114,241.417,695.859,1
118131,1,5660,5660,96.1268,471.264,0
118192,0,6118,6118,241.417,695.859,1
118192,1,5664,5664,96.1268,471.264,0
118255,0,6121,6121,241.417,695.859,1
118255,1,5668,5668,96.1268,471.264,0
118319,0,6125,6125,241.417,695.859,1
118319,1,5671,5671,96.1268,471.264,0
118380,0,6129,6129,241.417,695.859,1
118380,1,5675,5675,96.1268,471.264,0
118443,0,6132,6132,241.417,695.859,1
118443,1,5678,5678,96.1268,471.264,0
118505,0,6136,6136,241.417,695.859,1
118505,1,5682,5682,96.1268,471.264,0
118568,0,6140,6140,241.417,695.859,1
118568,1,5686,5686,96.1268,471.264,0
118628,0,6143,6143,241.417,695.859,1
118628,1,5689,5689,96.1268,471.264,0
118691,0,6147,6147,241.417,695.859,1
118691,1,5693,5693,96.1268,471.264,0
118753,0,6151,6151,241.417,695.859,1
118753,1,5697,5697,96.1268,471.264,0
118815,0,6154,6154,241.417,695.859,1
118815,1,5700,5700,96.1268,471.264,0
118877,0,6158,6158,241.417,695.859,1
118877,1,5704,5704,96.1268,471.264,0
118940,0,6161,6161,241.417,695.859,1
118940,1,5708,5708,96.1268,471.264,0
119003,0,6165,6165,241.417,695.859,1
119003,1,5711,5711,96.1268,471.264,0
119064,0,6169,6169,241.417,695.859,1
119064,1,5715,5715,96.1268,471.264,0
119127,0,6172,6172,241.417,695.859,1
119127,1,5719,5719,96.1268,471.264,0
119190,0,6176,6176,241.417,695.859,1
119190,1,5723,5723,96.1268,471.264,0
119253,0,6180,6180,241.417,695.859,1
119253,1,5726,5726,96.1268,471.264,0
119315,0,6184,6184,241.417,695.859,1
119315,1,5730,5730,96.1268,471.264,0
119377,0,6187,6187,241.417,695.859,1
119377,1,5733,5733,96.1268,471.264,0
119440,0,6191,6191,241.417,695.859,1
119440,1,5737,5737,96.1268,471.264,0
119503,0,6195,6195,241.417,695.859,1
119503,1,5741,5741,96.1268,471.264,0
119564,0,6198,6198,241.417,695.859,1
119564,1,5745,5745,96.1268,471.264,0
119625,0,6202,6202,241.417,695.859,1
119625,1,5748,5748,96.1268,471.264,0
119687,0,6205,6205,241.417,695.859,1
119687,1,5752,5752,96.1268,471.264,0
119747,0,6209,6209,241.417,695.859,1
119747,1,5755,5755,96.1268,471.264,0
119810,0,6213,6213,241.417,695.859,1
119810,1,5759,5759,96.1268,471.264,0
119871,0,6216,6216,241.417,695.859,1
119871,1,5763,5763,96.1268,471.264,0
119933,0,6220,6220,241.417,695.859,1
119933,1,5766,5766,96.1268,471.264,0
119994,0,6224,6224,241.417,695.859,1
119994,1,5770,5770,96.1268,471.264,0
120057,0,6227,6227,241.417,695.859,1
120057,1,5774,5774,96.1268,471.264,0
120118,0,6231,6231,241.417,695.859,1
120118,1,5777,5777,96.1268,471.264,0
120180,0,6235,6235,241.417,695.859,1
120180,1,5781,5781,96.1268,471.264,0
120243,0,6238,6238,241.417,695.859,1
120243,1,5785,5785,96.1268,471.264,0
120306,0,6242,6242,241.417,695.859,1
120306,1,5789,5789,96.1268,471.264,0
120369,0,6246,6246,241.417,695.859,1
120369,1,5792,5792,96.1268,471.264,0
120430,0,6250,6250,241.417,695.859,1
120430,1,5796,5796,96.1268,471.264,0
120493,0,6253,6253,241.417,695.859,1
120493,1,5799,5799,96.1268,471.264,0
120555,0,6257,6257,241.417,695.859,1
120555,1,5803,5803,96.1268,471.264,0
120618,0,6261,6261,241.417,695.859,1
120618,1,5807,5807,96.1268,471.264,0
120682,0,6264,6264,241.417,695.859,1
120682,1,5810,5810,96.1268,471.264,0
120743,0,6268,6268,241.417,695.859,1
120743,1,5814,5814,96.1268,471.264,0
120805,0,6272,6272,241.417,695.859,1
120805,1,5818,5818,96.1268,471.264,0
120868,0,6275,6275,241.417,695.859,1
120868,1,5821,5821,96.1268,471.264,0
120929,0,6279,6279,241.417,695.859,1
120929,1,5825,5825,96.1268,471.264,0
120992,0,6282,6282,241.417,695.859,1
120992,1,5829,5829,96.1268,471.264,0
121054,0,6286,6286,241.417,695.859,1
121054,1,5832,5832,96.1268,471.264,0
121115,0,6290,6290,241.417,695.859,1
121115,1,5836,5836,96.1268,471.264,0
121176,0,6293,6293,241.417,695.859,1
121176,1,5839,5839,96.1268,471.264,0
121239,0,6297,6297,241.417,695.859,1
121239,1,5843,5843,96.1268,471.264,0
121300,0,6301,6301,241.417,695.859,1
121300,1,5847,5847,96.1268,471.264,0
121362,0,6304,6304,241.417,695.859,1
121362,1,5850,5850,96.1268,471.264,0
121423,0,6308,6308,241.417,695.859,1
121423,1,5854,5854,96.1268,471.264,0
121486,0,6312,6312,241.417,695.859,1
121486,1,5858,5858,96.1268,471.264,0
121549,0,6315,6315,241.417,695.859,1
121549,1,5861,5861,96.1268,471.264,0
121612,0,6319,6319,241.417,695.859,1
121612,1,5865,5865,96.1268,471.264,0
121673,0,6322,6322,241.417,695.859,1
121673,1,5869,5869,96.1268,471.264,0
121737,0,6326,6326,241.417,695.859,1
121737,1,5872,5872,96.1268,471.264,0
121798,0,6330,6330,241.417,695.859,1
121798,1,5876,5876,96.1268,471.264,0
121860,0,6333,6333,241.417,695.859,1
121860,1,5880,5880,96.1268,471.264,0
121920,0,6337,6337,241.417,695.859,1
121920,1,5883,5883,96.1268,471.264,0
121983,0,6341,6341,241.417,695.859,1
121983,1,5887,5887,96.1268,471.264,0
122045,0,6345,6345,241.417,695.859,1
122045,1,5891,5891,96.1268,471.264,0
122107,0,6348,6348,241.417,695.859,1
122107,1,5894,5894,96.1268,471.264,0
122171,0,6352,6352,241.417,695.859,1
122171,1,5898,5898,96.1268,471.264,0
122234,0,6356,6356,241.417,695.859,1
122234,1,5902,5902,96.1268,471.264,0
122296,0,6359,6359,241.417,695.859,1
122296,1,5905,5905,96.1268,471.264,0
122358,0,6363,6363,241.417,695.859,1
122358,1,5909,5909,96.1268,471.264,0
122420,0,6367,6367,241.417,695.859,1
122420,1,5913,5913,96.1268,471.264,0
122483,0,6370,6370,241.417,695.859,1
122483,1,5916,5916,96.1268,471.264,0
122546,0,6374,6374,241.417,695.859,1
122546,1,5920,5920,96.1268,471.264,0
122608,0,6378,6378,241.417,695.859,1
122608,1,5924,5924,96.1268,471.264,0
122671,0,6381,6381,241.417,695.859,1
122671,1,5927,5927,96.1268,471.264,0
122733,0,6385,6385,241.417,695.859,1
122733,1,5931,5931,96.1268,471.264,0
122796,0,6389,6389,241.417,695.859,1
122796,1,5935,5935,96.1268,471.264,0
122859,0,6392,6392,241.417,695.859,1
122859,1,5938,5938,96.1268,471.264,0
122921,0,6396,6396,241.417,695.859,1
122921,1,5942,5942,96.1268,471.264,0
122983,0,6400,6400,241.417,695.859,1
122983,1,5946,5946,96.1268,471.264,0
123045,0,6403,6403,241.417,695.859,1
123045,1,5949,5949,96.1268,471.264,0
123106,0,6407,6407,241.417,695.859,1
123106,1,5953,5953,96.1268,471.264,0
123170,0,6411,6411,241.417,695.859,1
123170,1,5957,5957,96.1268,471.264,0
123231,0,6414,6414,241.417,695.859,1
123231,1,5960,5960,96.1268,471.264,0
123294,0,6418,6418,241.417,695.859,1
123294,1,5964,5964,96.1268,471.264,0
123356,0,6421,6421,241.417,695.859,1
123356,1,5968,5968,96.1268,471.264,0
123418,0,6425,6425,241.417,695.859,1
123418,1,5971,5971,96.1268,471.264,0
123480,0,6429,6429,241.417,695.859,1
123480,1,5975,5975,96.1268,471.264,0
123541,0,6433,6433,241.417,695.859,1
123541,1,5979,5979,96.1268,471.264,0
123605,0,6436,6436,241.417,695.859,1
123605,1,5982,5982,96.1268,471.264,0
123667,0,6440,6440,241.417,695.859,1
123667,1,5986,5986,96.1268,471.264,0
123729,0,6444,6444,241.417,695.859,1
123729,1,5990,5990,96.1268,471.264,0
123790,0,6447,6447,241.417,695.859,1
123790,1,5993,5993,96.1268,471.264,0
123853,0,6451,6451,241.417,695.859,1
123853,1,5997,5997,96.1268,471.264,0
123915,0,6455,6455,241.417,695.859,1
123915,1,6001,6001,96.1268,471.264,0
123977,0,6458,6458,241.417,695.859,1
123977,1,6004,6004,96.1268,471.264,0
124040,0,6462,6462,241.417,695.859,1
124040,1,6008,6008,96.1268,471.264,0
124102,0,6466,6466,241.417,695.859,1
124102,1,6012,6012,96.1268,471.264,0
124169,0,6469,6469,241.417,695.859,1
124169,1,6016,6016,96.1268,471.264,0
124228,0,6473,6473,241.417,695.859,1
124228,1,6019,6019,96.1268,471.264,0
124290,0,6477,6477,241.417,695.859,1
124290,1,6023,6023,96.1268,471.264,0
124352,0,6480,6480,241.417,695.859,1
124352,1,6027,6027,96.1268,471.264,0
124414,0,6484,6484,241.417,695.859,1
124414,1,6030,6030,96.1268,471.264,0
124477,0,6488,6488,241.417,695.859,1
124477,1,6034,6034,96.1268,471.264,0
124540,0,6491,6491,241.417,695.859,1
124540,1,6038,6038,96.1268,471.264,0
124601,0,6495,6495,241.417,695.859,1
124601,1,6041,6041,96.1268,471.264,0
124662,0,6498,6498,241.417,695.859,1
124662,1,6045,6045,96.1268,471.264,0
124725,0,6502,6502,241.417,695.859,1
124725,1,6049,6049,96.1268,471.264,0
124788,0,6506,6506,241.417,695.859,1
124788,1,6052,6052,96.1268,471.264,0
124850,0,6510,6510,241.417,695.859,1
124850,1,6056,6056,96.1268,471.264,0
124913,0,6513,6513,241.417,695.859,1
124913,1,6060,6060,96.1268,471.264,0
124975,0,6517,6517,241.417,695.859,1
124975,1,6063,6063,96.1268,471.264,0
125037,0,6521,6521,241.417,695.859,1
125037,1,6067,6067,96.1268,471.264,0
125100,0,6524,6524,241.417,695.859,1
125100,1,6071,6071,96.1268,471.264,0
125162,0,6528,6528,241.417,695.859,1
125162,1,6074,6074,96.1268,471.264,0
125225,0,6532,6532,241.417,695.859,1
125225,1,6078,6078,96.1268,471.264,0
125288,0,6536,6536,241.417,695.859,1
125288,1,6082,6082,96.1268,471.264,0
125350,0,6539,6539,241.417,695.859,1
125350,1,6086,6086,96.1268,471.264,0
125413,0,6543,6543,241.417,695.859,1
125413,1,6089,6089,96.1268,471.264,0
125475,0,6547,6547,241.417,695.859,1
125475,1,6093,6093,96.1268,471.264,0
125538,0,6551,6551,241.417,695.859,1
125538,1,6097,6097,96.1268,471.264,0
125599,0,6554,6554,241.417,695.859,1
125599,1,6100,6100,96.1268,471.264,0
125661,0,6558,6558,241.417,695.859,1
125661,1,6104,6104,96.1268,471.264,0
125726,0,6561,6561,241.417,695.859,1
125726,1,6107,6107,96.1268,471.264,0
125817,0,6567,6567,241.417,695.859,1
125817,1,6113,6113,96.1268,471.264,0
125879,0,6570,6570,241.417,695.859,1
125879,1,6117,6117,96.1268,471.264,0
125941,0,6574,6574,241.417,695.859,1
125941,1,6120,6120,96.1268,471.264,0
126002,0,6578,6578,241.417,695.859,1
126002,1,6124,6124,96.1268,471.264,0
126065,0,6581,6581,241.417,695.859,1
126065,1,6128,6128,96.1268,471.264,0
126128,0,6585,6585,241.417,695.859,1
126128,1,6131,6131,96.1268,471.264,0
126192,0,6589,6589,241.417,695.859,1
126192,1,6135,6135,96.1268,471.264,0
126254,0,6593,6593,241.417,695.859,1
126254,1,6139,6139,96.1268,471.264,0
126317,0,6596,6596,241.417,695.859,1
126317,1,6142,6142,96.1268,471.264,0
126379,0,6600,6600,241.417,695.859,1
126379,1,6146,6146,96.1268,471.264,0
126441,0,6604,6604,241.417,695.859,1
126441,1,6150,6150,96.1268,471.264,0
126503,0,6607,6607,241.417,695.859,1
126503,1,6153,6153,96.1268,471.264,0
126564,0,6611,6611,241.417,695.859,1
126564,1,6157,6157,96.1268,471.264,0
126627,0,6615,6615,241.417,695.859,1
126627,1,6161,6161,96.1268,471.264,0
126689,0,6618,6618,241.417,695.859,1
126689,1,6165,6165,96.1268,471.264,0
126752,0,6622,6622,241.417,695.859,1
126752,1,6168,6168,96.1268,471.264,0
126814,0,6626,6626,241.417,695.859,1
126814,1,6172,6172,96.1268,471.264,0
126876,0,6630,6630,241.417,695.859,1
126876,1,6176,6176,96.1268,471.264,0
126938,0,6633,6633,241.417,695.859,1
126938,1,6179,6179,96.1268,471.264,0
127001,0,6637,6637,241.417,695.859,1
127001,1,6183,6183,96.1268,471.264,0
127062,0,6640,6640,241.417,695.859,1
127062,1,6187,6187,96.1268,471.264,0
127125,0,6644,6644,241.417,695.859,1
127125,1,6190,6190,96.1268,471.264,0
127186,0,6648,6648,241.417,695.859,1
127186,1,6194,6194,96.1268,471.264,0
127250,0,6651,6651,241.417,695.859,1
127250,1,6198,6198,96.1268,471.264,0
127313,0,6655,6655,241.417,695.859,1
127313,1,6201,6201,96.1268,471.264,0
127374,0,6659,6659,241.417,695.859,1
127374,1,6205,6205,96.1268,471.264,0
127435,0,6662,6662,241.417,695.859,1
127435,1,6209,6209,96.1268,471.264,0
127498,0,6666,6666,241.417,695.859,1
127498,1,6212,6212,96.1268,471.264,0
127560,0,6670,6670,241.417,695.859,1
127560,1,6216,6216,96.1268,471.264,0
127622,0,6673,6673,241.417,695.859,1
127622,1,6220,6220,96.1268,471.264,0
127684,0,6677,6677,241.417,695.859,1
127684,1,6223,6223,96.1268,471.264,0
127747,0,6681,6681,241.417,695.859,1
127747,1,6227,6227,96.1268,471.264,0
127810,0,6684,6684,241.417,695.859,1
127810,1,6231,6231,96.1268,471.264,0
127872,0,6688,6688,241.417,695.859,1
127872,1,6234,6234,96.1268,471.264,0
127933,0,6692,6692,241.417,695.859,1
127933,1,6238,6238,96.1268,471.264,0
127995,0,6695,6695,241.417,695.859,1
127995,1,6242,6242,96.1268,471.264,0
128058,0,6699,6699,241.417,695.859,1
128058,1,6245,6245,96.1268,471.264,0
128120,0,6703,6703,241.417,695.859,1
128120,1,6249,6249,96.1268,471.264,0
128181,0,6706,6706,241.417,695.859,1
128181,1,6252,6252,96.1268,471.264,0
128242,0,6710,6710,241.417,695.859,1
128242,1,6256,6256,96.1268,471.264,0
128304,0,6714,6714,241.417,695.859,1
128304,1,6260,6260,96.1268,471.264,0
128368,0,6717,6717,241.417,695.859,1
128368,1,6263,6263,96.1268,471.264,0
128430,0,6721,6721,241.417,695.859,1
128430,1,6267,6267,96.1268,471.264,0
128492,0,6724,6724,241.417,695.859,1
128492,1,6271,6271,96.1268,471.264,0
128554,0,6728,6728,241.417,695.859,1
128554,1,6274,6274,96.1268,471.264,0
128622,0,6730,6730,241.417,695.859,1
128622,1,6277,6277,96.1268,471.264,0
128706,0,6733,6733,241.417,695.859,1
128706,1,6279,6279,96.1268,471.264,0
128757,0,6735,6735,241.417,695.859,1
128757,1,6282,6282,96.1268,471.264,0
128819,0,6737,6737,241.417,695.859,1
128819,1,6284,6284,96.1268,471.264,0
128875,0,6739,6739,241.417,695.859,1
128875,1,6286,6286,96.1268,471.264,0
128937,0,6741,6741,241.417,695.859,1
128937,1,6288,6288,96.1268,471.264,0
129000,0,6743,6743,241.417,695.859,1
129000,1,6290,6290,96.1268,471.264,0
129064,0,6745,6745,241.417,695.859,1
129064,1,6292,6292,96.1268,471.264,0
129120,0,6747,6747,241.417,695.859,1
129120,1,6294,6294,96.1268,471.264,0
129183,0,6750,6750,241.417,695.859,1
129183,1,6296,6296,96.1268,471.264,0
129235,0,6752,6752,241.417,695.859,1
129235,1,6298,6298,96.1268,471.264,0
129297,0,6754,6754,241.417,695.859,1
129297,1,6300,6300,96.1268,471.264,0
129359,0,6756,6756,241.417,695.859,1
129359,1,6302,6302,96.1268,471.264,0
129423,0,6758,6758,241.417,695.859,1
129423,1,6304,6304,96.1268,471.264,0
129484,0,6760,6760,241.417,695.859,1
129484,1,6306,6306,96.1268,471.264,0
129547,0,6762,6762,241.417,695.859,1
129547,1,6308,6308,96.1268,471.264,0
129610,0,6764,6764,241.417,695.859,1
129610,1,6310,6310,96.1268,471.264,0
129672,0,6766,6766,241.417,695.859,1
129672,1,6312,6312,96.1268,471.264,0
129737,0,6768,6768,241.417,695.859,1
129737,1,6314,6314,96.1268,471.264,0
129798,0,6770,6770,241.417,695.859,1
129798,1,6316,6316,96.1268,471.264,0
129862,0,6772,6772,241.417,695.859,1
129862,1,6318,6318,96.1268,471.264,0
129924,0,6774,6774,241.417,695.859,1
129924,1,6320,6320,96.1268,471.264,0
129982,0,6776,6776,241.417,695.859,1
129982,1,6322,6322,96.1268,471.264,0
130044,0,6778,6778,241.417,695.859,1
130044,1,6324,6324,96.1268,471.264,0
130106,0,6780,6780,241.417,695.859,1
130106,1,6326,6326,96.1268,471.264,0
130169,0,6782,6782,241.417,695.859,1
130169,1,6328,6328,96.1268,471.264,0
130232,0,6784,6784,241.417,695.859,1
130232,1,6330,6330,96.1268,471.264,0
130293,0,6786,6786,241.417,695.859,1
130293,1,6332,6332,96.1268,471.264,0
130355,0,6788,6788,241.417,695.859,1
130355,1,6334,6334,96.1268,471.264,0
130419,0,6791,6791,241.417,695.859,1
130419,1,6337,6337,96.1268,471.264,0
130481,0,6793,6793,241.417,695.859,1
130481,1,6339,6339,96.1268,471.264,0
130544,0,6795,6795,241.417,695.859,1
130544,1,6341,6341,96.1268,471.264,0
130606,0,6797,6797,241.417,695.859,1
130606,1,6343,6343,96.1268,471.264,0
130664,0,6799,6799,241.417,695.859,1
130664,1,6345,6345,96.1268,471.264,0
130719,0,6801,6801,241.417,695.859,1
130719,1,6347,6347,96.1268,471.264,0
130781,0,6803,6803,241.417,695.859,1
130781,1,6349,6349,96.1268,471.264,0
130840,0,6805,6805,241.417,695.859,1
130840,1,6351,6351,96.1268,471.264,0
130901,0,6807,6807,241.417,695.859,1
130901,1,6353,6353,96.1268,471.264,0
130965,0,6809,6809,241.417,695.859,1
130965,1,6355,6355,96.1268,471.264,0
131026,0,6811,6811,241.417,695.859,1
131026,1,6357,6357,96.1268,471.264,0
131089,0,6813,6813,241.417,695.859,1
131089,1,6359,6359,96.1268,471.264,0
131151,0,6815,6815,241.417,695.859,1
131151,1,6361,6361,96.1268,471.264,0
131206,0,6817,6817,241.417,695.859,1
131206,1,6363,6363,96.1268,471.264,0
131268,0,6819,6819,241.417,695.859,1
131268,1,6365,6365,96.1268,471.264,0
131331,0,6821,6821,241.417,695.859,1
131331,1,6367,6367,96.1268,471.264,0
131385,0,6823,6823,241.417,695.859,1
131385,1,6369,6369,96.1268,471.264,0
131447,0,6825,6825,241.417,695.859,1
131447,1,6371,6371,96.1268,471.264,0
131510,0,6827,6827,241.417,695.859,1
131510,1,6373,6373,96.1268,471.264,0
131572,0,6829,6829,241.417,695.859,1
131572,1,6375,6375,96.1268,471.264,0
131628,0,6831,6831,241.417,695.859,1
131628,1,6377,6377,96.1268,471.264,0
131691,0,6833,6833,241.417,695.859,1
131691,1,6379,6379,96.1268,471.264,0
131754,0,6835,6835,241.417,695.859,1
131754,1,6381,6381,96.1268,471.264,0
131817,0,6837,6837,241.417,695.859,1
131817,1,6383,6383,96.1268,471.264,0
131877,0,6839,6839,241.417,695.859,1
131877,1,6385,6385,96.1268,471.264,0
131940,0,6841,6841,241.417,695.859,1
131940,1,6387,6387,96.1268,471.264,0
132005,0,6843,6843,241.417,695.859,1
132005,1,6389,6389,96.1268,471.264,0
132064,0,6845,6845,241.417,695.859,1
132064,1,6391,6391,96.1268,471.264,0
132126,0,6847,6847,241.417,695.859,1
132126,1,6393,6393,96.1268,471.264,0
132189,0,6849,6849,241.417,695.859,1
132189,1,6395,6395,96.1268,471.264,0
132247,0,6850,6850,241.417,695.859,1
132247,1,6396,6396,96.1268,471.264,0
132307,0,6853,6853,241.417,695.859,1
132307,1,6399,6399,96.1268,471.264,0
132371,0,6855,6855,241.417,695.859,1
132371,1,6401,6401,96.1268,471.264,0
132436,0,6857,6857,241.417,695.859,1
132436,1,6403,6403,96.1268,471.264,0
132492,0,6859,6859,241.417,695.859,1
132492,1,6405,6405,96.1268,471.264,0
132557,0,6861,6861,241.417,695.859,1
132557,1,6407,6407,96.1268,471.264,0
132634,0,6864,6864,241.417,695.859,1
132634,1,6410,6410,96.1268,471.264,0
132696,0,6866,6866,241.417,695.859,1
132696,1,6412,6412,96.1268,471.264,0
132759,0,6868,6868,241.417,695.859,1
132759,1,6414,6414,96.1268,471.264,0
132820,0,6870,6870,241.417,695.859,1
132820,1,6416,6416,96.1268,471.264,0
132882,0,6872,6872,241.417,695.859,1
132882,1,6418,6418,96.1268,471.264,0
132943,0,6874,6874,241.417,695.859,1
132943,1,6421,6421,96.1268,471.264,0
133005,0,6877,6877,241.417,695.859,1
133005,1,6423,6423,96.1268,471.264,0
133067,0,6879,6879,241.417,695.859,1
133067,1,6425,6425,96.1268,471.264,0
133130,0,6881,6881,241.417,695.859,1
133130,1,6427,6427,96.1268,471.264,0
133193,0,6884,6884,241.417,695.859,1
133193,1,6430,6430,96.1268,471.264,0
133256,0,6886,6886,241.417,695.859,1
133256,1,6432,6432,96.1268,471.264,0
133318,0,6888,6888,241.417,695.859,1
133318,1,6434,6434,96.1268,471.264,0
133381,0,6890,6890,241.417,695.859,1
133381,1,6436,6436,96.1268,471.264,0
133444,0,6892,6892,241.417,695.859,1
133444,1,6439,6439,96.1268,471.264,0
133506,0,6894,6894,241.417,695.859,1
133506,1,6441,6441,96.1268,471.264,0
133570,0,6896,6896,241.417,695.859,1
133570,1,6443,6443,96.1268,471.264,0
133633,0,6898,6898,241.417,695.859,1
133633,1,6445,6445,96.1268,471.264,0
133695,0,6900,6900,241.417,695.859,1
133695,1,6447,6447,96.1268,471.264,0
133754,0,6902,6902,241.417,695.859,1
133754,1,6448,6448,96.1268,471.264,0
133816,0,6904,6904,241.417,695.859,1
133816,1,6450,6450,96.1268,471.264,0
133879,0,6906,6906,241.417,695.859,1
133879,1,6452,6452,96.1268,471.264,0
133942,0,6908,6908,241.417,695.859,1
133942,1,6454,6454,96.1268,471.264,0
134006,0,6910,6910,241.417,695.859,1
134006,1,6456,6456,96.1268,471.264,0
134068,0,6912,6912,241.417,695.859,1
134068,1,6458,6458,96.1268,471.264,0
134129,0,6913,6913,241.417,695.859,1
134129,1,6460,6460,96.1268,471.264,0
134192,0,6915,6915,241.417,695.859,1
134192,1,6461,6461,96.1268,471.264,0
134252,0,6917,6917,241.417,695.859,1
134252,1,6463,6463,96.1268,471.264,0
134315,0,6919,6919,241.417,695.859,1
134315,1,6465,6465,96.1268,471.264,0
134377,0,6921,6921,241.417,695.859,1
134377,1,6467,6467,96.1268,471.264,0
134439,0,6923,6923,241.417,695.859,1
134439,1,6469,6469,96.1268,471.264,0
134502,0,6925,6925,241.417,695.859,1
134502,1,6471,6471,96.1268,471.264,0
134567,0,6926,6926,241.417,695.859,1
134567,1,6473,6473,96.1268,471.264,0
134628,0,6928,6928,241.417,695.859,1
134628,1,6475,6475,96.1268,471.264,0
134691,0,6930,6930,241.417,695.859,1
134691,1,6476,6476,96.1268,471.264,0
134753,0,6932,6932,241.417,695.859,1
134753,1,6478,6478,96.1268,471.264,0
134814,0,6934,6934,241.417,695.859,1
134814,1,6480,6480,96.1268,471.264,0
134876,0,6936,6936,241.417,695.859,1
134876,1,6482,6482,96.1268,471.264,0
134938,0,6938,6938,241.417,695.859,1
134938,1,6484,6484,96.1268,471.264,0
135001,0,6940,6940,241.417,695.859,1
135001,1,6486,6486,96.1268,471.264,0
135065,0,6942,6942,241.417,695.859,1
135065,1,6488,6488,96.1268,471.264,0
135128,0,6944,6944,241.417,695.859,1
135128,1,6490,6490,96.1268,471.264,0
135189,0,6946,6946,241.417,695.859,1
135189,1,6492,6492,96.1268,471.264,0
135253,0,6948,6948,241.417,695.859,1
135253,1,6494,6494,96.1268,471.264,0
135315,0,6951,6951,241.417,695.859,1
135315,1,6497,6497,96.1268,471.264,0
135370,0,6953,6953,241.417,695.859,0
135370,1,6499,6499,96.1268,471.264,0
135432,0,6955,6955,241.417,695.859,0
135432,1,6501,6501,96.1268,471.264,0
135488,0,6958,6958,241.417,695.859,0
135488,1,6504,6504,96.1268,471.264,0
135550,0,6961,6961,241.417,695.859,0
135550,1,6507,6507,96.1268,471.264,0
135614,0,6964,6964,241.417,695.859,0
135614,1,6510,6510,96.1268,471.264,0
135677,0,6966,6966,241.417,695.859,0
135677,1,6512,6512,96.1268,471.264,0
135738,0,6968,6968,241.417,695.859,0
135738,1,6514,6514,96.1268,471.264,0
135798,0,6970,6970,241.417,695.859,0
135798,1,6516,6516,96.1268,471.264,0
135860,0,6972,6972,241.417,695.859,0
135860,1,6518,6518,96.1268,471.264,0
135913,0,6974,6974,241.417,695.859,0
135913,1,6520,6520,96.1268,471.264,0
135974,0,6976,6976,241.417,695.859,0
135974,1,6522,6522,96.1268,471.264,0
136037,0,6978,6978,241.417,695.859,0
136037,1,6524,6524,96.1268,471.264,0
136090,0,6980,6980,241.417,695.859,0
136090,1,6526,6526,96.1268,471.264,0
136154,0,6982,6982,241.417,695.859,0
136154,1,6528,6528,96.1268,471.264,0
136217,0,6983,6983,241.417,695.859,0
136217,1,6530,6530,96.1268,471.264,0
136281,0,6986,6986,241.417,695.859,0
136281,1,6532,6532,96.1268,471.264,0
136343,0,6988,6988,241.417,695.859,0
136343,1,6534,6534,96.1268,471.264,0
136398,0,6990,6990,241.417,695.859,0
136398,1,6536,6536,96.1268,471.264,0
136462,0,6992,6992,241.417,695.859,0
136462,1,6538,6538,96.1268,471.264,0
136525,0,6994,6994,241.417,695.859,0
136525,1,6540,6540,96.1268,471.264,0
136586,0,6996,6996,241.417,695.859,0
136586,1,6542,6542,96.1268,471.264,0
136650,0,6999,6999,241.417,695.859,0
136650,1,6544,6544,96.1268,471.264,0
136729,0,7001,7001,241.417,695.859,0
136729,1,6547,6547,96.1268,471.264,0
136793,0,7003,7003,241.417,695.859,0
136793,1,6549,6549,96.1268,471.264,0
136856,0,7006,7006,241.417,695.859,0
136856,1,6552,6552,96.1268,471.264,0
136918,0,7008,7008,241.417,695.859,0
136918,1,6554,6554,96.1268,471.264,0
136980,0,7010,7010,241.417,695.859,0
136980,1,6556,6556,96.1268,471.264,0
137043,0,7012,7012,241.417,695.859,0
137043,1,6558,6558,96.1268,471.264,0
137106,0,7014,7014,241.417,695.859,0
137106,1,6560,6560,96.1268,471.264,0
137168,0,7016,7016,241.417,695.859,0
137168,1,6562,6562,96.1268,471.264,0
137231,0,7018,7018,241.417,695.859,0
137231,1,6564,6564,96.1268,471.264,0
137292,0,7020,7020,241.417,695.859,0
137292,1,6566,6566,96.1268,471.264,0
137355,0,7022,7022,241.417,695.859,0
137355,1,6568,6568,96.1268,471.264,0
137417,0,7024,7024,241.417,695.859,0
137417,1,6570,6570,96.1268,471.264,0
137480,0,7026,7026,241.417,695.859,0
137480,1,6572,6572,96.1268,471.264,0
137542,0,7028,7028,241.417,695.859,0
137542,1,6574,6574,96.1268,471.264,0
137605,0,7030,7030,241.417,695.859,0
137605,1,6576,6576,96.1268,471.264,0
137668,0,7032,7032,241.417,695.859,0
137668,1,6578,6578,96.1268,471.264,0
137729,0,7034,7034,241.417,695.859,0
137729,1,6580,6580,96.1268,471.264,0
137792,0,7036,7036,241.417,695.859,0
137792,1,6582,6582,96.1268,471.264,0
137854,0,7038,7038,241.417,695.859,0
137854,1,6584,6584,96.1268,471.264,0
137910,0,7040,7040,241.417,695.859,0
137910,1,6586,6586,96.1268,471.264,0
137973,0,7042,7042,241.417,695.859,0
137973,1,6588,6588,96.1268,471.264,0
138035,0,7044,7044,241.417,695.859,0
138035,1,6590,6590,96.1268,471.264,0
138098,0,7046,7046,241.417,695.859,0
138098,1,6593,6593,96.1268,471.264,0
138162,0,7048,7048,241.417,695.859,0
138162,1,6595,6595,96.1268,471.264,0
138225,0,7050,7050,241.417,695.859,0
138225,1,6597,6597,96.1268,471.264,0
138288,0,7053,7053,241.417,695.859,0
138288,1,6599,6599,96.1268,471.264,0
138350,0,7055,7055,241.417,695.859,0
138350,1,6601,6601,96.1268,471.264,0
138411,0,7057,7057,241.417,695.859,0
138411,1,6603,6603,96.1268,471.264,0
138473,0,7059,7059,241.417,695.859,0
138473,1,6605,6605,96.1268,471.264,0
138535,0,7061,7061,241.417,695.859,0
138535,1,6607,6607,96.1268,471.264,0
138598,0,7063,7063,241.417,695.859,0
138598,1,6609,6609,96.1268,471.264,0
138661,0,7065,7065,241.417,695.859,0
138661,1,6611,6611,96.1268,471.264,0
138725,0,7067,7067,241.417,695.859,0
138725,1,6613,6613,96.1268,471.264,0
138787,0,7069,7069,241.417,695.859,0
138787,1,6615,6615,96.1268,471.264,0
138848,0,7071,7071,241.417,695.859,0
138848,1,6617,6617,96.1268,471.264,0
138913,0,7074,7074,241.417,695.859,0
138913,1,6620,6620,96.1268,471.264,0
138975,0,7076,7076,241.417,695.859,0
138975,1,6622,6622,96.1268,471.264,0
139036,0,7078,7078,241.417,695.859,0
139036,1,6624,6624,96.1268,471.264,0
139099,0,7080,7080,241.417,695.859,0
139099,1,6626,6626,96.1268,471.264,0
139159,0,7082,7082,241.417,695.859,0
139159,1,6628,6628,96.1268,471.264,0
139221,0,7084,7084,241.417,695.859,0
139221,1,6630,6630,96.1268,471.264,0
139282,0,7086,7086,241.417,695.859,0
139282,1,6632,6632,96.1268,471.264,0
139347,0,7087,7087,241.417,695.859,0
139347,1,6634,6634,96.1268,471.264,0
139409,0,7089,7089,241.417,695.859,0
139409,1,6636,6636,96.1268,471.264,0
139470,0,7091,7091,241.417,695.859,0
139470,1,6638,6638,96.1268,471.264,0
139532,0,7093,7093,241.417,695.859,0
139532,1,6640,6640,96.1268,471.264,0
139594,0,7095,7095,241.417,695.859,0
139594,1,6642,6642,96.1268,471.264,0
139656,0,7097,7097,241.417,695.859,0
139656,1,6644,6644,96.1268,471.264,0
139719,0,7099,7099,241.417,695.859,0
139719,1,6646,6646,96.1268,471.264,0
139783,0,7102,7102,241.417,695.859,0
139783,1,6648,6648,96.1268,471.264,0
139845,0,7104,7104,241.417,695.859,0
139845,1,6650,6650,96.1268,471.264,0
139908,0,7106,7106,241.417,695.859,0
139908,1,6652,6652,96.1268,471.264,0
139971,0,7108,7108,241.417,695.859,0
139971,1,6654,6654,96.1268,471.264,0
140034,0,7110,7110,241.417,695.859,0
140034,1,6656,6656,96.1268,471.264,0
140096,0,7112,7112,241.417,695.859,0
140096,1,6658,6658,96.1268,471.264,0
140161,0,7114,7114,241.417,695.859,0
140161,1,6660,6660,96.1268,471.264,0
140222,0,7116,7116,241.417,695.859,0
140222,1,6662,6662,96.1268,471.264,0
140284,0,7118,7118,241.417,695.859,0
140284,1,6664,6664,96.1268,471.264,0
140343,0,7120,7120,241.417,695.859,0
140343,1,6666,6666,96.1268,471.264,0
140405,0,7122,7122,241.417,695.859,0
140405,1,6668,6668,96.1268,471.264,0
140467,0,7124,7124,241.417,695.859,0
140467,1,6670,6670,96.1268,471.264,0
140529,0,7126,7126,241.417,695.859,0
140529,1,6672,6672,96.1268,471.264,0
140592,0,7128,7128,241.417,695.859,0
140592,1,6674,6674,96.1268,471.264,0
140655,0,7130,7130,241.417,695.859,0
140655,1,6676,6676,96.1268,471.264,0
140718,0,7133,7133,241.417,695.859,0
140718,1,6678,6678,96.1268,471.264,0
140781,0,7135,7135,241.417,695.859,0
140781,1,6680,6680,96.1268,471.264,0
140843,0,7137,7137,241.417,695.859,0
140843,1,6682,6682,96.1268,471.264,0
140905,0,7139,7139,241.417,695.859,0
140905,1,6684,6684,96.1268,471.264,0
140967,0,7141,7141,241.417,695.859,0
140967,1,6686,6686,96.1268,471.264,0
141029,0,7143,7143,241.417,695.859,0
141029,1,6688,6688,96.1268,471.264,0
141091,0,7145,7145,241.417,695.859,0
141091,1,6690,6690,96.1268,471.264,0
141155,0,7147,7147,241.417,695.859,0
141155,1,6692,6692,96.1268,471.264,0
141215,0,7149,7149,241.417,695.859,0
141215,1,6694,6694,96.1268,471.264,0
141279,0,7152,7152,241.417,695.859,0
141279,1,6697,6697,96.1268,471.264,0
141344,0,7154,7154,241.417,695.859,0
141344,1,6699,6699,96.1268,471.264,0
141406,0,7156,7156,241.417,695.859,0
141406,1,6701,6701,96.1268,471.264,0
141470,0,7158,7158,241.417,695.859,0
141470,1,6703,6703,96.1268,471.264,0
141530,0,7160,7160,241.417,695.859,0
141530,1,6705,6705,96.1268,471.264,0
141593,0,7162,7162,241.417,695.859,0
141593,1,6707,6707,96.1268,471.264,0
141656,0,7164,7164,241.417,695.859,0
141656,1,6709,6709,96.1268,471.264,0
141718,0,7166,7166,241.417,695.859,0
141718,1,6711,6711,96.1268,471.264,0
141780,0,7168,7168,241.417,695.859,0
141780,1,6713,6713,96.1268,471.264,0
141844,0,7170,7170,241.417,695.859,0
141844,1,6715,6715,96.1268,471.264,0
141907,0,7171,7171,241.417,695.859,0
141907,1,6717,6717,96.1268,471.264,0
141970,0,7173,7173,241.417,695.859,0
141970,1,6719,6719,96.1268,471.264,0
142034,0,7175,7175,241.417,695.859,0
142034,1,6720,6720,96.1268,471.264,0
142097,0,7177,7177,241.417,695.859,0
142097,1,6722,6722,96.1268,471.264,0
142161,0,7179,7179,241.417,695.859,0
142161,1,6724,6724,96.1268,471.264,0
142222,0,7181,7181,241.417,695.859,0
142222,1,6726,6726,96.1268,471.264,0
142284,0,7183,7183,241.417,695.859,0
142284,1,6728,6728,96.1268,471.264,0
142349,0,7185,7185,241.417,695.859,0
142349,1,6730,6730,96.1268,471.264,0
142414,0,7187,7187,241.417,695.859,0
142414,1,6732,6732,96.1268,471.264,0
142476,0,7189,7189,241.417,695.859,0
142476,1,6734,6734,96.1268,471.264,0
142540,0,7191,7191,241.417,695.859,0
142540,1,6737,6737,96.1268,471.264,0
142602,0,7194,7194,241.417,695.859,0
142602,1,6739,6739,96.1268,471.264,0
142665,0,7197,7197,241.417,695.859,0
142665,1,6741,6741,96.1268,471.264,0
142728,0,7199,7199,241.417,695.859,0
142728,1,6744,6744,96.1268,471.264,0
142789,0,7201,7201,241.417,695.859,0
142789,1,6746,6746,96.1268,471.264,0
142853,0,7204,7204,241.417,695.859,0
142853,1,6749,6749,96.1268,471.264,0
142915,0,7207,7207,241.417,695.859,0
142915,1,6752,6752,96.1268,471.264,0
142977,0,7210,7210,241.417,695.859,0
142977,1,6755,6755,96.1268,471.264,0
143038,0,7213,7213,241.417,695.859,0
143038,1,6757,6757,96.1268,471.264,0
143101,0,7215,7215,241.417,695.859,0
143101,1,6759,6759,96.1268,471.264,0
143162,0,7217,7217,241.417,695.859,0
143162,1,6761,6761,96.1268,471.264,0
143224,0,7219,7219,241.417,695.859,0
143224,1,6763,6763,96.1268,471.264,0
143286,0,7221,7221,241.417,695.859,0
143286,1,6765,6765,96.1268,471.264,0
143349,0,7223,7223,241.417,695.859,0
143349,1,6767,6767,96.1268,471.264,0
143411,0,7225,7225,241.417,695.859,0
143411,1,6769,6769,96.1268,471.264,0
143473,0,7227,7227,241.417,695.859,0
143473,1,6771,6771,96.1268,471.264,0
143566,0,7230,7230,241.417,695.859,0
143566,1,6774,6774,96.1268,471.264,0
143628,0,7232,7232,241.417,695.859,0
143628,1,6776,6776,96.1268,471.264,0
143691,0,7234,7234,241.417,695.859,0
143691,1,6778,6778,96.1268,471.264,0
143755,0,7236,7236,241.417,695.859,0
143755,1,6780,6780,96.1268,471.264,0
143818,0,7238,7238,241.417,695.859,0
143818,1,6782,6782,96.1268,471.264,0
143880,0,7240,7240,241.417,695.859,0
143880,1,6784,6784,96.1268,471.264,0
143941,0,7242,7242,241.417,695.859,0
143941,1,6786,6786,96.1268,471.264,0
144004,0,7244,7244,241.417,695.859,0
144004,1,6788,6788,96.1268,471.264,0
144064,0,7246,7246,241.417,695.859,0
144064,1,6790,6790,96.1268,471.264,0
144126,0,7248,7248,241.417,695.859,0
144126,1,6792,6792,96.1268,471.264,0
144189,0,7250,7250,241.417,695.859,0
144189,1,6794,6794,96.1268,471.264,0
144253,0,7252,7252,241.417,695.859,0
144253,1,6796,6796,96.1268,471.264,0
144314,0,7254,7254,241.417,695.859,0
144314,1,6798,6798,96.1268,471.264,0
144378,0,7256,7256,241.417,695.859,0
144378,1,6800,6800,96.1268,471.264,0
144440,0,7258,7258,241.417,695.859,0
144440,1,6802,6802,96.1268,471.264,0
144503,0,7260,7260,241.417,695.859,0
144503,1,6804,6804,96.1268,471.264,0
144565,0,7262,7262,241.417,695.859,0
144565,1,6806,6806,96.1268,471.264,0
144629,0,7264,7264,241.417,695.859,0
144629,1,6808,6808,96.1268,471.264,0
144691,0,7266,7266,241.417,695.859,0
144691,1,6810,6810,96.1268,471.264,0
144756,0,7268,7268,241.417,695.859,0
144756,1,6812,6812,96.1268,471.264,0
144818,0,7270,7270,241.417,695.859,0
144818,1,6814,6814,96.1268,471.264,0
144881,0,7272,7272,241.417,695.859,0
144881,1,6817,6817,96.1268,471.264,0
144943,0,7274,7274,241.417,695.859,0
144943,1,6819,6819,96.1268,471.264,0
145006,0,7276,7276,241.417,695.859,0
145006,1,6821,6821,96.1268,471.264,0
145070,0,7278,7278,241.417,695.859,0
145070,1,6823,6823,96.1268,471.264,0
145131,0,7280,7280,241.417,695.859,0
145131,1,6825,6825,96.1268,471.264,0
145194,0,7282,7282,241.417,695.859,0
145194,1,6827,6827,96.1268,471.264,0
145257,0,7284,7284,241.417,695.859,0
145257,1,6829,6829,96.1268,471.264,0
145320,0,7286,7286,241.417,695.859,0
145320,1,6831,6831,96.1268,471.264,0
145383,0,7288,7288,241.417,695.859,0
145383,1,6833,6833,96.1268,471.264,0
145446,0,7290,7290,241.417,695.859,0
145446,1,6835,6835,96.1268,471.264,0
145508,0,7292,7292,241.417,695.859,0
145508,1,6837,6837,96.1268,471.264,0
145571,0,7293,7293,241.417,695.859,0
145571,1,6838,6838,96.1268,471.264,0
145633,0,7296,7296,241.417,695.859,0
145633,1,6841,6841,96.1268,471.264,0
145695,0,7298,7298,241.417,695.859,0
145695,1,6843,6843,96.1268,471.264,0
145757,0,7300,7300,241.417,695.859,0
145757,1,6845,6845,96.1268,471.264,0
145818,0,7302,7302,241.417,695.859,0
145818,1,6847,6847,96.1268,471.264,0
145883,0,7304,7304,241.417,695.859,0
145883,1,6849,6849,96.1268,471.264,0
145945,0,7306,7306,241.417,695.859,0
145945,1,6851,6851,96.1268,471.264,0
146006,0,7308,7308,241.417,695.859,0
146006,1,6853,6853,96.1268,471.264,0
146061,0,7310,7310,241.417,695.859,0
146061,1,6855,6855,96.1268,471.264,0
146127,0,7312,7312,241.417,695.859,0
146127,1,6857,6857,96.1268,471.264,0
146187,0,7314,7314,241.417,695.859,0
146187,1,6859,6859,96.1268,471.264,0
146249,0,7316,7316,241.417,695.859,0
146249,1,6861,6861,96.1268,471.264,0
146312,0,7318,7318,241.417,695.859,0
146312,1,6863,6863,96.1268,471.264,0
146374,0,7320,7320,241.417,695.859,0
146374,1,6865,6865,96.1268,471.264,0
146438,0,7323,7323,241.417,695.859,0
146438,1,6868,6868,96.1268,471.264,0
146498,0,7325,7325,241.417,695.859,0
146498,1,6870,6870,96.1268,471.264,0
146562,0,7327,7327,241.417,695.859,0
146562,1,6872,6872,96.1268,471.264,0
146626,0,7329,7329,241.417,695.859,0
146626,1,6874,6874,96.1268,471.264,0
146689,0,7331,7331,241.417,695.859,0
146689,1,6876,6876,96.1268,471.264,0
146756,0,7333,7333,241.417,695.859,0
146756,1,6878,6878,96.1268,471.264,0
146818,0,7335,7335,241.417,695.859,0
146818,1,6880,6880,96.1268,471.264,0
146874,0,7337,7337,241.417,695.859,0
146874,1,6882,6882,96.1268,471.264,0
146937,0,7339,7339,241.417,695.859,0
146937,1,6884,6884,96.1268,471.264,0
147000,0,7341,7341,241.417,695.859,0
147000,1,6886,6886,96.1268,471.264,0
147063,0,7343,7343,241.417,695.859,0
147063,1,6889,6889,96.1268,471.264,0
147125,0,7345,7345,241.417,695.859,0
147125,1,6891,6891,96.1268,471.264,0
147187,0,7347,7347,241.417,695.859,0
147187,1,6893,6893,96.1268,471.264,0
147252,0,7350,7350,241.417,695.859,0
147252,1,6895,6895,96.1268,471.264,0
147313,0,7352,7352,241.417,695.859,0
147313,1,6897,6897,96.1268,471.264,0
147399,0,7354,7354,241.417,695.859,0
147399,1,6900,6900,96.1268,471.264,0
147461,0,7357,7357,241.417,695.859,0
147461,1,6903,6903,96.1268,471.264,0
147524,0,7359,7359,241.417,695.859,0
147524,1,6905,6905,96.1268,471.264,0
147586,0,7361,7361,241.417,695.859,0
147586,1,6907,6907,96.1268,471.264,0
147642,0,7363,7363,241.417,695.859,0
147642,1,6909,6909,96.1268,471.264,0
147705,0,7365,7365,241.417,695.859,0
147705,1,6911,6911,96.1268,471.264,0
147768,0,7367,7367,241.417,695.859,0
147768,1,6913,6913,96.1268,471.264,0
147831,0,7369,7369,241.417,695.859,0
147831,1,6915,6915,96.1268,471.264,0
147892,0,7371,7371,241.417,695.859,0
147892,1,6917,6917,96.1268,471.264,0
147955,0,7373,7373,241.417,695.859,0
147955,1,6919,6919,96.1268,471.264,0
148016,0,7375,7375,241.417,695.859,0
148016,1,6921,6921,96.1268,471.264,0
148079,0,7377,7377,241.417,695.859,0
148079,1,6923,6923,96.1268,471.264,0
148143,0,7379,7379,241.417,695.859,0
148143,1,6926,6926,96.1268,471.264,0
148204,0,7381,7381,241.417,695.859,0
148204,1,6928,6928,96.1268,471.264,0
148267,0,7383,7383,241.417,695.859,0
148267,1,6930,6930,96.1268,471.264,0
148322,0,7385,7385,241.417,695.859,0
148322,1,6932,6932,96.1268,471.264,0
148385,0,7387,7387,241.417,695.859,0
148385,1,6934,6934,96.1268,471.264,0
148447,0,7389,7389,241.417,695.859,0
148447,1,6936,6936,96.1268,471.264,0
148510,0,7391,7391,241.417,695.859,0
148510,1,6938,6938,96.1268,471.264,0
148572,0,7393,7393,241.417,695.859,0
148572,1,6940,6940,96.1268,471.264,0
148635,0,7395,7395,241.417,695.859,0
148635,1,6942,6942,96.1268,471.264,0
148698,0,7397,7397,241.417,695.859,0
148698,1,6944,6944,96.1268,471.264,0
148760,0,7399,7399,241.417,695.859,0
148760,1,6946,6946,96.1268,471.264,0
148823,0,7401,7401,241.417,695.859,0
148823,1,6948,6948,96.1268,471.264,0
148883,0,7403,7403,241.417,695.859,0
148883,1,6950,6950,96.1268,471.264,0
148944,0,7405,7405,241.417,695.859,0
148944,1,6952,6952,96.1268,471.264,0
149023,0,7407,7407,241.417,695.859,0
149023,1,6954,6954,96.1268,471.264,0
149086,0,7410,7410,241.417,695.859,0
149086,1,6956,6956,96.1268,471.264,0
149149,0,7412,7412,241.417,695.859,0
149149,1,6958,6958,96.1268,471.264,0
149210,0,7414,7414,241.417,695.859,0
149210,1,6960,6960,96.1268,471.264,0
149273,0,7416,7416,241.417,695.859,0
149273,1,6962,6962,96.1268,471.264,0
149328,0,7418,7418,241.417,695.859,0
149328,1,6964,6964,96.1268,471.264,0
149392,0,7420,7420,241.417,695.859,0
149392,1,6966,6966,96.1268,471.264,0
149454,0,7422,7422,241.417,695.859,0
149454,1,6968,6968,96.1268,471.264,0
149517,0,7424,7424,241.417,695.859,0
149517,1,6970,6970,96.1268,471.264,0
149571,0,7426,7426,241.417,695.859,0
149571,1,6972,6972,96.1268,471.264,0
149634,0,7428,7428,241.417,695.859,0
149634,1,6974,6974,96.1268,471.264,0
149694,0,7430,7430,241.417,695.859,0
149694,1,6976,6976,96.1268,471.264,0
149757,0,7432,7432,241.417,695.859,0
149757,1,6978,6978,96.1268,471.264,0
149817,0,7434,7434,241.417,695.859,0
149817,1,6980,6980,96.1268,471.264,0
149880,0,7436,7436,241.417,695.859,0
149880,1,6982,6982,96.1268,471.264,0
149943,0,7438,7438,241.417,695.859,0
149943,1,6984,6984,96.1268,471.264,0
149998,0,7440,7440,241.417,695.859,0
149998,1,6986,6986,96.1268,471.264,0
150064,0,7442,7442,241.417,695.859,0
150064,1,6989,6989,96.1268,471.264,0
150125,0,7444,7444,241.417,695.859,0
150125,1,6991,6991,96.1268,471.264,0
150187,0,7446,7446,241.417,695.859,0
150187,1,6993,6993,96.1268,471.264,0
150249,0,7448,7448,241.417,695.859,0
150249,1,6995,6995,96.1268,471.264,0
150310,0,7449,7449,241.417,695.859,0
150310,1,6996,6996,96.1268,471.264,0
150372,0,7452,7452,241.417,695.859,0
150372,1,6999,6999,96.1268,471.264,0
150434,0,7454,7454,241.417,695.859,0
150434,1,7001,7001,96.1268,471.264,0
150496,0,7457,7457,241.417,695.859,0
150496,1,7004,7004,96.1268,471.264,0
150560,0,7459,7459,241.417,695.859,0
150560,1,7006,7006,96.1268,471.264,0
150622,0,7461,7461,241.417,695.859,0
150622,1,7008,7008,96.1268,471.264,0
150685,0,7463,7463,241.417,695.859,0
150685,1,7010,7010,96.1268,471.264,0
150749,0,7465,7465,241.417,695.859,0
150749,1,7012,7012,96.1268,471.264,0
150811,0,7467,7467,241.417,695.859,0
150811,1,7014,7014,96.1268,471.264,0
150873,0,7469,7469,241.417,695.859,0
150873,1,7016,7016,96.1268,471.264,0
150937,0,7471,7471,241.417,695.859,0
150937,1,7018,7018,96.1268,471.264,0
151000,0,7473,7473,241.417,695.859,0
151000,1,7020,7020,96.1268,471.264,0
151064,0,7475,7475,241.417,695.859,0
151064,1,7022,7022,96.1268,471.264,0
151127,0,7477,7477,241.417,695.859,0
151127,1,7024,7024,96.1268,471.264,0
151191,0,7479,7479,241.417,695.859,0
151191,1,7026,7026,96.1268,471.264,0
151253,0,7481,7481,241.417,695.859,0
151253,1,7028,7028,96.1268,471.264,0
151315,0,7483,7483,241.417,695.859,0
151315,1,7030,7030,96.1268,471.264,0
151377,0,7485,7485,241.417,695.859,0
151377,1,7032,7032,96.1268,471.264,0
151440,0,7487,7487,241.417,695.859,0
151440,1,7034,7034,96.1268,471.264,1
151503,0,7489,7489,241.417,695.859,0
151503,1,7036,7036,96.1268,471.264,1
151564,0,7491,7491,241.417,695.859,0
151564,1,7038,7038,96.1268,471.264,1
151628,0,7493,7493,241.417,695.859,0
151628,1,7040,7040,96.1268,471.264,1
151690,0,7495,7495,241.417,695.859,0
151690,1,7042,7042,96.1268,471.264,1
151753,0,7498,7498,241.417,695.859,0
151753,1,7045,7045,96.1268,471.264,1
151809,0,7500,7500,241.417,695.859,0
151809,1,7047,7047,96.1268,471.264,1
151871,0,7502,7502,241.417,695.859,0
151871,1,7049,7049,96.1268,471.264,1
151933,0,7504,7504,241.417,695.859,0
151933,1,7051,7051,96.1268,471.264,1
151996,0,7506,7506,241.417,695.859,0
151996,1,7053,7053,96.1268,471.264,1
152056,0,7508,7508,241.417,695.859,0
152056,1,7055,7055,96.1268,471.264,1
152118,0,7510,7510,241.417,695.859,0
152118,1,7057,7057,96.1268,471.264,1
152181,0,7512,7512,241.417,695.859,0
152181,1,7059,7059,96.1268,471.264,1
152237,0,7514,7514,241.417,695.859,0
152237,1,7061,7061,96.1268,471.264,1
152300,0,7516,7516,241.417,695.859,0
152300,1,7063,7063,96.1268,471.264,1
152353,0,7518,7518,241.417,695.859,0
152353,1,7065,7065,96.1268,471.264,1
152416,0,7520,7520,241.417,695.859,0
152416,1,7067,7067,96.1268,471.264,1
152473,0,7522,7522,241.417,695.859,0
152473,1,7069,7069,96.1268,471.264,1
152537,0,7524,7524,241.417,695.859,0
152537,1,7071,7071,96.1268,471.264,1
152593,0,7526,7526,241.417,695.859,0
152593,1,7073,7073,96.1268,471.264,1
152656,0,7528,7528,241.417,695.859,0
152656,1,7075,7075,96.1268,471.264,1
152718,0,7530,7530,241.417,695.859,0
152718,1,7077,7077,96.1268,471.264,1
152782,0,7533,7533,241.417,695.859,0
152782,1,7079,7079,96.1268,471.264,1
152845,0,7535,7535,241.417,695.859,0
152845,1,7081,7081,96.1268,471.264,1
152908,0,7537,7537,241.417,695.859,0
152908,1,7083,7083,96.1268,471.264,1
152970,0,7539,7539,241.417,695.859,0
152970,1,7085,7085,96.1268,471.264,1
153040,0,7541,7541,241.417,695.859,0
153040,1,7086,7086,96.1268,471.264,1
153095,0,7543,7543,241.417,695.859,0
153095,1,7089,7089,96.1268,471.264,1
153158,0,7546,7546,241.417,695.859,0
153158,1,7091,7091,96.1268,471.264,1
153219,0,7548,7548,241.417,695.859,0
153219,1,7093,7093,96.1268,471.264,1
153283,0,7551,7551,241.417,695.859,0
153283,1,7095,7095,96.1268,471.264,1
153349,0,7554,7554,241.417,695.859,0
153349,1,7097,7097,96.1268,471.264,1
153411,0,7556,7556,241.417,695.859,0
153411,1,7099,7099,96.1268,471.264,1
153473,0,7558,7558,241.417,695.859,0
153473,1,7101,7101,96.1268,471.264,1
153536,0,7560,7560,241.417,695.859,0
153536,1,7103,7103,96.1268,471.264,1
153591,0,7562,7562,241.417,695.859,0
153591,1,7106,7106,96.1268,471.264,1
153653,0,7564,7564,241.417,695.859,0
153653,1,7108,7108,96.1268,471.264,1
153715,0,7566,7566,241.417,695.859,0
153715,1,7110,7110,96.1268,471.264,1
153777,0,7568,7568,241.417,695.859,0
153777,1,7112,7112,96.1268,471.264,1
153840,0,7570,7570,241.417,695.859,0
153840,1,7114,7114,96.1268,471.264,1
153904,0,7573,7573,241.417,695.859,0
153904,1,7116,7116,96.1268,471.264,1
153966,0,7575,7575,241.417,695.859,0
153966,1,7118,7118,96.1268,471.264,1
154027,0,7577,7577,241.417,695.859,0
154027,1,7120,7120,96.1268,471.264,1
154089,0,7579,7579,241.417,695.859,0
154089,1,7122,7122,96.1268,471.264,1
154153,0,7581,7581,241.417,695.859,0
154153,1,7124,7124,96.1268,471.264,1
154204,0,7583,7583,241.417,695.859,0
154204,1,7126,7126,96.1268,471.264,1
154268,0,7585,7585,241.417,695.859,0
154268,1,7128,7128,96.1268,471.264,1
154330,0,7587,7587,241.417,695.859,0
154330,1,7130,7130,96.1268,471.264,1
154397,0,7588,7588,241.417,695.859,0
154397,1,7130,7130,96.1268,471.264,1
154459,0,7591,7591,241.417,695.859,0
154459,1,7133,7133,96.1268,471.264,1
154520,0,7593,7593,241.417,695.859,0
154520,1,7135,7135,96.1268,471.264,1
154585,0,7595,7595,241.417,695.859,0
154585,1,7137,7137,96.1268,471.264,1
154645,0,7597,7597,241.417,695.859,0
154645,1,7139,7139,96.1268,471.264,1
154708,0,7599,7599,241.417,695.859,0
154708,1,7141,7141,96.1268,471.264,1
154771,0,7601,7601,241.417,695.859,0
154771,1,7143,7143,96.1268,471.264,1
154834,0,7603,7603,241.417,695.859,0
154834,1,7145,7145,96.1268,471.264,1
154894,0,7605,7605,241.417,695.859,0
154894,1,7147,7147,96.1268,471.264,1
154959,0,7607,7607,241.417,695.859,0
154959,1,7149,7149,96.1268,471.264,1
155022,0,7609,7609,241.417,695.859,0
155022,1,7151,7151,96.1268,471.264,1
155083,0,7611,7611,241.417,695.859,0
155083,1,7153,7153,96.1268,471.264,1
155135,0,7613,7613,241.417,695.859,0
155135,1,7155,7155,96.1268,471.264,1
155201,0,7616,7616,241.417,695.859,0
155201,1,7158,7158,96.1268,471.264,1
155253,0,7618,7618,241.417,695.859,0
155253,1,7160,7160,96.1268,471.264,1
155306,0,7620,7620,241.417,695.859,0
155306,1,7162,7162,96.1268,471.264,1
155372,0,7623,7623,241.417,695.859,0
155372,1,7165,7165,96.1268,471.264,1
155434,0,7626,7626,241.417,695.859,0
155434,1,7167,7167,96.1268,471.264,1
155493,0,7628,7628,241.417,695.859,0
155493,1,7169,7169,96.1268,471.264,1
155555,0,7630,7630,241.417,695.859,0
155555,1,7171,7171,96.1268,471.264,1
155617,0,7632,7632,241.417,695.859,0
155617,1,7173,7173,96.1268,471.264,1
155682,0,7634,7634,241.417,695.859,0
155682,1,7176,7176,96.1268,471.264,1
155743,0,7636,7636,241.417,695.859,0
155743,1,7178,7178,96.1268,471.264,1
155808,0,7638,7638,241.417,695.859,0
155808,1,7180,7180,96.1268,471.264,1
155871,0,7640,7640,241.417,695.859,0
155871,1,7182,7182,96.1268,471.264,1
155933,0,7642,7642,241.417,695.859,0
155933,1,7184,7184,96.1268,471.264,1
155995,0,7644,7644,241.417,695.859,0
155995,1,7186,7186,96.1268,471.264,1
156055,0,7646,7646,241.417,695.859,0
156055,1,7188,7188,96.1268,471.264,1
156120,0,7648,7648,241.417,695.859,0
156120,1,7190,7190,96.1268,471.264,1
156183,0,7651,7651,241.417,695.859,0
156183,1,7193,7193,96.1268,471.264,1
156244,0,7653,7653,241.417,695.859,0
156244,1,7195,7195,96.1268,471.264,1
156308,0,7655,7655,241.417,695.859,0
156308,1,7197,7197,96.1268,471.264,1
156373,0,7657,7657,241.417,695.859,0
156373,1,7199,7199,96.1268,471.264,1
156438,0,7660,7660,241.417,695.859,0
156438,1,7201,7201,96.1268,471.264,1
156502,0,7662,7662,241.417,695.859,0
156502,1,7204,7204,96.1268,471.264,1
156556,0,7664,7664,241.417,695.859,0
156556,1,7206,7206,96.1268,471.264,1
156618,0,7666,7666,241.417,695.859,0
156618,1,7208,7208,96.1268,471.264,1
156676,0,7668,7668,241.417,695.859,0
156676,1,7210,7210,96.1268,471.264,1
156739,0,7670,7670,241.417,695.859,0
156739,1,7212,7212,96.1268,471.264,1
156801,0,7673,7673,241.417,695.859,0
156801,1,7214,7214,96.1268,471.264,1
156864,0,7675,7675,241.417,695.859,0
156864,1,7216,7216,96.1268,471.264,1
156927,0,7677,7677,241.417,695.859,0
156927,1,7218,7218,96.1268,471.264,1
156980,0,7679,7679,241.417,695.859,0
156980,1,7220,7220,96.1268,471.264,1
157044,0,7682,7682,241.417,695.859,0
157044,1,7223,7223,96.1268,471.264,1
157110,0,7684,7684,241.417,695.859,0
157110,1,7225,7225,96.1268,471.264,1
157167,0,7686,7686,241.417,695.859,0
157167,1,7227,7227,96.1268,471.264,1
157230,0,7688,7688,241.417,695.859,0
157230,1,7229,7229,96.1268,471.264,1
157293,0,7690,7690,241.417,695.859,0
157293,1,7232,7232,96.1268,471.264,1
157353,0,7692,7692,241.417,695.859,0
157353,1,7234,7234,96.1268,471.264,1
157420,0,7694,7694,241.417,695.859,0
157420,1,7236,7236,96.1268,471.264,1
157482,0,7696,7696,241.417,695.859,0
157482,1,7238,7238,96.1268,471.264,1
157544,0,7698,7698,241.417,695.859,0
157544,1,7240,7240,96.1268,471.264,1
157611,0,7699,7699,241.417,695.859,0
157611,1,7241,7241,96.1268,471.264,1
157670,0,7702,7702,241.417,695.859,0
157670,1,7244,7244,96.1268,471.264,1
157733,0,7704,7704,241.417,695.859,0
157733,1,7246,7246,96.1268,471.264,1
157795,0,7706,7706,241.417,695.859,0
157795,1,7248,7248,96.1268,471.264,1
157858,0,7708,7708,241.417,695.859,0
157858,1,7250,7250,96.1268,471.264,1
157919,0,7710,7710,241.417,695.859,0
157919,1,7252,7252,96.1268,471.264,1
157982,0,7712,7712,241.417,695.859,0
157982,1,7254,7254,96.1268,471.264,1
158046,0,7715,7715,241.417,695.859,0
158046,1,7257,7257,96.1268,471.264,1
158108,0,7717,7717,241.417,695.859,0
158108,1,7259,7259,96.1268,471.264,1
158170,0,7719,7719,241.417,695.859,0
158170,1,7261,7261,96.1268,471.264,1
158232,0,7721,7721,241.417,695.859,0
158232,1,7263,7263,96.1268,471.264,1
158294,0,7723,7723,241.417,695.859,0
158294,1,7265,7265,96.1268,471.264,1
158358,0,7725,7725,241.417,695.859,0
158358,1,7267,7267,96.1268,471.264,1
158421,0,7727,7727,241.417,695.859,0
158421,1,7269,7269,96.1268,471.264,1
158484,0,7729,7729,241.417,695.859,0
158484,1,7271,7271,96.1268,471.264,1
158581,0,7733,7733,241.417,695.859,0
158581,1,7275,7275,96.1268,471.264,1
158642,0,7735,7735,241.417,695.859,0
158642,1,7277,7277,96.1268,471.264,1
158704,0,7737,7737,241.417,695.859,0
158704,1,7279,7279,96.1268,471.264,1
158767,0,7739,7739,241.417,695.859,0
158767,1,7281,7281,96.1268,471.264,1
158832,0,7741,7741,241.417,695.859,0
158832,1,7283,7283,96.1268,471.264,1
158926,0,7743,7743,241.417,695.859,0
158926,1,7285,7285,96.1268,471.264,1
158988,0,7745,7745,241.417,695.859,0
158988,1,7288,7288,96.1268,471.264,1
159050,0,7747,7747,241.417,695.859,0
159050,1,7290,7290,96.1268,471.264,1
159113,0,7749,7749,241.417,695.859,0
159113,1,7292,7292,96.1268,471.264,1
159176,0,7751,7751,241.417,695.859,0
159176,1,7294,7294,96.1268,471.264,1
159238,0,7753,7753,241.417,695.859,0
159238,1,7296,7296,96.1268,471.264,1
159301,0,7755,7755,241.417,695.859,0
159301,1,7298,7298,96.1268,471.264,1
159353,0,7757,7757,241.417,695.859,0
159353,1,7300,7300,96.1268,471.264,1
159415,0,7759,7759,241.417,695.859,0
159415,1,7302,7302,96.1268,471.264,1
159467,0,7761,7761,241.417,695.859,0
159467,1,7304,7304,96.1268,471.264,1
159531,0,7764,7764,241.417,695.859,0
159531,1,7306,7306,96.1268,471.264,1
159594,0,7766,7766,241.417,695.859,0
159594,1,7308,7308,96.1268,471.264,1
159646,0,7768,7768,241.417,695.859,0
159646,1,7311,7311,96.1268,471.264,1
159704,0,7770,7770,241.417,695.859,0
159704,1,7313,7313,96.1268,471.264,1
159766,0,7772,7772,241.417,695.859,0
159766,1,7315,7315,96.1268,471.264,1
159829,0,7774,7774,241.417,695.859,0
159829,1,7317,7317,96.1268,471.264,1
159894,0,7776,7776,241.417,695.859,0
159894,1,7319,7319,96.1268,471.264,1
159959,0,7779,7779,241.417,695.859,0
159959,1,7322,7322,96.1268,471.264,1
160015,0,7781,7781,241.417,695.859,0
160015,1,7324,7324,96.1268,471.264,1
160078,0,7783,7783,241.417,695.859,0
160078,1,7326,7326,96.1268,471.264,1
160141,0,7785,7785,241.417,695.859,0
160141,1,7328,7328,96.1268,471.264,1
160203,0,7787,7787,241.417,695.859,0
160203,1,7330,7330,96.1268,471.264,1
160264,0,7789,7789,241.417,695.859,0
160264,1,7332,7332,96.1268,471.264,1
160327,0,7791,7791,241.417,695.859,0
160327,1,7334,7334,96.1268,471.264,1
160390,0,7793,7793,241.417,695.859,0
160390,1,7336,7336,96.1268,471.264,1
160454,0,7795,7795,241.417,695.859,0
160454,1,7338,7338,96.1268,471.264,1
160516,0,7797,7797,241.417,695.859,0
160516,1,7340,7340,96.1268,471.264,1
160577,0,7799,7799,241.417,695.859,0
160577,1,7342,7342,96.1268,471.264,1
160642,0,7801,7801,241.417,695.859,0
160642,1,7344,7344,96.1268,471.264,1
160703,0,7803,7803,241.417,695.859,0
160703,1,7346,7346,96.1268,471.264,1
160755,0,7805,7805,241.417,695.859,0
160755,1,7348,7348,96.1268,471.264,1
160817,0,7807,7807,241.417,695.859,0
160817,1,7350,7350,96.1268,471.264,1
160882,0,7809,7809,241.417,695.859,0
160882,1,7352,7352,96.1268,471.264,1
160945,0,7812,7812,241.417,695.859,0
160945,1,7354,7354,96.1268,471.264,1
161007,0,7814,7814,241.417,695.859,0
161007,1,7356,7356,96.1268,471.264,1
161074,0,7816,7816,241.417,695.859,0
161074,1,7359,7359,96.1268,471.264,1
161136,0,7818,7818,241.417,695.859,0
161136,1,7361,7361,96.1268,471.264,1
161197,0,7820,7820,241.417,695.859,0
161197,1,7363,7363,96.1268,471.264,1
161260,0,7822,7822,241.417,695.859,0
161260,1,7365,7365,96.1268,471.264,1
161338,0,7824,7824,241.417,695.859,0
161338,1,7367,7367,96.1268,471.264,1
161401,0,7826,7826,241.417,695.859,0
161401,1,7370,7370,96.1268,471.264,1
161464,0,7828,7828,241.417,695.859,0
161464,1,7372,7372,96.1268,471.264,1
161525,0,7830,7830,241.417,695.859,0
161525,1,7374,7374,96.1268,471.264,1
161587,0,7832,7832,241.417,695.859,0
161587,1,7376,7376,96.1268,471.264,1
161652,0,7834,7834,241.417,695.859,0
161652,1,7378,7378,96.1268,471.264,1
161715,0,7836,7836,241.417,695.859,0
161715,1,7380,7380,96.1268,471.264,1
161779,0,7839,7839,241.417,695.859,0
161779,1,7382,7382,96.1268,471.264,1
161843,0,7841,7841,241.417,695.859,0
161843,1,7385,7385,96.1268,471.264,1
161905,0,7843,7843,241.417,695.859,0
161905,1,7387,7387,96.1268,471.264,1
161968,0,7845,7845,241.417,695.859,0
161968,1,7389,7389,96.1268,471.264,1
162031,0,7847,7847,241.417,695.859,0
162031,1,7392,7392,96.1268,471.264,1
162095,0,7849,7849,241.417,695.859,0
162095,1,7394,7394,96.1268,471.264,1
162153,0,7851,7851,241.417,695.859,0
162153,1,7396,7396,96.1268,471.264,1
162205,0,7853,7853,241.417,695.859,0
162205,1,7398,7398,96.1268,471.264,1
162267,0,7855,7855,241.417,695.859,0
162267,1,7401,7401,96.1268,471.264,1
162329,0,7857,7857,241.417,695.859,0
162329,1,7403,7403,96.1268,471.264,1
162391,0,7859,7859,241.417,695.859,0
162391,1,7405,7405,96.1268,471.264,1
162455,0,7861,7861,241.417,695.859,0
162455,1,7407,7407,96.1268,471.264,1
162507,0,7863,7863,241.417,695.859,0
162507,1,7409,7409,96.1268,471.264,1
162561,0,7865,7865,241.417,695.859,0
162561,1,7411,7411,96.1268,471.264,1
162623,0,7867,7867,241.417,695.859,0
162623,1,7413,7413,96.1268,471.264,1
162676,0,7869,7869,241.417,695.859,0
162676,1,7415,7415,96.1268,471.264,1
162746,0,7872,7872,241.417,695.859,0
162746,1,7417,7417,96.1268,471.264,1
162804,0,7874,7874,241.417,695.859,0
162804,1,7419,7419,96.1268,471.264,1
162867,0,7876,7876,241.417,695.859,0
162867,1,7421,7421,96.1268,471.264,1
162930,0,7878,7878,241.417,695.859,0
162930,1,7423,7423,96.1268,471.264,1
162994,0,7881,7881,241.417,695.859,0
162994,1,7426,7426,96.1268,471.264,1
163051,0,7883,7883,241.417,695.859,0
163051,1,7428,7428,96.1268,471.264,1
163107,0,7886,7886,241.417,695.859,0
163107,1,7430,7430,96.1268,471.264,1
163161,0,7888,7888,241.417,695.859,0
163161,1,7432,7432,96.1268,471.264,1
163222,0,7890,7890,241.417,695.859,0
163222,1,7434,7434,96.1268,471.264,1
163286,0,7893,7893,241.417,695.859,0
163286,1,7436,7436,96.1268,471.264,1
163350,0,7895,7895,241.417,695.859,0
163350,1,7438,7438,96.1268,471.264,1
163413,0,7897,7897,241.417,695.859,0
163413,1,7440,7440,96.1268,471.264,1
163476,0,7899,7899,241.417,695.859,0
163476,1,7442,7442,96.1268,471.264,1
163537,0,7902,7902,241.417,695.859,0
163537,1,7445,7445,96.1268,471.264,1
163599,0,7904,7904,241.417,695.859,0
163599,1,7447,7447,96.1268,471.264,1
163664,0,7906,7906,241.417,695.859,0
163664,1,7449,7449,96.1268,471.264,1
163719,0,7908,7908,241.417,695.859,0
163719,1,7451,7451,96.1268,471.264,1
163781,0,7910,7910,241.417,695.859,0
163781,1,7453,7453,96.1268,471.264,1
163844,0,7912,7912,241.417,695.859,0
163844,1,7455,7455,96.1268,471.264,1
163903,0,7914,7914,241.417,695.859,0
163903,1,7457,7457,96.1268,471.264,1
163966,0,7916,7916,241.417,695.859,0
163966,1,7459,7459,96.1268,471.264,1
164045,0,7919,7919,241.417,695.859,0
164045,1,7462,7462,96.1268,471.264,1
164107,0,7921,7921,241.417,695.859,0
164107,1,7464,7464,96.1268,471.264,1
164170,0,7923,7923,241.417,695.859,0
164170,1,7466,7466,96.1268,471.264,1
164234,0,7925,7925,241.417,695.859,0
164234,1,7468,7468,96.1268,471.264,1
164295,0,7927,7927,241.417,695.859,0
164295,1,7470,7470,96.1268,471.264,1
164359,0,7929,7929,241.417,695.859,0
164359,1,7472,7472,96.1268,471.264,1
164419,0,7931,7931,241.417,695.859,0
164419,1,7474,7474,96.1268,471.264,1
164504,0,7932,7932,241.417,695.859,0
164504,1,7475,7475,96.1268,471.264,1
164561,0,7934,7934,241.417,695.859,0
164561,1,7477,7477,96.1268,471.264,1
164623,0,7936,7936,241.417,695.859,0
164623,1,7479,7479,96.1268,471.264,1
164680,0,7938,7938,241.417,695.859,0
164680,1,7481,7481,96.1268,471.264,1
164743,0,7941,7941,241.417,695.859,0
164743,1,7483,7483,96.1268,471.264,1
164808,0,7943,7943,241.417,695.859,0
164808,1,7486,7486,96.1268,471.264,1
164871,0,7945,7945,241.417,695.859,0
164871,1,7488,7488,96.1268,471.264,1
164934,0,7947,7947,241.417,695.859,0
164934,1,7490,7490,96.1268,471.264,1
164994,0,7949,7949,241.417,695.859,0
164994,1,7492,7492,96.1268,471.264,1
165057,0,7951,7951,241.417,695.859,0
165057,1,7494,7494,96.1268,471.264,1
165119,0,7953,7953,241.417,695.859,0
165119,1,7496,7496,96.1268,471.264,1
165186,0,7956,7956,241.417,695.859,0
165186,1,7499,7499,96.1268,471.264,1
165251,0,7959,7959,241.417,695.859,0
165251,1,7502,7502,96.1268,471.264,1
165313,0,7961,7961,241.417,695.859,0
165313,1,7504,7504,96.1268,471.264,1
165397,0,7964,7964,241.417,695.859,0
165397,1,7507,7507,96.1268,471.264,1
165460,0,7966,7966,241.417,695.859,0
165460,1,7509,7509,96.1268,471.264,1
165524,0,7969,7969,241.417,695.859,0
165524,1,7511,7511,96.1268,471.264,1
165586,0,7971,7971,241.417,695.859,0
165586,1,7513,7513,96.1268,471.264,1
165649,0,7973,7973,241.417,695.859,0
165649,1,7515,7515,96.1268,471.264,1
165713,0,7973,7973,241.417,695.859,0
165713,1,7516,7516,96.1268,471.264,1
165775,0,7976,7976,241.417,695.859,0
165775,1,7519,7519,96.1268,471.264,1
165834,0,7978,7978,241.417,695.859,0
165834,1,7521,7521,96.1268,471.264,1
165897,0,7980,7980,241.417,695.859,0
165897,1,7523,7523,96.1268,471.264,1
165958,0,7982,7982,241.417,695.859,0
165958,1,7525,7525,96.1268,471.264,1
166022,0,7984,7984,241.417,695.859,0
166022,1,7527,7527,96.1268,471.264,1
166084,0,7986,7986,241.417,695.859,0
166084,1,7529,7529,96.1268,471.264,1
166148,0,7988,7988,241.417,695.859,0
166148,1,7531,7531,96.1268,471.264,1
166210,0,7990,7990,241.417,695.859,0
166210,1,7533,7533,96.1268,471.264,1
166265,0,7992,7992,241.417,695.859,0
166265,1,7535,7535,96.1268,471.264,1
166325,0,7994,7994,241.417,695.859,0
166325,1,7537,7537,96.1268,471.264,1
166389,0,7997,7997,241.417,695.859,0
166389,1,7539,7539,96.1268,471.264,1
166452,0,7999,7999,241.417,695.859,0
166452,1,7541,7541,96.1268,471.264,1
166516,0,8001,8001,241.417,695.859,0
166516,1,7543,7543,96.1268,471.264,1
166576,0,8003,8003,241.417,695.859,0
166576,1,7545,7545,96.1268,471.264,1
166640,0,8005,8005,241.417,695.859,0
166640,1,7547,7547,96.1268,471.264,1
166704,0,8007,8007,241.417,695.859,0
166704,1,7549,7549,96.1268,471.264,1
166767,0,8011,8011,241.417,695.859,0
166767,1,7552,7552,96.1268,471.264,1
166828,0,8013,8013,241.417,695.859,0
166828,1,7554,7554,96.1268,471.264,1
166924,0,8014,8014,241.417,695.859,0
166924,1,7556,7556,96.1268,471.264,1
166986,0,8017,8017,241.417,695.859,0
166986,1,7558,7558,96.1268,471.264,1
167048,0,8019,8019,241.417,695.859,0
167048,1,7560,7560,96.1268,471.264,1
167110,0,8021,8021,241.417,695.859,0
167110,1,7562,7562,96.1268,471.264,1
167173,0,8023,8023,241.417,695.859,0
167173,1,7564,7564,96.1268,471.264,1
167234,0,8025,8025,241.417,695.859,0
167234,1,7566,7566,96.1268,471.264,1
167298,0,8028,8028,241.417,695.859,0
167298,1,7568,7568,96.1268,471.264,1
167361,0,8030,8030,241.417,695.859,0
167361,1,7570,7570,96.1268,471.264,1
167422,0,8032,8032,241.417,695.859,0
167422,1,7572,7572,96.1268,471.264,1
167486,0,8034,8034,241.417,695.859,0
167486,1,7574,7574,96.1268,471.264,1
167550,0,8036,8036,241.417,695.859,0
167550,1,7576,7576,96.1268,471.264,1
167604,0,8038,8038,241.417,695.859,0
167604,1,7578,7578,96.1268,471.264,1
167667,0,8041,8041,241.417,695.859,0
167667,1,7580,7580,96.1268,471.264,1
167730,0,8043,8043,241.417,695.859,0
167730,1,7582,7582,96.1268,471.264,1
167792,0,8045,8045,241.417,695.859,0
167792,1,7584,7584,96.1268,471.264,1
167855,0,8047,8047,241.417,695.859,0
167855,1,7587,7587,96.1268,471.264,1
167912,0,8049,8049,241.417,695.859,0
167912,1,7589,7589,96.1268,471.264,1
167976,0,8052,8052,241.417,695.859,0
167976,1,7591,7591,96.1268,471.264,1
168040,0,8054,8054,241.417,695.859,0
168040,1,7593,7593,96.1268,471.264,1
168133,0,8058,8058,241.417,695.859,0
168133,1,7596,7596,96.1268,471.264,1
168196,0,8060,8060,241.417,695.859,0
168196,1,7598,7598,96.1268,471.264,1
168254,0,8062,8062,241.417,695.859,0
168254,1,7600,7600,96.1268,471.264,1
168317,0,8064,8064,241.417,695.859,0
168317,1,7602,7602,96.1268,471.264,1
168377,0,8066,8066,241.417,695.859,0
168377,1,7604,7604,96.1268,471.264,1
168434,0,8068,8068,241.417,695.859,0
168434,1,7606,7606,96.1268,471.264,1
168489,0,8070,8070,241.417,695.859,0
168489,1,7608,7608,96.1268,471.264,1
168552,0,8072,8072,241.417,695.859,0
168552,1,7610,7610,96.1268,471.264,1
168614,0,8074,8074,241.417,695.859,0
168614,1,7612,7612,96.1268,471.264,1
168678,0,8074,8074,241.417,695.859,0
168678,1,7613,7613,96.1268,471.264,1
168740,0,8077,8077,241.417,695.859,0
168740,1,7615,7615,96.1268,471.264,1
168792,0,8079,8079,241.417,695.859,0
168792,1,7617,7617,96.1268,471.264,1
168853,0,8081,8081,241.417,695.859,0
168853,1,7619,7619,96.1268,471.264,1
168916,0,8084,8084,241.417,695.859,0
168916,1,7622,7622,96.1268,471.264,1
168978,0,8086,8086,241.417,695.859,0
168978,1,7624,7624,96.1268,471.264,1
169040,0,8088,8088,241.417,695.859,0
169040,1,7626,7626,96.1268,471.264,1
169104,0,8090,8090,241.417,695.859,0
169104,1,7628,7628,96.1268,471.264,1
169166,0,8092,8092,241.417,695.859,0
169166,1,7630,7630,96.1268,471.264,1
169228,0,8094,8094,241.417,695.859,0
169228,1,7632,7632,96.1268,471.264,1
169292,0,8097,8097,241.417,695.859,0
169292,1,7634,7634,96.1268,471.264,1
169356,0,8099,8099,241.417,695.859,0
169356,1,7636,7636,96.1268,471.264,1
169419,0,8101,8101,241.417,695.859,0
169419,1,7638,7638,96.1268,471.264,1
169497,0,8103,8103,241.417,695.859,0
169497,1,7641,7641,96.1268,471.264,1
169558,0,8105,8105,241.417,695.859,0
169558,1,7643,7643,96.1268,471.264,1
169622,0,8107,8107,241.417,695.859,0
169622,1,7645,7645,96.1268,471.264,1
169686,0,8110,8110,241.417,695.859,0
169686,1,7647,7647,96.1268,471.264,1
169747,0,8112,8112,241.417,695.859,0
169747,1,7649,7649,96.1268,471.264,1
169814,0,8115,8115,241.417,695.859,0
169814,1,7652,7652,96.1268,471.264,1
169913,0,8117,8117,241.417,695.859,0
169913,1,7654,7654,96.1268,471.264,1
169973,0,8119,8119,241.417,695.859,0
169973,1,7657,7657,96.1268,471.264,1
170037,0,8121,8121,241.417,695.859,0
170037,1,7659,7659,96.1268,471.264,1
170098,0,8123,8123,241.417,695.859,0
170098,1,7661,7661,96.1268,471.264,1
170159,0,8125,8125,241.417,695.859,0
170159,1,7663,7663,96.1268,471.264,1
170221,0,8127,8127,241.417,695.859,0
170221,1,7665,7665,96.1268,471.264,1
170281,0,8129,8129,241.417,695.859,0
170281,1,7667,7667,96.1268,471.264,1
170343,0,8131,8131,241.417,695.859,0
170343,1,7669,7669,96.1268,471.264,1
170406,0,8133,8133,241.417,695.859,0
170406,1,7671,7671,96.1268,471.264,1
170470,0,8135,8135,241.417,695.859,0
170470,1,7673,7673,96.1268,471.264,1
170532,0,8137,8137,241.417,695.859,0
170532,1,7675,7675,96.1268,471.264,1
170589,0,8139,8139,241.417,695.859,0
170589,1,7677,7677,96.1268,471.264,1
170653,0,8141,8141,241.417,695.859,0
170653,1,7679,7679,96.1268,471.264,1
170716,0,8143,8143,241.417,695.859,0
170716,1,7681,7681,96.1268,471.264,1
170779,0,8145,8145,241.417,695.859,0
170779,1,7683,7683,96.1268,471.264,1
170845,0,8148,8148,241.417,695.859,0
170845,1,7686,7686,96.1268,471.264,1
170903,0,8150,8150,241.417,695.859,0
170903,1,7688,7688,96.1268,471.264,1
170958,0,8152,8152,241.417,695.859,0
170958,1,7690,7690,96.1268,471.264,1
171011,0,8154,8154,241.417,695.859,0
171011,1,7692,7692,96.1268,471.264,1
171065,0,8156,8156,241.417,695.859,0
171065,1,7694,7694,96.1268,471.264,1
171127,0,8158,8158,241.417,695.859,0
171127,1,7696,7696,96.1268,471.264,1
171219,0,8160,8160,241.417,695.859,0
171219,1,7697,7697,96.1268,471.264,1
171284,0,8162,8162,241.417,695.859,0
171284,1,7700,7700,96.1268,471.264,1
171340,0,8164,8164,241.417,695.859,0
171340,1,7702,7702,96.1268,471.264,1
171392,0,8165,8165,241.417,695.859,0
171392,1,7703,7703,96.1268,471.264,1
171453,0,8168,8168,241.417,695.859,0
171453,1,7706,7706,96.1268,471.264,1
171515,0,8170,8170,241.417,695.859,0
171515,1,7708,7708,96.1268,471.264,1
171567,0,8172,8172,241.417,695.859,0
171567,1,7710,7710,96.1268,471.264,1
171631,0,8175,8175,241.417,695.859,0
171631,1,7712,7712,96.1268,471.264,1
171692,0,8177,8177,241.417,695.859,0
171692,1,7714,7714,96.1268,471.264,1
171757,0,8179,8179,241.417,695.859,0
171757,1,7717,7717,96.1268,471.264,1
171823,0,8182,8182,241.417,695.859,0
171823,1,7719,7719,96.1268,471.264,1
171885,0,8184,8184,241.417,695.859,0
171885,1,7721,7721,96.1268,471.264,1
171948,0,8186,8186,241.417,695.859,0
171948,1,7723,7723,96.1268,471.264,1
172011,0,8188,8188,241.417,695.859,0
172011,1,7726,7726,96.1268,471.264,1
172074,0,8190,8190,241.417,695.859,0
172074,1,7728,7728,96.1268,471.264,1
172137,0,8192,8192,241.417,695.859,0
172137,1,7730,7730,96.1268,471.264,1
172209,0,8194,8194,241.417,695.859,0
172209,1,7732,7732,96.1268,471.264,1
172262,0,8196,8196,241.417,695.859,0
172262,1,7734,7734,96.1268,471.264,1
172324,0,8198,8198,241.417,695.859,0
172324,1,7736,7736,96.1268,471.264,1
172386,0,8200,8200,241.417,695.859,0
172386,1,7738,7738,96.1268,471.264,1
172450,0,8203,8203,241.417,695.859,0
172450,1,7741,7741,96.1268,471.264,1
172502,0,8205,8205,241.417,695.859,0
172502,1,7743,7743,96.1268,471.264,1
172561,0,8207,8207,241.417,695.859,0
172561,1,7745,7745,96.1268,471.264,1
172624,0,8209,8209,241.417,695.859,0
172624,1,7747,7747,96.1268,471.264,1
172686,0,8211,8211,241.417,695.859,0
172686,1,7749,7749,96.1268,471.264,1
172738,0,8213,8213,241.417,695.859,0
172738,1,7751,7751,96.1268,471.264,1
172800,0,8215,8215,241.417,695.859,0
172800,1,7753,7753,96.1268,471.264,1
172890,0,8217,8217,241.417,695.859,0
172890,1,7755,7755,96.1268,471.264,1
172956,0,8220,8220,241.417,695.859,0
172956,1,7758,7758,96.1268,471.264,1
173023,0,8222,8222,241.417,695.859,0
173023,1,7760,7760,96.1268,471.264,1
173089,0,8225,8225,241.417,695.859,0
173089,1,7763,7763,96.1268,471.264,1
173151,0,8227,8227,241.417,695.859,0
173151,1,7765,7765,96.1268,471.264,1
173210,0,8229,8229,241.417,695.859,0
173210,1,7767,7767,96.1268,471.264,1
173276,0,8232,8232,241.417,695.859,0
173276,1,7770,7770,96.1268,471.264,1
173339,0,8234,8234,241.417,695.859,0
173339,1,7772,7772,96.1268,471.264,1
173400,0,8236,8236,241.417,695.859,0
173400,1,7774,7774,96.1268,471.264,1
173464,0,8238,8238,241.417,695.859,0
173464,1,7776,7776,96.1268,471.264,1
173527,0,8240,8240,241.417,695.859,0
173527,1,7778,7778,96.1268,471.264,1
173589,0,8242,8242,241.417,695.859,0
173589,1,7780,7780,96.1268,471.264,1
173652,0,8244,8244,241.417,695.859,0
173652,1,7782,7782,96.1268,471.264,1
173707,0,8246,8246,241.417,695.859,0
173707,1,7784,7784,96.1268,471.264,1
173771,0,8249,8249,241.417,695.859,0
173771,1,7786,7786,96.1268,471.264,1
173837,0,8251,8251,241.417,695.859,0
173837,1,7789,7789,96.1268,471.264,1
173900,0,8253,8253,241.417,695.859,0
173900,1,7791,7791,96.1268,471.264,1
173967,0,8256,8256,241.417,695.859,0
173967,1,7793,7793,96.1268,471.264,1
174028,0,8258,8258,241.417,695.859,0
174028,1,7795,7795,96.1268,471.264,1
174095,0,8259,8259,241.417,695.859,0
174095,1,7797,7797,96.1268,471.264,1
174153,0,8261,8261,241.417,695.859,0
174153,1,7799,7799,96.1268,471.264,1
174216,0,8263,8263,241.417,695.859,0
174216,1,7801,7801,96.1268,471.264,1
174279,0,8265,8265,241.417,695.859,0
174279,1,7803,7803,96.1268,471.264,1
174331,0,8267,8267,241.417,695.859,0
174331,1,7805,7805,96.1268,471.264,1
174393,0,8269,8269,241.417,695.859,0
174393,1,7807,7807,96.1268,471.264,1
174457,0,8271,8271,241.417,695.859,0
174457,1,7809,7809,96.1268,471.264,1
174519,0,8273,8273,241.417,695.859,0
174519,1,7811,7811,96.1268,471.264,1
174581,0,8275,8275,241.417,695.859,0
174581,1,7813,7813,96.1268,471.264,1
174643,0,8277,8277,241.417,695.859,0
174643,1,7815,7815,96.1268,471.264,1
174708,0,8279,8279,241.417,695.859,0
174708,1,7817,7817,96.1268,471.264,1
174770,0,8281,8281,241.417,695.859,0
174770,1,7820,7820,96.1268,471.264,1
174834,0,8283,8283,241.417,695.859,0
174834,1,7822,7822,96.1268,471.264,1
174897,0,8286,8286,241.417,695.859,0
174897,1,7824,7824,96.1268,471.264,1
174960,0,8288,8288,241.417,695.859,0
174960,1,7826,7826,96.1268,471.264,1
175021,0,8291,8291,241.417,695.859,0
175021,1,7828,7828,96.1268,471.264,1
175083,0,8293,8293,241.417,695.859,0
175083,1,7830,7830,96.1268,471.264,1
175146,0,8295,8295,241.417,695.859,0
175146,1,7833,7833,96.1268,471.264,1
175210,0,8297,8297,241.417,695.859,0
175210,1,7835,7835,96.1268,471.264,1
175273,0,8299,8299,241.417,695.859,0
175273,1,7837,7837,96.1268,471.264,1
175336,0,8301,8301,241.417,695.859,0
175336,1,7837,7837,96.1268,471.264,1
175398,0,8303,8303,241.417,695.859,0
175398,1,7840,7840,96.1268,471.264,1
175462,0,8305,8305,241.417,695.859,0
175462,1,7842,7842,96.1268,471.264,1
175513,0,8307,8307,241.417,695.859,0
175513,1,7843,7843,96.1268,471.264,1
175576,0,8309,8309,241.417,695.859,0
175576,1,7846,7846,96.1268,471.264,1
175639,0,8311,8311,241.417,695.859,0
175639,1,7848,7848,96.1268,471.264,1
175701,0,8313,8313,241.417,695.859,0
175701,1,7850,7850,96.1268,471.264,1
175766,0,8315,8315,241.417,695.859,0
175766,1,7853,7853,96.1268,471.264,1
175827,0,8318,8318,241.417,695.859,0
175827,1,7855,7855,96.1268,471.264,1
175891,0,8320,8320,241.417,695.859,0
175891,1,7857,7857,96.1268,471.264,1
175953,0,8322,8322,241.417,695.859,0
175953,1,7859,7859,96.1268,471.264,1
176017,0,8324,8324,241.417,695.859,0
176017,1,7861,7861,96.1268,471.264,1
176079,0,8326,8326,241.417,695.859,0
176079,1,7863,7863,96.1268,471.264,1
176143,0,8328,8328,241.417,695.859,0
176143,1,7865,7865,96.1268,471.264,1
176207,0,8330,8330,241.417,695.859,0
176207,1,7867,7867,96.1268,471.264,1
176302,0,8333,8333,241.417,695.859,0
176302,1,7870,7870,96.1268,471.264,1
176365,0,8335,8335,241.417,695.859,0
176365,1,7872,7872,96.1268,471.264,1
176429,0,8337,8337,241.417,695.859,0
176429,1,7874,7874,96.1268,471.264,1
176491,0,8339,8339,241.417,695.859,0
176491,1,7876,7876,96.1268,471.264,1
176556,0,8341,8341,241.417,695.859,0
176556,1,7878,7878,96.1268,471.264,1
176616,0,8343,8343,241.417,695.859,0
176616,1,7880,7880,96.1268,471.264,1
176679,0,8345,8345,241.417,695.859,0
176679,1,7882,7882,96.1268,471.264,1
176751,0,8346,8346,241.417,695.859,0
176751,1,7883,7883,96.1268,471.264,1
176804,0,8349,8349,241.417,695.859,0
176804,1,7886,7886,96.1268,471.264,1
176867,0,8351,8351,241.417,695.859,0
176867,1,7888,7888,96.1268,471.264,1
176930,0,8353,8353,241.417,695.859,0
176930,1,7890,7890,96.1268,471.264,1
176995,0,8356,8356,241.417,695.859,0
176995,1,7893,7893,96.1268,471.264,1
177058,0,8358,8358,241.417,695.859,0
177058,1,7895,7895,96.1268,471.264,1
177121,0,8360,8360,241.417,695.859,0
177121,1,7897,7897,96.1268,471.264,1
177185,0,8362,8362,241.417,695.859,0
177185,1,7899,7899,96.1268,471.264,1
177246,0,8364,8364,241.417,695.859,0
177246,1,7901,7901,96.1268,471.264,1
177309,0,8366,8366,241.417,695.859,0
177309,1,7903,7903,96.1268,471.264,1
177371,0,8368,8368,241.417,695.859,0
177371,1,7905,7905,96.1268,471.264,1
177435,0,8370,8370,241.417,695.859,0
177435,1,7908,7908,96.1268,471.264,1
177498,0,8372,8372,241.417,695.859,0
177498,1,7910,7910,96.1268,471.264,1
177561,0,8374,8374,241.417,695.859,0
177561,1,7912,7912,96.1268,471.264,1
177627,0,8377,8377,241.417,695.859,0
177627,1,7914,7914,96.1268,471.264,1
177689,0,8379,8379,241.417,695.859,0
177689,1,7916,7916,96.1268,471.264,1
177753,0,8381,8381,241.417,695.859,0
177753,1,7918,7918,96.1268,471.264,1
177816,0,8383,8383,241.417,695.859,0
177816,1,7920,7920,96.1268,471.264,1
177877,0,8385,8385,241.417,695.859,0
177877,1,7922,7922,96.1268,471.264,1
177940,0,8387,8387,241.417,695.859,0
177940,1,7924,7924,96.1268,471.264,1
178003,0,8389,8389,241.417,695.859,0
178003,1,7926,7926,96.1268,471.264,1
178067,0,8392,8392,241.417,695.859,0
178067,1,7929,7929,96.1268,471.264,1
178130,0,8394,8394,241.417,695.859,0
178130,1,7931,7931,96.1268,471.264,1
178188,0,8396,8396,241.417,695.859,0
178188,1,7933,7933,96.1268,471.264,1
178250,0,8398,8398,241.417,695.859,0
178250,1,7935,7935,96.1268,471.264,1
178316,0,8398,8398,241.417,695.859,0
178316,1,7936,7936,96.1268,471.264,1
178376,0,8402,8402,241.417,695.859,0
178376,1,7939,7939,96.1268,471.264,1
178439,0,8404,8404,241.417,695.859,0
178439,1,7941,7941,96.1268,471.264,1
178501,0,8406,8406,241.417,695.859,0
178501,1,7943,7943,96.1268,471.264,1
178563,0,8408,8408,241.417,695.859,0
178563,1,7945,7945,96.1268,471.264,1
178628,0,8411,8411,241.417,695.859,0
178628,1,7948,7948,96.1268,471.264,1
178690,0,8413,8413,241.417,695.859,0
178690,1,7950,7950,96.1268,471.264,1
178755,0,8415,8415,241.417,695.859,0
178755,1,7952,7952,96.1268,471.264,1
178807,0,8417,8417,241.417,695.859,0
178807,1,7954,7954,96.1268,471.264,1
178870,0,8419,8419,241.417,695.859,0
178870,1,7956,7956,96.1268,471.264,1
178933,0,8422,8422,241.417,695.859,0
178933,1,7959,7959,96.1268,471.264,1
179025,0,8425,8425,241.417,695.859,0
179025,1,7962,7962,96.1268,471.264,1
179088,0,8427,8427,241.417,695.859,0
179088,1,7964,7964,96.1268,471.264,1
179150,0,8429,8429,241.417,695.859,0
179150,1,7966,7966,96.1268,471.264,1
179212,0,8431,8431,241.417,695.859,0
179212,1,7968,7968,96.1268,471.264,1
179277,0,8433,8433,241.417,695.859,0
179277,1,7970,7970,96.1268,471.264,1
179337,0,8435,8435,241.417,695.859,0
179337,1,7972,7972,96.1268,471.264,1
179389,0,8437,8437,241.417,695.859,0
179389,1,7974,7974,96.1268,471.264,1
179453,0,8439,8439,241.417,695.859,0
179453,1,7976,7976,96.1268,471.264,1
179518,0,8441,8441,241.417,695.859,0
179518,1,7979,7979,96.1268,471.264,1
179585,0,8443,8443,241.417,695.859,0
179585,1,7981,7981,96.1268,471.264,1
179643,0,8445,8445,241.417,695.859,0
179643,1,7983,7983,96.1268,471.264,1
179707,0,8447,8447,241.417,695.859,0
179707,1,7985,7985,96.1268,471.264,1
179764,0,8449,8449,241.417,695.859,0
179764,1,7988,7988,96.1268,471.264,1
179827,0,8451,8451,241.417,695.859,0
179827,1,7990,7990,96.1268,471.264,1
179879,0,8454,8454,241.417,695.859,0
179879,1,7992,7992,96.1268,471.264,1
179941,0,8456,8456,241.417,695.859,0
179941,1,7994,7994,96.1268,471.264,1
180004,0,8458,8458,241.417,695.859,0
180004,1,7996,7996,96.1268,471.264,1
180066,0,8460,8460,241.417,695.859,0
180066,1,7998,7998,96.1268,471.264,1
180119,0,8461,8461,241.417,695.859,0
180119,1,8000,8000,96.1268,471.264,1
180182,0,8464,8464,241.417,695.859,0
180182,1,8003,8003,96.1268,471.264,1
180245,0,8466,8466,241.417,695.859,0
180245,1,8005,8005,96.1268,471.264,1
180300,0,8468,8468,241.417,695.859,0
180300,1,8007,8007,96.1268,471.264,1
180391,0,8471,8471,241.417,695.859,0
180391,1,8010,8010,96.1268,471.264,1
180445,0,8474,8474,241.417,695.859,0
180445,1,8012,8012,96.1268,471.264,1
180510,0,8476,8476,241.417,695.859,0
180510,1,8014,8014,96.1268,471.264,1
180561,0,8478,8478,241.417,695.859,0
180561,1,8016,8016,96.1268,471.264,1
180626,0,8481,8481,241.417,695.859,0
180626,1,8018,8018,96.1268,471.264,1
180689,0,8483,8483,241.417,695.859,0
180689,1,8020,8020,96.1268,471.264,1
180750,0,8485,8485,241.417,695.859,0
180750,1,8022,8022,96.1268,471.264,1
180842,0,8487,8487,241.417,695.859,0
180842,1,8025,8025,96.1268,471.264,1
180907,0,8490,8490,241.417,695.859,0
180907,1,8028,8028,96.1268,471.264,1
180970,0,8492,8492,241.417,695.859,0
180970,1,8030,8030,96.1268,471.264,1
181032,0,8494,8494,241.417,695.859,0
181032,1,8032,8032,96.1268,471.264,1
181095,0,8496,8496,241.417,695.859,0
181095,1,8034,8034,96.1268,471.264,1
181156,0,8498,8498,241.417,695.859,0
181156,1,8036,8036,96.1268,471.264,1
181218,0,8500,8500,241.417,695.859,0
181218,1,8038,8038,96.1268,471.264,1
181281,0,8502,8502,241.417,695.859,0
181281,1,8040,8040,96.1268,471.264,1
181343,0,8504,8504,241.417,695.859,0
181343,1,8042,8042,96.1268,471.264,1
181407,0,8507,8507,241.417,695.859,0
181407,1,8045,8045,96.1268,471.264,1
181470,0,8509,8509,241.417,695.859,0
181470,1,8047,8047,96.1268,471.264,1
181520,0,8511,8511,241.417,695.859,0
181520,1,8049,8049,96.1268,471.264,1
181582,0,8513,8513,241.417,695.859,0
181582,1,8051,8051,96.1268,471.264,1
181645,0,8515,8515,241.417,695.859,0
181645,1,8053,8053,96.1268,471.264,1
181709,0,8517,8517,241.417,695.859,0
181709,1,8055,8055,96.1268,471.264,1
181772,0,8519,8519,241.417,695.859,0
181772,1,8057,8057,96.1268,471.264,1
181835,0,8521,8521,241.417,695.859,0
181835,1,8059,8059,96.1268,471.264,1
181901,0,8524,8524,241.417,695.859,0
181901,1,8061,8061,96.1268,471.264,1
181964,0,8526,8526,241.417,695.859,0
181964,1,8063,8063,96.1268,471.264,1
182027,0,8528,8528,241.417,695.859,0
182027,1,8066,8066,96.1268,471.264,1
182110,0,8529,8529,241.417,695.859,0
182110,1,8067,8067,96.1268,471.264,1
182168,0,8531,8531,241.417,695.859,0
182168,1,8069,8069,96.1268,471.264,1
182231,0,8533,8533,241.417,695.859,0
182231,1,8071,8071,96.1268,471.264,1
182293,0,8535,8535,241.417,695.859,0
182293,1,8073,8073,96.1268,471.264,1
182358,0,8538,8538,241.417,695.859,0
182358,1,8076,8076,96.1268,471.264,1
182419,0,8540,8540,241.417,695.859,0
182419,1,8078,8078,96.1268,471.264,1
182482,0,8542,8542,241.417,695.859,0
182482,1,8080,8080,96.1268,471.264,1
182546,0,8544,8544,241.417,695.859,0
182546,1,8082,8082,96.1268,471.264,1
182607,0,8546,8546,241.417,695.859,0
182607,1,8084,8084,96.1268,471.264,1
182670,0,8548,8548,241.417,695.859,0
182670,1,8087,8087,96.1268,471.264,1
182732,0,8550,8550,241.417,695.859,0
182732,1,8089,8089,96.1268,471.264,1
182794,0,8552,8552,241.417,695.859,0
182794,1,8091,8091,96.1268,471.264,1
182857,0,8554,8554,241.417,695.859,0
182857,1,8093,8093,96.1268,471.264,1
182919,0,8556,8556,241.417,695.859,0
182919,1,8095,8095,96.1268,471.264,1
182979,0,8558,8558,241.417,695.859,0
182979,1,8097,8097,96.1268,471.264,1
183042,0,8560,8560,241.417,695.859,0
183042,1,8098,8098,96.1268,471.264,1
183121,0,8563,8563,241.417,695.859,0
183121,1,8101,8101,96.1268,471.264,1
183184,0,8565,8565,241.417,695.859,0
183184,1,8103,8103,96.1268,471.264,1
183246,0,8567,8567,241.417,695.859,0
183246,1,8105,8105,96.1268,471.264,1
183310,0,8569,8569,241.417,695.859,0
183310,1,8107,8107,96.1268,471.264,1
183373,0,8571,8571,241.417,695.859,0
183373,1,8109,8109,96.1268,471.264,1
183434,0,8573,8573,241.417,695.859,0
183434,1,8111,8111,96.1268,471.264,1
183498,0,8575,8575,241.417,695.859,0
183498,1,8113,8113,96.1268,471.264,1
183562,0,8577,8577,241.417,695.859,0
183562,1,8115,8115,96.1268,471.264,1
183625,0,8580,8580,241.417,695.859,0
183625,1,8117,8117,96.1268,471.264,1
183681,0,8582,8582,241.417,695.859,0
183681,1,8120,8120,96.1268,471.264,1
183744,0,8584,8584,241.417,695.859,0
183744,1,8122,8122,96.1268,471.264,1
183806,0,8586,8586,241.417,695.859,0
183806,1,8124,8124,96.1268,471.264,1
183870,0,8588,8588,241.417,695.859,0
183870,1,8126,8126,96.1268,471.264,1
183934,0,8591,8591,241.417,695.859,0
183934,1,8128,8128,96.1268,471.264,1
183997,0,8593,8593,241.417,695.859,0
183997,1,8130,8130,96.1268,471.264,1
184060,0,8595,8595,241.417,695.859,0
184060,1,8133,8133,96.1268,471.264,1
184124,0,8597,8597,241.417,695.859,0
184124,1,8135,8135,96.1268,471.264,1
184185,0,8599,8599,241.417,695.859,0
184185,1,8137,8137,96.1268,471.264,1
184243,0,8601,8601,241.417,695.859,0
184243,1,8139,8139,96.1268,471.264,1
184306,0,8603,8603,241.417,695.859,0
184306,1,8141,8141,96.1268,471.264,1
184388,0,8604,8604,241.417,695.859,0
184388,1,8142,8142,96.1268,471.264,1
184446,0,8607,8607,241.417,695.859,0
184446,1,8145,8145,96.1268,471.264,1
184508,0,8609,8609,241.417,695.859,0
184508,1,8147,8147,96.1268,471.264,1
184571,0,8611,8611,241.417,695.859,0
184571,1,8149,8149,96.1268,471.264,1
184634,0,8613,8613,241.417,695.859,0
184634,1,8151,8151,96.1268,471.264,1
184697,0,8615,8615,241.417,695.859,0
184697,1,8153,8153,96.1268,471.264,1
184759,0,8617,8617,241.417,695.859,0
184759,1,8155,8155,96.1268,471.264,1
184821,0,8619,8619,241.417,695.859,0
184821,1,8157,8157,96.1268,471.264,1
184883,0,8621,8621,241.417,695.859,0
184883,1,8159,8159,96.1268,471.264,1
184936,0,8623,8623,241.417,695.859,0
184936,1,8161,8161,96.1268,471.264,1
184995,0,8625,8625,241.417,695.859,0
184995,1,8163,8163,96.1268,471.264,1
185059,0,8627,8627,241.417,695.859,0
185059,1,8165,8165,96.1268,471.264,1
185122,0,8629,8629,241.417,695.859,0
185122,1,8167,8167,96.1268,471.264,1
185185,0,8631,8631,241.417,695.859,0
185185,1,8169,8169,96.1268,471.264,1
185248,0,8633,8633,241.417,695.859,0
185248,1,8172,8172,96.1268,471.264,1
185310,0,8635,8635,241.417,695.859,0
185310,1,8174,8174,96.1268,471.264,1
185404,0,8638,8638,241.417,695.859,0
185404,1,8177,8177,96.1268,471.264,1
185466,0,8640,8640,241.417,695.859,0
185466,1,8179,8179,96.1268,471.264,1
185527,0,8642,8642,241.417,695.859,0
185527,1,8181,8181,96.1268,471.264,1
185589,0,8644,8644,241.417,695.859,0
185589,1,8183,8183,96.1268,471.264,1
185653,0,8646,8646,241.417,695.859,0
185653,1,8185,8185,96.1268,471.264,1
185717,0,8648,8648,241.417,695.859,0
185717,1,8187,8187,96.1268,471.264,1
185778,0,8650,8650,241.417,695.859,0
185778,1,8189,8189,96.1268,471.264,1
185860,0,8652,8652,241.417,695.859,0
185860,1,8190,8190,96.1268,471.264,1
185926,0,8655,8655,241.417,695.859,0
185926,1,8193,8193,96.1268,471.264,1
185992,0,8657,8657,241.417,695.859,0
185992,1,8195,8195,96.1268,471.264,1
186055,0,8659,8659,241.417,695.859,0
186055,1,8197,8197,96.1268,471.264,1
186113,0,8661,8661,241.417,695.859,0
186113,1,8199,8199,96.1268,471.264,1
186176,0,8664,8664,241.417,695.859,0
186176,1,8201,8201,96.1268,471.264,1
186240,0,8666,8666,241.417,695.859,0
186240,1,8203,8203,96.1268,471.264,1
186301,0,8668,8668,241.417,695.859,0
186301,1,8205,8205,96.1268,471.264,1
186363,0,8670,8670,241.417,695.859,0
186363,1,8208,8208,96.1268,471.264,1
186427,0,8672,8672,241.417,695.859,0
186427,1,8210,8210,96.1268,471.264,1
186488,0,8674,8674,241.417,695.859,0
186488,1,8212,8212,96.1268,471.264,1
186553,0,8677,8677,241.417,695.859,0
186553,1,8214,8214,96.1268,471.264,1
186616,0,8679,8679,241.417,695.859,0
186616,1,8216,8216,96.1268,471.264,1
186682,0,8681,8681,241.417,695.859,0
186682,1,8219,8219,96.1268,471.264,1
186743,0,8683,8683,241.417,695.859,0
186743,1,8221,8221,96.1268,471.264,1
186807,0,8685,8685,241.417,695.859,0
186807,1,8223,8223,96.1268,471.264,1
186869,0,8687,8687,241.417,695.859,0
186869,1,8225,8225,96.1268,471.264,1
186935,0,8689,8689,241.417,695.859,0
186935,1,8227,8227,96.1268,471.264,1
186994,0,8692,8692,241.417,695.859,0
186994,1,8230,8230,96.1268,471.264,1
187057,0,8694,8694,241.417,695.859,0
187057,1,8232,8232,96.1268,471.264,1
187112,0,8696,8696,241.417,695.859,0
187112,1,8234,8234,96.1268,471.264,1
187207,0,8700,8700,241.417,695.859,0
187207,1,8237,8237,96.1268,471.264,1
187270,0,8702,8702,241.417,695.859,0
187270,1,8239,8239,96.1268,471.264,1
187333,0,8704,8704,241.417,695.859,0
187333,1,8241,8241,96.1268,471.264,1
187394,0,8706,8706,241.417,695.859,0
187394,1,8243,8243,96.1268,471.264,1
187457,0,8708,8708,241.417,695.859,0
187457,1,8245,8245,96.1268,471.264,1
187521,0,8710,8710,241.417,695.859,0
187521,1,8247,8247,96.1268,471.264,1
187584,0,8712,8712,241.417,695.859,0
187584,1,8249,8249,96.1268,471.264,1
187648,0,8714,8714,241.417,695.859,0
187648,1,8251,8251,96.1268,471.264,1
187700,0,8716,8716,241.417,695.859,0
187700,1,8253,8253,96.1268,471.264,1
187766,0,8719,8719,241.417,695.859,0
187766,1,8256,8256,96.1268,471.264,1
187828,0,8721,8721,241.417,695.859,0
187828,1,8258,8258,96.1268,471.264,1
187889,0,8723,8723,241.417,695.859,0
187889,1,8260,8260,96.1268,471.264,1
187952,0,8725,8725,241.417,695.859,0
187952,1,8262,8262,96.1268,471.264,1
188008,0,8727,8727,241.417,695.859,0
188008,1,8264,8264,96.1268,471.264,1
188072,0,8729,8729,241.417,695.859,0
188072,1,8267,8267,96.1268,471.264,1
188137,0,8731,8731,241.417,695.859,0
188137,1,8269,8269,96.1268,471.264,1
188198,0,8733,8733,241.417,695.859,0
188198,1,8271,8271,96.1268,471.264,1
188260,0,8735,8735,241.417,695.859,0
188260,1,8273,8273,96.1268,471.264,1
188313,0,8737,8737,241.417,695.859,0
188313,1,8275,8275,96.1268,471.264,1
188376,0,8740,8740,241.417,695.859,0
188376,1,8277,8277,96.1268,471.264,1
188431,0,8742,8742,241.417,695.859,0
188431,1,8279,8279,96.1268,471.264,1
188486,0,8744,8744,241.417,695.859,0
188486,1,8281,8281,96.1268,471.264,1
188580,0,8747,8747,241.417,695.859,0
188580,1,8285,8285,96.1268,471.264,1
188643,0,8749,8749,241.417,695.859,0
188643,1,8287,8287,96.1268,471.264,1
188695,0,8751,8751,241.417,695.859,0
188695,1,8289,8289,96.1268,471.264,1
188746,0,8754,8754,241.417,695.859,0
188746,1,8291,8291,96.1268,471.264,1
188810,0,8756,8756,241.417,695.859,0
188810,1,8293,8293,96.1268,471.264,1
188864,0,8758,8758,241.417,695.859,0
188864,1,8295,8295,96.1268,471.264,1
188930,0,8761,8761,241.417,695.859,0
188930,1,8298,8298,96.1268,471.264,1
188993,0,8763,8763,241.417,695.859,0
188993,1,8300,8300,96.1268,471.264,1
189055,0,8765,8765,241.417,695.859,0
189055,1,8302,8302,96.1268,471.264,1
189106,0,8767,8767,241.417,695.859,0
189106,1,8303,8303,96.1268,471.264,1
189168,0,8769,8769,241.417,695.859,0
189168,1,8306,8306,96.1268,471.264,1
189231,0,8772,8772,241.417,695.859,0
189231,1,8308,8308,96.1268,471.264,1
189294,0,8774,8774,241.417,695.859,0
189294,1,8310,8310,96.1268,471.264,1
189358,0,8776,8776,241.417,695.859,0
189358,1,8312,8312,96.1268,471.264,1
189422,0,8778,8778,241.417,695.859,0
189422,1,8314,8314,96.1268,471.264,1
189485,0,8780,8780,241.417,695.859,0
189485,1,8317,8317,96.1268,471.264,1
189549,0,8782,8782,241.417,695.859,0
189549,1,8319,8319,96.1268,471.264,1
189613,0,8784,8784,241.417,695.859,0
189613,1,8321,8321,96.1268,471.264,1
189677,0,8786,8786,241.417,695.859,0
189677,1,8322,8322,96.1268,471.264,1
189739,0,8789,8789,241.417,695.859,0
189739,1,8326,8326,96.1268,471.264,1
189803,0,8791,8791,241.417,695.859,0
189803,1,8328,8328,96.1268,471.264,1
189866,0,8794,8794,241.417,695.859,0
189866,1,8331,8331,96.1268,471.264,1
189928,0,8796,8796,241.417,695.859,0
189928,1,8333,8333,96.1268,471.264,1
189991,0,8798,8798,241.417,695.859,0
189991,1,8335,8335,96.1268,471.264,1
190054,0,8800,8800,241.417,695.859,0
190054,1,8337,8337,96.1268,471.264,1
190118,0,8802,8802,241.417,695.859,0
190118,1,8339,8339,96.1268,471.264,1
190180,0,8804,8804,241.417,695.859,0
190180,1,8341,8341,96.1268,471.264,1
190245,0,8806,8806,241.417,695.859,0
190245,1,8343,8343,96.1268,471.264,1
190307,0,8808,8808,241.417,695.859,0
190307,1,8345,8345,96.1268,471.264,1
190372,0,8811,8811,241.417,695.859,0
190372,1,8347,8347,96.1268,471.264,1
190434,0,8813,8813,241.417,695.859,0
190434,1,8349,8349,96.1268,471.264,1
190497,0,8815,8815,241.417,695.859,0
190497,1,8352,8352,96.1268,471.264,1
190561,0,8817,8817,241.417,695.859,0
190561,1,8354,8354,96.1268,471.264,1
190624,0,8819,8819,241.417,695.859,0
190624,1,8356,8356,96.1268,471.264,1
190686,0,8821,8821,241.417,695.859,0
190686,1,8358,8358,96.1268,471.264,1
190748,0,8823,8823,241.417,695.859,0
190748,1,8360,8360,96.1268,471.264,1
190811,0,8825,8825,241.417,695.859,0
190811,1,8362,8362,96.1268,471.264,1
190874,0,8827,8827,241.417,695.859,0
190874,1,8364,8364,96.1268,471.264,1
190937,0,8829,8829,241.417,695.859,0
190937,1,8366,8366,96.1268,471.264,1
190993,0,8831,8831,241.417,695.859,0
190993,1,8368,8368,96.1268,471.264,1
191057,0,8833,8833,241.417,695.859,0
191057,1,8370,8370,96.1268,471.264,1
191119,0,8835,8835,241.417,695.859,0
191119,1,8372,8372,96.1268,471.264,1
191173,0,8837,8837,241.417,695.859,0
191173,1,8374,8374,96.1268,471.264,1
191235,0,8840,8840,241.417,695.859,0
191235,1,8377,8377,96.1268,471.264,1
191299,0,8842,8842,241.417,695.859,0
191299,1,8379,8379,96.1268,471.264,1
191361,0,8844,8844,241.417,695.859,0
191361,1,8381,8381,96.1268,471.264,1
191421,0,8846,8846,241.417,695.859,0
191421,1,8383,8383,96.1268,471.264,1
191476,0,8848,8848,241.417,695.859,0
191476,1,8385,8385,96.1268,471.264,1
191534,0,8851,8851,241.417,695.859,0
191534,1,8388,8388,96.1268,471.264,1
191597,0,8853,8853,241.417,695.859,0
191597,1,8390,8390,96.1268,471.264,1
191659,0,8855,8855,241.417,695.859,0
191659,1,8392,8392,96.1268,471.264,1
191718,0,8856,8856,241.417,695.859,0
191718,1,8394,8394,96.1268,471.264,1
191782,0,8858,8858,241.417,695.859,0
191782,1,8396,8396,96.1268,471.264,1
191834,0,8860,8860,241.417,695.859,0
191834,1,8398,8398,96.1268,471.264,1
191896,0,8862,8862,241.417,695.859,0
191896,1,8400,8400,96.1268,471.264,1
191960,0,8864,8864,241.417,695.859,0
191960,1,8402,8402,96.1268,471.264,1
192011,0,8866,8866,241.417,695.859,0
192011,1,8404,8404,96.1268,471.264,1
192076,0,8869,8869,241.417,695.859,0
192076,1,8407,8407,96.1268,471.264,1
192140,0,8872,8872,241.417,695.859,0
192140,1,8409,8409,96.1268,471.264,1
192203,0,8874,8874,241.417,695.859,0
192203,1,8411,8411,96.1268,471.264,1
192266,0,8876,8876,241.417,695.859,0
192266,1,8413,8413,96.1268,471.264,1
192328,0,8878,8878,241.417,695.859,0
192328,1,8415,8415,96.1268,471.264,1
192392,0,8880,8880,241.417,695.859,0
192392,1,8418,8418,96.1268,471.264,1
192453,0,8882,8882,241.417,695.859,0
192453,1,8420,8420,96.1268,471.264,1
192515,0,8884,8884,241.417,695.859,0
192515,1,8422,8422,96.1268,471.264,1
192578,0,8886,8886,241.417,695.859,0
192578,1,8424,8424,96.1268,471.264,1
192662,0,8889,8889,241.417,695.859,0
192662,1,8427,8427,96.1268,471.264,1
192730,0,8891,8891,241.417,695.859,0
192730,1,8429,8429,96.1268,471.264,1
192800,0,8893,8893,241.417,695.859,0
192800,1,8431,8431,96.1268,471.264,1
192863,0,8895,8895,241.417,695.859,0
192863,1,8433,8433,96.1268,471.264,1
192926,0,8897,8897,241.417,695.859,0
192926,1,8435,8435,96.1268,471.264,1
192981,0,8899,8899,241.417,695.859,0
192981,1,8437,8437,96.1268,471.264,1
193043,0,8901,8901,241.417,695.859,0
193043,1,8439,8439,96.1268,471.264,1
193105,0,8903,8903,241.417,695.859,0
193105,1,8441,8441,96.1268,471.264,1
193162,0,8905,8905,241.417,695.859,0
193162,1,8443,8443,96.1268,471.264,1
193225,0,8907,8907,241.417,695.859,0
193225,1,8445,8445,96.1268,471.264,1
193286,0,8909,8909,241.417,695.859,0
193286,1,8447,8447,96.1268,471.264,1
193350,0,8911,8911,241.417,695.859,0
193350,1,8449,8449,96.1268,471.264,1
193412,0,8913,8913,241.417,695.859,0
193412,1,8451,8451,96.1268,471.264,1
193474,0,8915,8915,241.417,695.859,0
193474,1,8453,8453,96.1268,471.264,1
193536,0,8917,8917,241.417,695.859,0
193536,1,8455,8455,96.1268,471.264,1
193592,0,8919,8919,241.417,695.859,0
193592,1,8457,8457,96.1268,471.264,1
193654,0,8922,8922,241.417,695.859,0
193654,1,8459,8459,96.1268,471.264,1
193717,0,8924,8924,241.417,695.859,0
193717,1,8461,8461,96.1268,471.264,1
193781,0,8926,8926,241.417,695.859,0
193781,1,8463,8463,96.1268,471.264,1
193843,0,8928,8928,241.417,695.859,0
193843,1,8465,8465,96.1268,471.264,1
193904,0,8930,8930,241.417,695.859,0
193904,1,8467,8467,96.1268,471.264,1
193968,0,8932,8932,241.417,695.859,0
193968,1,8469,8469,96.1268,471.264,1
194031,0,8934,8934,241.417,695.859,0
194031,1,8472,8472,96.1268,471.264,1
194094,0,8936,8936,241.417,695.859,0
194094,1,8474,8474,96.1268,471.264,1
194158,0,8938,8938,241.417,695.859,0
194158,1,8476,8476,96.1268,471.264,1
194220,0,8940,8940,241.417,695.859,0
194220,1,8478,8478,96.1268,471.264,1
194281,0,8942,8942,241.417,695.859,0
194281,1,8480,8480,96.1268,471.264,1
194344,0,8944,8944,241.417,695.859,0
194344,1,8482,8482,96.1268,471.264,1
194399,0,8946,8946,241.417,695.859,0
194399,1,8484,8484,96.1268,471.264,1
194460,0,8948,8948,241.417,695.859,0
194460,1,8486,8486,96.1268,471.264,1
194522,0,8950,8950,241.417,695.859,0
194522,1,8488,8488,96.1268,471.264,1
194589,0,8952,8952,241.417,695.859,0
194589,1,8490,8490,96.1268,471.264,1
194651,0,8954,8954,241.417,695.859,0
194651,1,8492,8492,96.1268,471.264,1
194705,0,8956,8956,241.417,695.859,0
194705,1,8494,8494,96.1268,471.264,1
194770,0,8959,8959,241.417,695.859,0
194770,1,8497,8497,96.1268,471.264,1
194853,0,8960,8960,241.417,695.859,0
194853,1,8498,8498,96.1268,471.264,1
194906,0,8963,8963,241.417,695.859,0
194906,1,8500,8500,96.1268,471.264,1
194968,0,8965,8965,241.417,695.859,0
194968,1,8502,8502,96.1268,471.264,1
195034,0,8967,8967,241.417,695.859,0
195034,1,8505,8505,96.1268,471.264,1
195100,0,8970,8970,241.417,695.859,0
195100,1,8507,8507,96.1268,471.264,1
195164,0,8972,8972,241.417,695.859,0
195164,1,8509,8509,96.1268,471.264,1
195229,0,8975,8975,241.417,695.859,0
195229,1,8512,8512,96.1268,471.264,1
195295,0,8977,8977,241.417,695.859,0
195295,1,8514,8514,96.1268,471.264,1
195359,0,8980,8980,241.417,695.859,0
195359,1,8516,8516,96.1268,471.264,1
195425,0,8983,8983,241.417,695.859,0
195425,1,8519,8519,96.1268,471.264,1
195487,0,8985,8985,241.417,695.859,0
195487,1,8521,8521,96.1268,471.264,1
195552,0,8987,8987,241.417,695.859,0
195552,1,8523,8523,96.1268,471.264,1
195615,0,8989,8989,241.417,695.859,0
195615,1,8525,8525,96.1268,471.264,1
195679,0,8991,8991,241.417,695.859,0
195679,1,8527,8527,96.1268,471.264,1
195742,0,8993,8993,241.417,695.859,0
195742,1,8529,8529,96.1268,471.264,1
195804,0,8995,8995,241.417,695.859,0
195804,1,8531,8531,96.1268,471.264,1
195866,0,8997,8997,241.417,695.859,0
195866,1,8533,8533,96.1268,471.264,1
195928,0,8999,8999,241.417,695.859,0
195928,1,8535,8535,96.1268,471.264,1
195990,0,9001,9001,241.417,695.859,0
195990,1,8537,8537,96.1268,471.264,1
196052,0,9003,9003,241.417,695.859,0
196052,1,8539,8539,96.1268,471.264,1
196147,0,9004,9004,241.417,695.859,0
196147,1,8542,8542,96.1268,471.264,1
196205,0,9006,9006,241.417,695.859,0
196205,1,8544,8544,96.1268,471.264,1
196267,0,9008,9008,241.417,695.859,0
196267,1,8546,8546,96.1268,471.264,1
196328,0,9010,9010,241.417,695.859,0
196328,1,8548,8548,96.1268,471.264,1
196391,0,9012,9012,241.417,695.859,0
196391,1,8550,8550,96.1268,471.264,1
196443,0,9014,9014,241.417,695.859,0
196443,1,8552,8552,96.1268,471.264,1
196497,0,9016,9016,241.417,695.859,0
196497,1,8554,8554,96.1268,471.264,1
196561,0,9018,9018,241.417,695.859,0
196561,1,8556,8556,96.1268,471.264,1
196622,0,9020,9020,241.417,695.859,0
196622,1,8558,8558,96.1268,471.264,1
196679,0,9022,9022,241.417,695.859,0
196679,1,8560,8560,96.1268,471.264,1
196742,0,9024,9024,241.417,695.859,0
196742,1,8562,8562,96.1268,471.264,1
196803,0,9026,9026,241.417,695.859,0
196803,1,8564,8564,96.1268,471.264,1
196866,0,9028,9028,241.417,695.859,0
196866,1,8567,8567,96.1268,471.264,1
196924,0,9030,9030,241.417,695.859,0
196924,1,8569,8569,96.1268,471.264,1
196980,0,9032,9032,241.417,695.859,0
196980,1,8571,8571,96.1268,471.264,1
197045,0,9035,9035,241.417,695.859,0
197045,1,8573,8573,96.1268,471.264,1
197106,0,9037,9037,241.417,695.859,0
197106,1,8575,8575,96.1268,471.264,1
197166,0,9039,9039,241.417,695.859,0
197166,1,8577,8577,96.1268,471.264,1
197228,0,9041,9041,241.417,695.859,0
197228,1,8579,8579,96.1268,471.264,1
197282,0,9042,9042,241.417,695.859,0
197282,1,8581,8581,96.1268,471.264,1
197345,0,9044,9044,241.417,695.859,0
197345,1,8582,8582,96.1268,471.264,1
197411,0,9046,9046,241.417,695.859,0
197411,1,8584,8584,96.1268,471.264,1
197473,0,9048,9048,241.417,695.859,0
197473,1,8586,8586,96.1268,471.264,1
197537,0,9051,9051,241.417,695.859,0
197537,1,8588,8588,96.1268,471.264,1
197599,0,9053,9053,241.417,695.859,0
197599,1,8590,8590,96.1268,471.264,1
197661,0,9055,9055,241.417,695.859,0
197661,1,8592,8592,96.1268,471.264,1
197722,0,9057,9057,241.417,695.859,0
197722,1,8594,8594,96.1268,471.264,1
197786,0,9059,9059,241.417,695.859,0
197786,1,8596,8596,96.1268,471.264,1
197851,0,9061,9061,241.417,695.859,0
197851,1,8599,8599,96.1268,471.264,1
197909,0,9063,9063,241.417,695.859,0
197909,1,8601,8601,96.1268,471.264,1
197972,0,9065,9065,241.417,695.859,0
197972,1,8603,8603,96.1268,471.264,1
198034,0,9067,9067,241.417,695.859,0
198034,1,8605,8605,96.1268,471.264,1
198097,0,9071,9071,241.417,695.859,0
198097,1,8607,8607,96.1268,471.264,1
198160,0,9075,9075,241.417,695.859,0
198160,1,8609,8609,96.1268,471.264,1
198222,0,9078,9078,241.417,695.859,0
198222,1,8611,8611,96.1268,471.264,1
198284,0,9082,9082,241.417,695.859,0
198284,1,8613,8613,96.1268,471.264,1
198346,0,9085,9085,241.417,695.859,0
198346,1,8615,8615,96.1268,471.264,1
198428,0,9089,9089,241.417,695.859,0
198428,1,8617,8617,96.1268,471.264,1
198486,0,9091,9091,241.417,695.859,0
198486,1,8619,8619,96.1268,471.264,1
198548,0,9093,9093,241.417,695.859,0
198548,1,8622,8622,96.1268,471.264,1
198611,0,9096,9096,241.417,695.859,0
198611,1,8624,8624,96.1268,471.264,1
198674,0,9098,9098,241.417,695.859,0
198674,1,8626,8626,96.1268,471.264,1
198737,0,9101,9101,241.417,695.859,0
198737,1,8629,8629,96.1268,471.264,1
198798,0,9103,9103,241.417,695.859,0
198798,1,8632,8632,96.1268,471.264,1
198861,0,9106,9106,241.417,695.859,0
198861,1,8635,8635,96.1268,471.264,1
198923,0,9110,9110,241.417,695.859,0
198923,1,8637,8637,96.1268,471.264,1
198985,0,9113,9113,241.417,695.859,0
198985,1,8639,8639,96.1268,471.264,1
199046,0,9117,9117,241.417,695.859,0
199046,1,8641,8641,96.1268,471.264,1
199109,0,9120,9120,241.417,695.859,0
199109,1,8643,8643,96.1268,471.264,1
199172,0,9123,9123,241.417,695.859,0
199172,1,8645,8645,96.1268,471.264,1
199234,0,9126,9126,241.417,695.859,0
199234,1,8647,8647,96.1268,471.264,1
199295,0,9128,9128,241.417,695.859,0
199295,1,8649,8649,96.1268,471.264,1
199359,0,9131,9131,241.417,695.859,0
199359,1,8651,8651,96.1268,471.264,1
199420,0,9133,9133,241.417,695.859,0
199420,1,8652,8652,96.1268,471.264,1
199482,0,9136,9136,241.417,695.859,0
199482,1,8655,8655,96.1268,471.264,1
199544,0,9139,9139,241.417,695.859,0
199544,1,8657,8657,96.1268,471.264,1
199606,0,9141,9141,241.417,695.859,0
199606,1,8659,8659,96.1268,471.264,1
199669,0,9144,9144,241.417,695.859,0
199669,1,8661,8661,96.1268,471.264,1
199731,0,9147,9147,241.417,695.859,0
199731,1,8663,8663,96.1268,471.264,1
199793,0,9149,9149,241.417,695.859,0
199793,1,8665,8665,96.1268,471.264,1
199883,0,9151,9151,241.417,695.859,0
199883,1,8667,8667,96.1268,471.264,1
199948,0,9153,9153,241.417,695.859,0
199948,1,8669,8669,96.1268,471.264,1
200012,0,9156,9156,241.417,695.859,0
200012,1,8672,8672,96.1268,471.264,1
200076,0,9158,9158,241.417,695.859,0
200076,1,8674,8674,96.1268,471.264,1
200137,0,9160,9160,241.417,695.859,0
200137,1,8676,8676,96.1268,471.264,1
200200,0,9163,9163,241.417,695.859,0
200200,1,8679,8679,96.1268,471.264,1
200263,0,9165,9165,241.417,695.859,0
200263,1,8681,8681,96.1268,471.264,1
200326,0,9168,9168,241.417,695.859,0
200326,1,8684,8684,96.1268,471.264,1
200387,0,9171,9171,241.417,695.859,0
200387,1,8686,8686,96.1268,471.264,1
200450,0,9173,9173,241.417,695.859,0
200450,1,8689,8689,96.1268,471.264,1
200513,0,9176,9176,241.417,695.859,0
200513,1,8692,8692,96.1268,471.264,1
200574,0,9179,9179,241.417,695.859,0
200574,1,8695,8695,96.1268,471.264,1
200637,0,9183,9183,241.417,695.859,0
200637,1,8698,8698,96.1268,471.264,1
200700,0,9186,9186,241.417,695.859,0
200700,1,8702,8702,96.1268,471.264,1
200761,0,9190,9190,241.417,695.859,0
200761,1,8705,8705,96.1268,471.264,1
200838,0,9194,9194,241.417,695.859,0
200838,1,8710,8710,96.1268,471.264,1
200900,0,9198,9198,241.417,695.859,0
200900,1,8714,8714,96.1268,471.264,1
200962,0,9202,9202,241.417,695.859,0
200962,1,8718,8718,96.1268,471.264,1
201024,0,9206,9206,241.417,695.859,0
201024,1,8722,8722,96.1268,471.264,1
201098,0,9210,9210,241.417,695.859,0
201098,1,8726,8726,96.1268,471.264,1
201163,0,9214,9214,241.417,695.859,0
201163,1,8730,8730,96.1268,471.264,1
201224,0,9218,9218,241.417,695.859,0
201224,1,8733,8733,96.1268,471.264,1
201288,0,9221,9221,241.417,695.859,0
201288,1,8737,8737,96.1268,471.264,1
201351,0,9225,9225,241.417,695.859,0
201351,1,8741,8741,96.1268,471.264,1
201414,0,9229,9229,241.417,695.859,0
201414,1,8745,8745,96.1268,471.264,1
201495,0,9230,9230,241.417,695.859,0
201495,1,8749,8749,96.1268,471.264,1
201554,0,9233,9233,241.417,695.859,0
201554,1,8753,8753,96.1268,471.264,1
201616,0,9237,9237,241.417,695.859,0
201616,1,8756,8756,96.1268,471.264,1
201678,0,9240,9240,241.417,695.859,0
201678,1,8760,8760,96.1268,471.264,1
201740,0,9244,9244,241.417,695.859,0
201740,1,8764,8764,96.1268,471.264,1
201801,0,9248,9248,241.417,695.859,0
201801,1,8767,8767,96.1268,471.264,1
201864,0,9251,9251,241.417,695.859,0
201864,1,8771,8771,96.1268,471.264,1
201927,0,9255,9255,241.417,695.859,0
201927,1,8775,8775,96.1268,471.264,1
201990,0,9259,9259,241.417,695.859,0
201990,1,8778,8778,96.1268,471.264,1
202052,0,9262,9262,241.417,695.859,0
202052,1,8782,8782,96.1268,471.264,1
202114,0,9266,9266,241.417,695.859,0
202114,1,8786,8786,96.1268,471.264,1
202208,0,9272,9272,241.417,695.859,0
202208,1,8791,8791,96.1268,471.264,1
202271,0,9275,9275,241.417,695.859,0
202271,1,8795,8795,96.1268,471.264,1
202333,0,9279,9279,241.417,695.859,0
202333,1,8799,8799,96.1268,471.264,1
202396,0,9283,9283,241.417,695.859,0
202396,1,8802,8802,96.1268,471.264,1
202459,0,9286,9286,241.417,695.859,0
202459,1,8806,8806,96.1268,471.264,1
202520,0,9290,9290,241.417,695.859,0
202520,1,8810,8810,96.1268,471.264,1
202621,0,9294,9294,241.417,695.859,0
202621,1,8814,8814,96.1268,471.264,1
202675,0,9297,9297,241.417,695.859,0
202675,1,8817,8817,96.1268,471.264,1
202737,0,9300,9300,241.417,695.859,0
202737,1,8821,8821,96.1268,471.264,1
202801,0,9304,9304,241.417,695.859,0
202801,1,8825,8825,96.1268,471.264,1
202862,0,9308,9308,241.417,695.859,0
202862,1,8829,8829,96.1268,471.264,1
202926,0,9311,9311,241.417,695.859,0
202926,1,8832,8832,96.1268,471.264,1
202988,0,9315,9315,241.417,695.859,0
202988,1,8836,8836,96.1268,471.264,1
203050,0,9319,9319,241.417,695.859,0
203050,1,8840,8840,96.1268,471.264,1
203112,0,9322,9322,241.417,695.859,0
203112,1,8843,8843,96.1268,471.264,1
203179,0,9326,9326,241.417,695.859,0
203179,1,8847,8847,96.1268,471.264,1
203237,0,9329,9329,241.417,695.859,0
203237,1,8850,8850,96.1268,471.264,1
203299,0,9333,9333,241.417,695.859,0
203299,1,8854,8854,96.1268,471.264,1
203361,0,9337,9337,241.417,695.859,0
203361,1,8858,8858,96.1268,471.264,1
203423,0,9340,9340,241.417,695.859,0
203423,1,8861,8861,96.1268,471.264,1
203485,0,9344,9344,241.417,695.859,0
203485,1,8865,8865,96.1268,471.264,1
203564,0,9348,9348,241.417,695.859,0
203564,1,8870,8870,96.1268,471.264,1
203625,0,9352,9352,241.417,695.859,0
203625,1,8873,8873,96.1268,471.264,1
203688,0,9356,9356,241.417,695.859,0
203688,1,8877,8877,96.1268,471.264,1
203748,0,9359,9359,241.417,695.859,0
203748,1,8880,8880,96.1268,471.264,1
203816,0,9362,9362,241.417,695.859,0
203816,1,8884,8884,96.1268,471.264,1
203874,0,9365,9365,241.417,695.859,0
203874,1,8888,8888,96.1268,471.264,1
203936,0,9368,9368,241.417,695.859,0
203936,1,8891,8891,96.1268,471.264,1
203999,0,9372,9372,241.417,695.859,0
203999,1,8895,8895,96.1268,471.264,1
204061,0,9376,9376,241.417,695.859,0
204061,1,8898,8898,96.1268,471.264,1
204124,0,9379,9379,241.417,695.859,0
204124,1,8902,8902,96.1268,471.264,1
204187,0,9383,9383,241.417,695.859,0
204187,1,8906,8906,96.1268,471.264,1
204251,0,9387,9387,241.417,695.859,0
204251,1,8910,8910,96.1268,471.264,1
204314,0,9390,9390,241.417,695.859,0
204314,1,8913,8913,96.1268,471.264,1
204374,0,9394,9394,241.417,695.859,0
204374,1,8917,8917,96.1268,471.264,1
204437,0,9397,9397,241.417,695.859,0
204437,1,8921,8921,96.1268,471.264,1
204500,0,9401,9401,243.083,695.859,0
204500,1,8924,8924,98.6268,471.264,1
204561,0,9405,9405,249.75,695.859,0
204561,1,8928,8928,108.627,471.264,1
204623,0,9408,9408,254.75,695.859,0
204623,1,8932,8932,118.627,471.264,1
204685,0,9412,9412,261.417,695.859,0
204685,1,8935,8935,126.127,471.264,1
204748,0,9416,9416,268.083,695.859,0
204748,1,8939,8939,136.127,471.264,1
204809,0,9419,9419,273.083,695.859,0
204809,1,8942,8942,143.627,471.264,1
204871,0,9423,9423,279.75,695.859,0
204871,1,8946,8946,153.627,471.264,1
204955,0,9426,9426,284.75,695.859,0
204955,1,8949,8949,161.127,471.264,1
205012,0,9429,9429,288.083,695.859,0
205012,1,8951,8951,166.127,471.264,1
205074,0,9433,9433,288.083,695.859,0
205074,1,8955,8955,166.127,471.264,1
205136,0,9436,9436,288.083,695.859,0
205136,1,8959,8959,166.127,471.264,1
205197,0,9440,9440,288.083,695.859,0
205197,1,8962,8962,166.127,471.264,1
205259,0,9444,9444,288.083,695.859,0
205259,1,8966,8966,166.127,471.264,1
205322,0,9447,9447,288.083,695.859,0
205322,1,8969,8969,166.127,471.264,1
205383,0,9451,9451,288.083,695.859,0
205383,1,8973,8973,166.127,471.264,1
205447,0,9455,9455,288.083,695.859,0
205447,1,8977,8977,166.127,471.264,1
205507,0,9458,9458,288.083,695.859,0
205507,1,8980,8980,166.127,471.264,1
205571,0,9462,9462,288.083,695.859,0
205571,1,8984,8984,166.127,471.264,1
205634,0,9465,9465,288.083,695.859,0
205634,1,8988,8988,166.127,471.264,1
205696,0,9469,9469,288.083,695.859,0
205696,1,8991,8991,166.127,471.264,1
205758,0,9473,9473,288.083,695.859,0
205758,1,8995,8995,166.127,471.264,1
205820,0,9476,9476,288.083,695.859,0
205820,1,8999,8999,166.127,471.264,1
205883,0,9480,9480,288.083,695.859,0
205883,1,9002,9002,166.127,471.264,1
205945,0,9483,9483,288.083,695.859,0
205945,1,9006,9006,166.127,471.264,1
206007,0,9487,9487,288.083,695.859,0
206007,1,9010,9010,166.127,471.264,1
206069,0,9491,9491,288.083,695.859,0
206069,1,9013,9013,166.127,471.264,1
206132,0,9494,9494,288.083,695.859,0
206132,1,9017,9017,166.127,471.264,1
206193,0,9498,9498,288.083,695.859,0
206193,1,9021,9021,166.127,471.264,1
206257,0,9502,9502,288.083,695.859,0
206257,1,9024,9024,166.127,471.264,1
206320,0,9505,9505,288.083,695.859,0
206320,1,9028,9028,166.127,471.264,1
206383,0,9509,9509,288.083,695.859,0
206383,1,9032,9032,166.127,471.264,1
206444,0,9513,9513,288.083,695.859,0
206444,1,9035,9035,166.127,471.264,1
206507,0,9516,9516,288.083,695.859,0
206507,1,9039,9039,166.127,471.264,1
206569,0,9520,9520,288.083,695.859,0
206569,1,9043,9043,166.127,471.264,1
206632,0,9524,9524,288.083,695.859,0
206632,1,9046,9046,166.127,471.264,1
206694,0,9527,9527,288.083,695.859,0
206694,1,9050,9050,166.127,471.264,1
206757,0,9531,9531,288.083,695.859,0
206757,1,9054,9054,166.127,471.264,1
206840,0,9533,9533,288.083,695.859,0
206840,1,9056,9056,166.127,471.264,1
206898,0,9536,9536,288.083,695.859,0
206898,1,9060,9060,166.127,471.264,1
206960,0,9540,9540,288.083,695.859,0
206960,1,9063,9063,166.127,471.264,1
207022,0,9544,9544,288.083,695.859,0
207022,1,9067,9067,166.127,471.264,1
207084,0,9547,9547,288.083,695.859,0
207084,1,9071,9071,166.127,471.264,1
207146,0,9551,9551,288.083,695.859,0
207146,1,9074,9074,166.127,471.264,1
207209,0,9555,9555,288.083,695.859,0
207209,1,9078,9078,166.127,471.264,1
207271,0,9558,9558,288.083,695.859,0
207271,1,9082,9082,166.127,471.264,1
207333,0,9562,9562,288.083,695.859,0
207333,1,9085,9085,166.127,471.264,1
207396,0,9566,9566,288.083,695.859,0
207396,1,9089,9089,166.127,471.264,1
207457,0,9569,9569,288.083,695.859,0
207457,1,9093,9093,166.127,471.264,1
207521,0,9573,9573,288.083,695.859,0
207521,1,9097,9097,166.127,471.264,1
207583,0,9577,9577,288.083,695.859,0
207583,1,9100,9100,166.127,471.264,1
207659,0,9581,9581,288.083,695.859,0
207659,1,9105,9105,166.127,471.264,1
207723,0,9585,9585,288.083,695.859,0
207723,1,9108,9108,166.127,471.264,1
207785,0,9589,9589,288.083,695.859,0
207785,1,9112,9112,166.127,471.264,1
207848,0,9592,9592,288.083,695.859,0
207848,1,9116,9116,166.127,471.264,1
207911,0,9596,9596,288.083,695.859,0
207911,1,9119,9119,166.127,471.264,1
207979,0,9597,9597,288.083,695.859,0
207979,1,9121,9121,166.127,471.264,1
208035,0,9601,9601,288.083,695.859,0
208035,1,9125,9125,166.127,471.264,1
208099,0,9604,9604,288.083,695.859,0
208099,1,9129,9129,166.127,471.264,1
208160,0,9608,9608,288.083,695.859,0
208160,1,9132,9132,166.127,471.264,1
208221,0,9612,9612,288.083,695.859,0
208221,1,9136,9136,166.127,471.264,1
208284,0,9615,9615,288.083,695.859,0
208284,1,9139,9139,166.127,471.264,1
208346,0,9619,9619,288.083,695.859,0
208346,1,9143,9143,166.127,471.264,1
208409,0,9623,9623,288.083,695.859,0
208409,1,9147,9147,166.127,471.264,1
208471,0,9626,9626,288.083,695.859,0
208471,1,9150,9150,166.127,471.264,1
208533,0,9630,9630,288.083,695.859,0
208533,1,9154,9154,166.127,471.264,1
208596,0,9634,9634,288.083,695.859,0
208596,1,9158,9158,166.127,471.264,1
208658,0,9637,9637,288.083,695.859,0
208658,1,9161,9161,166.127,471.264,1
208719,0,9641,9641,288.083,695.859,0
208719,1,9165,9165,166.127,471.264,1
208781,0,9644,9644,288.083,695.859,0
208781,1,9169,9169,166.127,471.264,1
208845,0,9648,9648,288.083,695.859,0
208845,1,9173,9173,166.127,471.264,1
208907,0,9652,9652,288.083,695.859,0
208907,1,9176,9176,166.127,471.264,1
208970,0,9655,9655,288.083,695.859,0
208970,1,9180,9180,166.127,471.264,1
209043,0,9658,9658,288.083,695.859,0
209043,1,9183,9183,166.127,471.264,1
209095,0,9662,9662,288.083,695.859,0
209095,1,9186,9186,166.127,471.264,1
209157,0,9665,9665,288.083,695.859,0
209157,1,9190,9190,166.127,471.264,1
209219,0,9669,9669,288.083,695.859,0
209219,1,9193,9193,166.127,471.264,1
209283,0,9673,9673,288.083,695.859,0
209283,1,9197,9197,166.127,471.264,1
209343,0,9676,9676,288.083,695.859,0
209343,1,9201,9201,166.127,471.264,1
209406,0,9680,9680,288.083,695.859,0
209406,1,9204,9204,166.127,471.264,1
209469,0,9684,9684,288.083,695.859,0
209469,1,9208,9208,166.127,471.264,1
209531,0,9687,9687,288.083,695.859,0
209531,1,9212,9212,166.127,471.264,1
209593,0,9691,9691,288.083,695.859,0
209593,1,9216,9216,166.127,471.264,1
209654,0,9695,9695,288.083,695.859,0
209654,1,9219,9219,166.127,471.264,1
209718,0,9699,9699,288.083,695.859,0
209718,1,9223,9223,166.127,471.264,1
209779,0,9702,9702,288.083,695.859,0
209779,1,9227,9227,166.127,471.264,1
209841,0,9706,9706,288.083,695.859,0
209841,1,9230,9230,166.127,471.264,1
209903,0,9709,9709,288.083,695.859,0
209903,1,9234,9234,166.127,471.264,1
209969,0,9713,9713,288.083,695.859,0
209969,1,9238,9238,166.127,471.264,1
210030,0,9717,9717,288.083,695.859,0
210030,1,9241,9241,166.127,471.264,1
210158,0,9720,9720,288.083,695.859,0
210158,1,9247,9247,166.127,471.264,1
210232,0,9725,9725,288.083,695.859,0
210232,1,9251,9251,166.127,471.264,1
210296,0,9728,9728,288.083,695.859,0
210296,1,9255,9255,166.127,471.264,1
210390,0,9734,9734,288.083,695.859,0
210390,1,9261,9261,166.127,471.264,1
210452,0,9738,9738,288.083,695.859,0
210452,1,9264,9264,166.127,471.264,1
210513,0,9741,9741,288.083,695.859,0
210513,1,9268,9268,166.127,471.264,1
210576,0,9745,9745,288.083,695.859,0
210576,1,9272,9272,166.127,471.264,1
210639,0,9749,9749,288.083,695.859,0
210639,1,9275,9275,166.127,471.264,1
210701,0,9752,9752,288.083,695.859,0
210701,1,9279,9279,166.127,471.264,1
210764,0,9756,9756,288.083,695.859,0
210764,1,9283,9283,166.127,471.264,1
210826,0,9760,9760,288.083,695.859,0
210826,1,9286,9286,166.127,471.264,1
210888,0,9764,9764,288.083,695.859,0
210888,1,9290,9290,166.127,471.264,1
210950,0,9767,9767,288.083,695.859,0
210950,1,9294,9294,166.127,471.264,1
211012,0,9771,9771,288.083,695.859,0
211012,1,9297,9297,166.127,471.264,1
211074,0,9774,9774,288.083,695.859,0
211074,1,9301,9301,166.127,471.264,1
211136,0,9778,9778,288.083,695.859,0
211136,1,9305,9305,166.127,471.264,1
211228,0,9781,9781,288.083,695.859,0
211228,1,9307,9307,166.127,471.264,1
211292,0,9785,9785,288.083,695.859,0
211292,1,9311,9311,166.127,471.264,1
211355,0,9788,9788,288.083,695.859,0
211355,1,9315,9315,166.127,471.264,1
211418,0,9792,9792,288.083,695.859,0
211418,1,9318,9318,166.127,471.264,1
211481,0,9796,9796,288.083,695.859,0
211481,1,9322,9322,166.127,471.264,1
211543,0,9799,9799,288.083,695.859,0
211543,1,9326,9326,166.127,471.264,1
211604,0,9803,9803,288.083,695.859,0
211604,1,9329,9329,166.127,471.264,1
211667,0,9807,9807,288.083,695.859,0
211667,1,9333,9333,166.127,471.264,1
211731,0,9810,9810,288.083,695.859,0
211731,1,9337,9337,166.127,471.264,1
211793,0,9814,9814,288.083,695.859,0
211793,1,9341,9341,166.127,471.264,1
211854,0,9818,9818,288.083,695.859,0
211854,1,9344,9344,166.127,471.264,1
211917,0,9822,9822,288.083,695.859,0
211917,1,9348,9348,166.127,471.264,1
211980,0,9825,9825,288.083,695.859,0
211980,1,9352,9352,166.127,471.264,1
212041,0,9829,9829,288.083,695.859,0
212041,1,9355,9355,166.127,471.264,1
212103,0,9833,9833,288.083,695.859,0
212103,1,9359,9359,166.127,471.264,1
212165,0,9836,9836,288.083,695.859,0
212165,1,9362,9362,166.127,471.264,1
212229,0,9840,9840,288.083,695.859,0
212229,1,9366,9366,166.127,471.264,1
212312,0,9843,9843,288.083,695.859,0
212312,1,9371,9371,166.127,471.264,1
212367,0,9845,9845,288.083,695.859,0
212367,1,9374,9374,166.127,471.264,1
212430,0,9849,9849,288.083,695.859,0
212430,1,9377,9377,166.127,471.264,1
212492,0,9853,9853,288.083,695.859,0
212492,1,9381,9381,166.127,471.264,1
212554,0,9856,9856,288.083,695.859,0
212554,1,9384,9384,166.127,471.264,1
212617,0,9860,9860,288.083,695.859,0
212617,1,9388,9388,166.127,471.264,1
212679,0,9864,9864,288.083,695.859,0
212679,1,9392,9392,166.127,471.264,1
212742,0,9867,9867,288.083,695.859,0
212742,1,9396,9396,166.127,471.264,1
212803,0,9871,9871,288.083,695.859,0
212803,1,9399,9399,166.127,471.264,1
212866,0,9875,9875,288.083,695.859,0
212866,1,9403,9403,166.127,471.264,1
212928,0,9878,9878,288.083,695.859,0
212928,1,9406,9406,166.127,471.264,1
212990,0,9882,9882,288.083,695.859,0
212990,1,9410,9410,166.127,471.264,1
213053,0,9885,9885,288.083,695.859,0
213053,1,9414,9414,166.127,471.264,1
213115,0,9889,9889,288.083,695.859,0
213115,1,9417,9417,166.127,471.264,1
213177,0,9892,9892,288.083,695.859,0
213177,1,9421,9421,166.127,471.264,1
213238,0,9896,9896,288.083,695.859,0
213238,1,9425,9425,166.127,471.264,1
213301,0,9900,9900,288.083,695.859,0
213301,1,9428,9428,166.127,471.264,1
213365,0,9903,9903,288.083,695.859,0
213365,1,9432,9432,166.127,471.264,1
213426,0,9907,9907,288.083,695.859,0
213426,1,9436,9436,166.127,471.264,1
213488,0,9911,9911,288.083,695.859,0
213488,1,9439,9439,166.127,471.264,1
213580,0,9913,9913,288.083,695.859,0
213580,1,9443,9443,166.127,471.264,1
213644,0,9916,9916,288.083,695.859,0
213644,1,9446,9446,166.127,471.264,1
213707,0,9920,9920,288.083,695.859,0
213707,1,9450,9450,166.127,471.264,1
213770,0,9924,9924,288.083,695.859,0
213770,1,9454,9454,166.127,471.264,1
213833,0,9927,9927,288.083,695.859,0
213833,1,9457,9457,166.127,471.264,1
213895,0,9931,9931,288.083,695.859,0
213895,1,9461,9461,166.127,471.264,1
213957,0,9935,9935,288.083,695.859,0
213957,1,9465,9465,166.127,471.264,1
214020,0,9939,9939,288.083,695.859,0
214020,1,9468,9468,166.127,471.264,1
214083,0,9942,9942,288.083,695.859,0
214083,1,9472,9472,166.127,471.264,1
214146,0,9946,9946,288.083,695.859,0
214146,1,9476,9476,166.127,471.264,1
214209,0,9949,9949,288.083,695.859,0
214209,1,9479,9479,166.127,471.264,1
214272,0,9953,9953,288.083,695.859,0
214272,1,9483,9483,166.127,471.264,1
214334,0,9957,9957,288.083,695.859,0
214334,1,9487,9487,166.127,471.264,1
214396,0,9960,9960,288.083,695.859,0
214396,1,9491,9491,166.127,471.264,1
214459,0,9964,9964,288.083,695.859,0
214459,1,9494,9494,166.127,471.264,1
214520,0,9968,9968,288.083,695.859,0
214520,1,9498,9498,166.127,471.264,1
214583,0,9971,9971,288.083,695.859,0
214583,1,9502,9502,166.127,471.264,1
214646,0,9975,9975,288.083,695.859,0
214646,1,9505,9505,166.127,471.264,1
214715,0,9976,9976,288.083,695.859,0
214715,1,9507,9507,166.127,471.264,1
214771,0,9979,9979,288.083,695.859,0
214771,1,9510,9510,166.127,471.264,1
214833,0,9983,9983,288.083,695.859,0
214833,1,9514,9514,166.127,471.264,1
214896,0,9987,9987,288.083,695.859,0
214896,1,9518,9518,166.127,471.264,1
214960,0,9990,9990,288.083,695.859,0
214960,1,9521,9521,166.127,471.264,1
215022,0,9994,9994,288.083,695.859,0
215022,1,9525,9525,166.127,471.264,1
215084,0,9998,9998,288.083,695.859,0
215084,1,9529,9529,166.127,471.264,1
215148,0,10001,10001,288.083,695.859,0
215148,1,9533,9533,166.127,471.264,1
215210,0,10005,10005,288.083,695.859,0
215210,1,9536,9536,166.127,471.264,1
215273,0,10009,10009,288.083,695.859,0
215273,1,9540,9540,166.127,471.264,1
215335,0,10012,10012,288.083,695.859,0
215335,1,9544,9544,166.127,471.264,1
215398,0,10016,10016,288.083,695.859,0
215398,1,9547,9547,166.127,471.264,1
215460,0,10020,10020,288.083,695.859,0
215460,1,9551,9551,166.127,471.264,1
215523,0,10023,10023,288.083,695.859,0
215523,1,9554,9554,166.127,471.264,1
215585,0,10027,10027,288.083,695.859,0
215585,1,9558,9558,166.127,471.264,1
215649,0,10029,10029,288.083,695.859,0
215649,1,9560,9560,166.127,471.264,1
215711,0,10033,10033,288.083,695.859,0
215711,1,9564,9564,166.127,471.264,1
215771,0,10036,10036,288.083,695.859,0
215771,1,9568,9568,166.127,471.264,1
215834,0,10039,10039,288.083,695.859,0
215834,1,9571,9571,166.127,471.264,1
215898,0,10042,10042,288.083,695.859,0
215898,1,9574,9574,166.127,471.264,1
215960,0,10046,10046,288.083,695.859,0
215960,1,9578,9578,166.127,471.264,1
216023,0,10050,10050,288.083,695.859,0
216023,1,9582,9582,166.127,471.264,1
216086,0,10053,10053,288.083,695.859,0
216086,1,9586,9586,166.127,471.264,1
216149,0,10057,10057,288.083,695.859,0
216149,1,9589,9589,166.127,471.264,1
216211,0,10061,10061,288.083,695.859,0
216211,1,9593,9593,166.127,471.264,1
216273,0,10065,10065,288.083,695.859,0
216273,1,9597,9597,166.127,471.264,1
216336,0,10068,10068,288.083,695.859,0
216336,1,9600,9600,166.127,471.264,1
216398,0,10072,10072,288.083,695.859,0
216398,1,9604,9604,166.127,471.264,1
216460,0,10076,10076,288.083,695.859,0
216460,1,9608,9608,166.127,471.264,1
216525,0,10079,10079,288.083,695.859,0
216525,1,9611,9611,166.127,471.264,1
216586,0,10083,10083,288.083,695.859,0
216586,1,9615,9615,166.127,471.264,1
216648,0,10087,10087,288.083,695.859,0
216648,1,9619,9619,166.127,471.264,1
216711,0,10090,10090,288.083,695.859,0
216711,1,9623,9623,166.127,471.264,1
216773,0,10093,10093,288.083,695.859,0
216773,1,9626,9626,166.127,471.264,1
216836,0,10097,10097,288.083,695.859,0
216836,1,9630,9630,166.127,471.264,1
216898,0,10101,10101,288.083,695.859,0
216898,1,9634,9634,166.127,471.264,1
216960,0,10104,10104,288.083,695.859,0
216960,1,9637,9637,166.127,471.264,1
217024,0,10108,10108,288.083,695.859,0
217024,1,9641,9641,166.127,471.264,1
217085,0,10112,10112,288.083,695.859,0
217085,1,9645,9645,166.127,471.264,1
217148,0,10115,10115,288.083,695.859,0
217148,1,9648,9648,166.127,471.264,1
217213,0,10119,10119,288.083,695.859,0
217213,1,9652,9652,166.127,471.264,1
217274,0,10123,10123,288.083,695.859,0
217274,1,9656,9656,166.127,471.264,1
217336,0,10126,10126,288.083,695.859,0
217336,1,9660,9660,166.127,471.264,1
217398,0,10130,10130,288.083,695.859,0
217398,1,9663,9663,166.127,471.264,1
217461,0,10133,10133,288.083,695.859,0
217461,1,9667,9667,166.127,471.264,1
217521,0,10137,10137,288.083,695.859,0
217521,1,9670,9670,166.127,471.264,1
217584,0,10141,10141,288.083,695.859,0
217584,1,9674,9674,166.127,471.264,1
217647,0,10144,10144,288.083,695.859,0
217647,1,9678,9678,166.127,471.264,1
217711,0,10145,10145,288.083,695.859,0
217711,1,9679,9679,166.127,471.264,1
217770,0,10149,10149,288.083,695.859,0
217770,1,9682,9682,166.127,471.264,1
217833,0,10152,10152,288.083,695.859,0
217833,1,9685,9685,166.127,471.264,1
217895,0,10156,10156,288.083,695.859,0
217895,1,9689,9689,166.127,471.264,1
217961,0,10160,10160,288.083,695.859,0
217961,1,9693,9693,166.127,471.264,1
218019,0,10163,10163,288.083,695.859,0
218019,1,9696,9696,166.127,471.264,1
218081,0,10167,10167,288.083,695.859,0
218081,1,9700,9700,166.127,471.264,1
218144,0,10170,10170,288.083,695.859,0
218144,1,9704,9704,166.127,471.264,1
218204,0,10174,10174,288.083,695.859,0
218204,1,9707,9707,166.127,471.264,1
218267,0,10178,10178,288.083,695.859,0
218267,1,9711,9711,166.127,471.264,1
218327,0,10181,10181,288.083,695.859,0
218327,1,9714,9714,166.127,471.264,1
218390,0,10185,10185,288.083,695.859,0
218390,1,9718,9718,166.127,471.264,1
218452,0,10188,10188,288.083,695.859,0
218452,1,9722,9722,166.127,471.264,1
218514,0,10192,10192,288.083,695.859,0
218514,1,9725,9725,166.127,471.264,1
218593,0,10197,10197,288.083,695.859,0
218593,1,9730,9730,166.127,471.264,1
218655,0,10200,10200,288.083,695.859,0
218655,1,9734,9734,166.127,471.264,1
218716,0,10204,10204,288.083,695.859,0
218716,1,9737,9737,166.127,471.264,1
218778,0,10208,10208,288.083,695.859,0
218778,1,9741,9741,166.127,471.264,1
218842,0,10211,10211,288.083,695.859,0
218842,1,9745,9745,166.127,471.264,1
218923,0,10214,10214,288.083,695.859,0
218923,1,9748,9748,166.127,471.264,1
218980,0,10216,10216,288.083,695.859,0
218980,1,9752,9752,166.127,471.264,1
219045,0,10220,10220,288.083,695.859,0
219045,1,9755,9755,166.127,471.264,1
219107,0,10224,10224,288.083,695.859,0
219107,1,9759,9759,166.127,471.264,1
219168,0,10228,10228,288.083,695.859,0
219168,1,9763,9763,166.127,471.264,1
219231,0,10231,10231,288.083,695.859,0
219231,1,9767,9767,166.127,471.264,1
219294,0,10235,10235,288.083,695.859,0
219294,1,9770,9770,166.127,471.264,1
219357,0,10239,10239,288.083,695.859,0
219357,1,9774,9774,166.127,471.264,1
219419,0,10242,10242,288.083,695.859,0
219419,1,9778,9778,166.127,471.264,1
219480,0,10246,10246,288.083,695.859,0
219480,1,9781,9781,166.127,471.264,1
219544,0,10249,10249,288.083,695.859,0
219544,1,9785,9785,166.127,471.264,1
219605,0,10253,10253,288.083,695.859,0
219605,1,9789,9789,166.127,471.264,1
219668,0,10257,10257,288.083,695.859,0
219668,1,9792,9792,166.127,471.264,1
219730,0,10260,10260,288.083,695.859,0
219730,1,9796,9796,166.127,471.264,1
219793,0,10264,10264,288.083,695.859,0
219793,1,9800,9800,166.127,471.264,1
219857,0,10268,10268,288.083,695.859,0
219857,1,9803,9803,166.127,471.264,1
219950,0,10273,10273,288.083,695.859,0
219950,1,9809,9809,166.127,471.264,1
220012,0,10277,10277,288.083,695.859,0
220012,1,9813,9813,166.127,471.264,1
220076,0,10281,10281,288.083,695.859,0
220076,1,9816,9816,166.127,471.264,1
220137,0,10284,10284,288.083,695.859,0
220137,1,9820,9820,166.127,471.264,1
220199,0,10288,10288,288.083,695.859,0
220199,1,9823,9823,166.127,471.264,1
220261,0,10292,10292,288.083,695.859,0
220261,1,9827,9827,166.127,471.264,1
220323,0,10295,10295,288.083,695.859,0
220323,1,9831,9831,166.127,471.264,1
220424,0,10299,10299,288.083,695.859,0
220424,1,9835,9835,166.127,471.264,1
220480,0,10302,10302,288.083,695.859,0
220480,1,9839,9839,166.127,471.264,1
220543,0,10306,10306,288.083,695.859,0
220543,1,9842,9842,166.127,471.264,1
220604,0,10310,10310,288.083,695.859,0
220604,1,9846,9846,166.127,471.264,1
220666,0,10313,10313,288.083,695.859,0
220666,1,9849,9849,166.127,471.264,1
220728,0,10317,10317,288.083,695.859,0
220728,1,9853,9853,166.127,471.264,1
220791,0,10320,10320,288.083,695.859,0
220791,1,9857,9857,166.127,471.264,1
220853,0,10324,10324,288.083,695.859,0
220853,1,9860,9860,166.127,471.264,1
220915,0,10328,10328,288.083,695.859,0
220915,1,9864,9864,166.127,471.264,1
220977,0,10331,10331,288.083,695.859,0
220977,1,9868,9868,166.127,471.264,1
221041,0,10335,10335,288.083,695.859,0
221041,1,9871,9871,166.127,471.264,1
221103,0,10339,10339,288.083,695.859,0
221103,1,9875,9875,166.127,471.264,1
221165,0,10342,10342,288.083,695.859,0
221165,1,9879,9879,166.127,471.264,1
221228,0,10346,10346,288.083,695.859,0
221228,1,9882,9882,166.127,471.264,1
221319,0,10351,10351,288.083,695.859,0
221319,1,9888,9888,166.127,471.264,1
221383,0,10355,10355,288.083,695.859,0
221383,1,9892,9892,166.127,471.264,1
221445,0,10359,10359,288.083,695.859,0
221445,1,9895,9895,166.127,471.264,1
221524,0,10360,10360,288.083,695.859,0
221524,1,9897,9897,166.127,471.264,1
221584,0,10364,10364,288.083,695.859,0
221584,1,9901,9901,166.127,471.264,1
221645,0,10367,10367,288.083,695.859,0
221645,1,9904,9904,166.127,471.264,1
221706,0,10371,10371,288.083,695.859,0
221706,1,9908,9908,166.127,471.264,1
221770,0,10374,10374,288.083,695.859,0
221770,1,9912,9912,166.127,471.264,1
221831,0,10378,10378,288.083,695.859,0
221831,1,9915,9915,166.127,471.264,1
221894,0,10382,10382,288.083,695.859,0
221894,1,9919,9919,166.127,471.264,1
221956,0,10385,10385,288.083,695.859,0
221956,1,9922,9922,166.127,471.264,1
222021,0,10389,10389,288.083,695.859,0
222021,1,9926,9926,166.127,471.264,1
222082,0,10392,10392,288.083,695.859,0
222082,1,9929,9929,166.127,471.264,1
222142,0,10396,10396,288.083,695.859,0
222142,1,9933,9933,166.127,471.264,1
222205,0,10400,10400,288.083,695.859,0
222205,1,9937,9937,166.127,471.264,1
222269,0,10404,10404,288.083,695.859,0
222269,1,9941,9941,166.127,471.264,1
222330,0,10407,10407,288.083,695.859,0
222330,1,9944,9944,166.127,471.264,1
222394,0,10411,10411,288.083,695.859,0
222394,1,9948,9948,166.127,471.264,1
222457,0,10415,10415,288.083,695.859,0
222457,1,9952,9952,166.127,471.264,1
222518,0,10418,10418,288.083,695.859,0
222518,1,9956,9956,166.127,471.264,1
222579,0,10422,10422,288.083,695.859,0
222579,1,9959,9959,166.127,471.264,1
222673,0,10427,10427,288.083,695.859,0
222673,1,9964,9964,166.127,471.264,1
222735,0,10431,10431,288.083,695.859,0
222735,1,9968,9968,166.127,471.264,1
222796,0,10435,10435,288.083,695.859,0
222796,1,9972,9972,166.127,471.264,1
222858,0,10438,10438,288.083,695.859,0
222858,1,9975,9975,166.127,471.264,1
222928,0,10440,10440,288.083,695.859,0
222928,1,9978,9978,166.127,471.264,1
222983,0,10443,10443,288.083,695.859,0
222983,1,9982,9982,166.127,471.264,1
223046,0,10447,10447,288.083,695.859,0
223046,1,9985,9985,166.127,471.264,1
223107,0,10450,10450,288.083,695.859,0
223107,1,9989,9989,166.127,471.264,1
223170,0,10454,10454,288.083,695.859,0
223170,1,9992,9992,166.127,471.264,1
223233,0,10458,10458,288.083,695.859,0
223233,1,9996,9996,166.127,471.264,1
223295,0,10461,10461,288.083,695.859,0
223295,1,10000,10000,166.127,471.264,1
223356,0,10465,10465,288.083,695.859,0
223356,1,10003,10003,166.127,471.264,1
223418,0,10469,10469,288.083,695.859,0
223418,1,10007,10007,166.127,471.264,1
223481,0,10472,10472,288.083,695.859,0
223481,1,10010,10010,166.127,471.264,1
223543,0,10476,10476,288.083,695.859,0
223543,1,10014,10014,166.127,471.264,1
223605,0,10479,10479,288.083,695.859,0
223605,1,10018,10018,166.127,471.264,1
223668,0,10483,10483,288.083,695.859,0
223668,1,10021,10021,166.127,471.264,1
223730,0,10487,10487,288.083,695.859,0
223730,1,10025,10025,166.127,471.264,1
223793,0,10490,10490,288.083,695.859,0
223793,1,10029,10029,166.127,471.264,1
223856,0,10494,10494,288.083,695.859,0
223856,1,10032,10032,166.127,471.264,1
223916,0,10498,10498,288.083,695.859,0
223916,1,10036,10036,166.127,471.264,1
223981,0,10501,10501,288.083,695.859,0
223981,1,10040,10040,166.127,471.264,1
224040,0,10505,10505,288.083,695.859,0
224040,1,10043,10043,166.127,471.264,1
224102,0,10509,10509,288.083,695.859,0
224102,1,10047,10047,166.127,471.264,1
224165,0,10513,10513,288.083,695.859,0
224165,1,10051,10051,166.127,471.264,1
224227,0,10516,10516,288.083,695.859,0
224227,1,10054,10054,166.127,471.264,1
224289,0,10520,10520,288.083,695.859,0
224289,1,10058,10058,166.127,471.264,1
224353,0,10524,10524,288.083,695.859,0
224353,1,10062,10062,166.127,471.264,1
224424,0,10525,10525,288.083,695.859,0
224424,1,10065,10065,166.127,471.264,1
224495,0,10529,10529,288.083,695.859,0
224495,1,10068,10068,166.127,471.264,1
224557,0,10532,10532,288.083,695.859,0
224557,1,10072,10072,166.127,471.264,1
224620,0,10536,10536,288.083,695.859,0
224620,1,10076,10076,166.127,471.264,1
224681,0,10539,10539,288.083,695.859,0
224681,1,10079,10079,166.127,471.264,1
224743,0,10543,10543,288.083,695.859,0
224743,1,10083,10083,166.127,471.264,1
224806,0,10547,10547,288.083,695.859,0
224806,1,10087,10087,166.127,471.264,1
224867,0,10550,10550,288.083,695.859,0
224867,1,10090,10090,166.127,471.264,1
224931,0,10554,10554,288.083,695.859,0
224931,1,10094,10094,166.127,471.264,1
224993,0,10557,10557,288.083,695.859,0
224993,1,10098,10098,166.127,471.264,1
225055,0,10561,10561,288.083,695.859,0
225055,1,10101,10101,166.127,471.264,1
225117,0,10565,10565,288.083,695.859,0
225117,1,10105,10105,166.127,471.264,1
225179,0,10568,10568,288.083,695.859,0
225179,1,10108,10108,166.127,471.264,1
225241,0,10572,10572,288.083,695.859,0
225241,1,10112,10112,166.127,471.264,1
225304,0,10576,10576,288.083,695.859,0
225304,1,10116,10116,166.127,471.264,1
225396,0,10581,10581,288.083,695.859,0
225396,1,10121,10121,166.127,471.264,1
225459,0,10585,10585,288.083,695.859,0
225459,1,10125,10125,166.127,471.264,1
225521,0,10588,10588,288.083,695.859,0
225521,1,10128,10128,166.127,471.264,1
225584,0,10592,10592,288.083,695.859,0
225584,1,10132,10132,166.127,471.264,1
225646,0,10596,10596,288.083,695.859,0
225646,1,10136,10136,166.127,471.264,1
225766,0,10599,10599,288.083,695.859,0
225766,1,10139,10139,166.127,471.264,1
225832,0,10603,10603,288.083,695.859,0
225832,1,10143,10143,166.127,471.264,1
225898,0,10607,10607,288.083,695.859,0
225898,1,10147,10147,166.127,471.264,1
225956,0,10610,10610,288.083,695.859,0
225956,1,10150,10150,166.127,471.264,1
226018,0,10614,10614,288.083,695.859,0
226018,1,10154,10154,166.127,471.264,1
226081,0,10618,10618,288.083,695.859,0
226081,1,10158,10158,166.127,471.264,1
226144,0,10621,10621,288.083,695.859,0
226144,1,10161,10161,166.127,471.264,1
226206,0,10625,10625,288.083,695.859,0
226206,1,10165,10165,166.127,471.264,1
226269,0,10629,10629,288.083,695.859,0
226269,1,10169,10169,166.127,471.264,1
226332,0,10632,10632,288.083,695.859,0
226332,1,10172,10172,166.127,471.264,1
226393,0,10636,10636,288.083,695.859,0
226393,1,10176,10176,166.127,471.264,1
226455,0,10639,10639,288.083,695.859,0
226455,1,10180,10180,166.127,471.264,1
226518,0,10643,10643,288.083,695.859,0
226518,1,10184,10184,166.127,471.264,1
226580,0,10647,10647,288.083,695.859,0
226580,1,10187,10187,166.127,471.264,1
226643,0,10650,10650,288.083,695.859,0
226643,1,10191,10191,166.127,471.264,1
226724,0,10651,10651,288.083,695.859,0
226724,1,10194,10194,166.127,471.264,1
226782,0,10655,10655,288.083,695.859,0
226782,1,10198,10198,166.127,471.264,1
226844,0,10659,10659,288.083,695.859,0
226844,1,10201,10201,166.127,471.264,1
226907,0,10663,10663,288.083,695.859,0
226907,1,10205,10205,166.127,471.264,1
226970,0,10666,10666,288.083,695.859,0
226970,1,10209,10209,166.127,471.264,1
227033,0,10670,10670,288.083,695.859,0
227033,1,10213,10213,166.127,471.264,1
227095,0,10674,10674,288.083,695.859,0
227095,1,10216,10216,166.127,471.264,1
227157,0,10677,10677,288.083,695.859,0
227157,1,10220,10220,166.127,471.264,1
227219,0,10681,10681,288.083,695.859,0
227219,1,10224,10224,166.127,471.264,1
227281,0,10685,10685,288.083,695.859,0
227281,1,10227,10227,166.127,471.264,1
227345,0,10688,10688,288.083,695.859,0
227345,1,10231,10231,166.127,471.264,1
227405,0,10692,10692,288.083,695.859,0
227405,1,10235,10235,166.127,471.264,1
227467,0,10696,10696,288.083,695.859,0
227467,1,10238,10238,166.127,471.264,1
227530,0,10699,10699,288.083,695.859,0
227530,1,10242,10242,166.127,471.264,1
227592,0,10703,10703,288.083,695.859,0
227592,1,10246,10246,166.127,471.264,1
227655,0,10707,10707,288.083,695.859,0
227655,1,10249,10249,166.127,471.264,1
227717,0,10710,10710,288.083,695.859,0
227717,1,10253,10253,166.127,471.264,1
227779,0,10714,10714,288.083,695.859,0
227779,1,10257,10257,166.127,471.264,1
227841,0,10718,10718,288.083,695.859,0
227841,1,10260,10260,166.127,471.264,1
227903,0,10721,10721,288.083,695.859,0
227903,1,10264,10264,166.127,471.264,1
227966,0,10725,10725,288.083,695.859,0
227966,1,10268,10268,166.127,471.264,1
228040,0,10728,10728,288.083,695.859,0
228040,1,10271,10271,166.127,471.264,1
228105,0,10731,10731,288.083,695.859,0
228105,1,10273,10273,166.127,471.264,1
228166,0,10735,10735,288.083,695.859,0
228166,1,10277,10277,166.127,471.264,1
228230,0,10738,10738,288.083,695.859,0
228230,1,10280,10280,166.127,471.264,1
228292,0,10742,10742,288.083,695.859,0
228292,1,10284,10284,166.127,471.264,1
228355,0,10745,10745,288.083,695.859,0
228355,1,10288,10288,166.127,471.264,1
228415,0,10749,10749,288.083,695.859,0
228415,1,10291,10291,166.127,471.264,1
228478,0,10753,10753,288.083,695.859,0
228478,1,10295,10295,166.127,471.264,1
228541,0,10756,10756,288.083,695.859,0
228541,1,10299,10299,166.127,471.264,1
228603,0,10760,10760,288.083,695.859,0
228603,1,10303,10303,166.127,471.264,1
228665,0,10764,10764,288.083,695.859,0
228665,1,10306,10306,166.127,471.264,1
228726,0,10767,10767,288.083,695.859,0
228726,1,10310,10310,166.127,471.264,1
228789,0,10771,10771,288.083,695.859,0
228789,1,10314,10314,166.127,471.264,1
228849,0,10775,10775,288.083,695.859,0
228849,1,10317,10317,166.127,471.264,1
228910,0,10778,10778,288.083,695.859,0
228910,1,10321,10321,166.127,471.264,1
228974,0,10782,10782,288.083,695.859,0
228974,1,10324,10324,166.127,471.264,1
229035,0,10785,10785,288.083,695.859,0
229035,1,10328,10328,166.127,471.264,1
229097,0,10789,10789,288.083,695.859,0
229097,1,10332,10332,166.127,471.264,1
229161,0,10793,10793,288.083,695.859,0
229161,1,10335,10335,166.127,471.264,1
229224,0,10797,10797,288.083,695.859,0
229224,1,10339,10339,166.127,471.264,1
229285,0,10800,10800,288.083,695.859,0
229285,1,10343,10343,166.127,471.264,1
229349,0,10804,10804,288.083,695.859,0
229349,1,10346,10346,166.127,471.264,1
229412,0,10808,10808,288.083,695.859,0
229412,1,10350,10350,166.127,471.264,1
229475,0,10811,10811,288.083,695.859,0
229475,1,10354,10354,166.127,471.264,1
229537,0,10815,10815,288.083,695.859,0
229537,1,10358,10358,166.127,471.264,1
229600,0,10819,10819,288.083,695.859,0
229600,1,10361,10361,166.127,471.264,1
229663,0,10822,10822,288.083,695.859,0
229663,1,10365,10365,166.127,471.264,1
229724,0,10826,10826,288.083,695.859,0
229724,1,10369,10369,166.127,471.264,1
229787,0,10830,10830,288.083,695.859,0
229787,1,10372,10372,166.127,471.264,1
229877,0,10832,10832,288.083,695.859,0
229877,1,10377,10377,166.127,471.264,1
229943,0,10836,10836,288.083,695.859,0
229943,1,10381,10381,166.127,471.264,1
230006,0,10840,10840,288.083,695.859,0
230006,1,10385,10385,166.127,471.264,1
230069,0,10843,10843,288.083,695.859,0
230069,1,10389,10389,166.127,471.264,1
230131,0,10847,10847,288.083,695.859,0
230131,1,10392,10392,166.127,471.264,1
230194,0,10850,10850,288.083,695.859,0
230194,1,10396,10396,166.127,471.264,1
230256,0,10854,10854,288.083,695.859,0
230256,1,10400,10400,166.127,471.264,1
230319,0,10858,10858,288.083,695.859,0
230319,1,10403,10403,166.127,471.264,1
230383,0,10862,10862,288.083,695.859,0
230383,1,10407,10407,166.127,471.264,1
230444,0,10865,10865,288.083,695.859,0
230444,1,10411,10411,166.127,471.264,1
230507,0,10869,10869,288.083,695.859,0
230507,1,10415,10415,166.127,471.264,1
230570,0,10873,10873,288.083,695.859,0
230570,1,10418,10418,166.127,471.264,1
230632,0,10876,10876,288.083,695.859,0
230632,1,10422,10422,166.127,471.264,1
230696,0,10880,10880,288.083,695.859,0
230696,1,10426,10426,166.127,471.264,1
230758,0,10884,10884,288.083,695.859,0
230758,1,10429,10429,166.127,471.264,1
230821,0,10887,10887,288.083,695.859,0
230821,1,10433,10433,166.127,471.264,1
230883,0,10891,10891,288.083,695.859,0
230883,1,10437,10437,166.127,471.264,1
230946,0,10895,10895,288.083,695.859,0
230946,1,10441,10441,166.127,471.264,1
231020,0,10896,10896,288.083,695.859,0
231020,1,10445,10445,166.127,471.264,1
231072,0,10899,10899,288.083,695.859,0
231072,1,10448,10448,166.127,471.264,1
231136,0,10903,10903,288.083,695.859,0
231136,1,10451,10451,166.127,471.264,1
231198,0,10907,10907,288.083,695.859,0
231198,1,10455,10455,166.127,471.264,1
231261,0,10910,10910,288.083,695.859,0
231261,1,10459,10459,166.127,471.264,1
231323,0,10914,10914,288.083,695.859,0
231323,1,10463,10463,166.127,471.264,1
231386,0,10918,10918,288.083,695.859,0
231386,1,10466,10466,166.127,471.264,1
231448,0,10921,10921,288.083,695.859,0
231448,1,10470,10470,166.127,471.264,1
231513,0,10925,10925,288.083,695.859,0
231513,1,10474,10474,166.127,471.264,1
231574,0,10929,10929,288.083,695.859,0
231574,1,10478,10478,166.127,471.264,1
231636,0,10932,10932,288.083,695.859,0
231636,1,10481,10481,166.127,471.264,1
231699,0,10936,10936,288.083,695.859,0
231699,1,10485,10485,166.127,471.264,1
231761,0,10940,10940,288.083,695.859,0
231761,1,10488,10488,166.127,471.264,1
231823,0,10943,10943,288.083,695.859,0
231823,1,10492,10492,166.127,471.264,1
231887,0,10947,10947,288.083,695.859,0
231887,1,10496,10496,166.127,471.264,1
231949,0,10951,10951,288.083,695.859,0
231949,1,10500,10500,166.127,471.264,1
232010,0,10955,10955,288.083,695.859,0
232010,1,10503,10503,166.127,471.264,1
232073,0,10958,10958,288.083,695.859,0
232073,1,10507,10507,166.127,471.264,1
232136,0,10962,10962,288.083,695.859,0
232136,1,10511,10511,166.127,471.264,1
232199,0,10965,10965,288.083,695.859,0
232199,1,10514,10514,166.127,471.264,1
232259,0,10969,10969,288.083,695.859,0
232259,1,10518,10518,166.127,471.264,1
232320,0,10972,10972,288.083,695.859,0
232320,1,10521,10521,166.127,471.264,1
232384,0,10976,10976,288.083,695.859,0
232384,1,10525,10525,166.127,471.264,1
232474,0,10979,10979,288.083,695.859,0
232474,1,10529,10529,166.127,471.264,1
232540,0,10983,10983,288.083,695.859,0
232540,1,10533,10533,166.127,471.264,1
232602,0,10987,10987,288.083,695.859,0
232602,1,10537,10537,166.127,471.264,1
232664,0,10991,10991,288.083,695.859,0
232664,1,10540,10540,166.127,471.264,1
232726,0,10994,10994,288.083,695.859,0
232726,1,10544,10544,166.127,471.264,1
232788,0,10998,10998,288.083,695.859,0
232788,1,10548,10548,166.127,471.264,1
232852,0,11002,11002,288.083,695.859,0
232852,1,10552,10552,166.127,471.264,1
232914,0,11006,11006,288.083,695.859,0
232914,1,10555,10555,166.127,471.264,1
232977,0,11009,11009,288.083,695.859,0
232977,1,10559,10559,166.127,471.264,1
233041,0,11013,11013,288.083,695.859,0
233041,1,10563,10563,166.127,471.264,1
233103,0,11017,11017,288.083,695.859,0
233103,1,10566,10566,166.127,471.264,1
233166,0,11020,11020,288.083,695.859,0
233166,1,10570,10570,166.127,471.264,1
233228,0,11024,11024,288.083,695.859,0
233228,1,10574,10574,166.127,471.264,1
233291,0,11028,11028,288.083,695.859,0
233291,1,10578,10578,166.127,471.264,1
233361,0,11031,11031,288.083,695.859,0
233361,1,10581,10581,166.127,471.264,1
233418,0,11034,11034,288.083,695.859,0
233418,1,10585,10585,166.127,471.264,1
233480,0,11038,11038,288.083,695.859,0
233480,1,10588,10588,166.127,471.264,1
233543,0,11042,11042,288.083,695.859,0
233543,1,10592,10592,166.127,471.264,1
233605,0,11045,11045,288.083,695.859,0
233605,1,10596,10596,166.127,471.264,1
233667,0,11049,11049,288.083,695.859,0
233667,1,10600,10600,166.127,471.264,1
233729,0,11053,11053,288.083,695.859,0
233729,1,10603,10603,166.127,471.264,1
233793,0,11056,11056,288.083,695.859,0
233793,1,10607,10607,166.127,471.264,1
233855,0,11060,11060,288.083,695.859,0
233855,1,10611,10611,166.127,471.264,1
233917,0,11064,11064,288.083,695.859,0
233917,1,10614,10614,166.127,471.264,1
233981,0,11067,11067,288.083,695.859,0
233981,1,10618,10618,166.127,471.264,1
234044,0,11071,11071,288.083,695.859,0
234044,1,10622,10622,166.127,471.264,1
234108,0,11075,11075,288.083,695.859,0
234108,1,10626,10626,166.127,471.264,1
234171,0,11079,11079,288.083,695.859,0
234171,1,10629,10629,166.127,471.264,1
234283,0,11083,11083,288.083,695.859,0
234283,1,10634,10634,166.127,471.264,1
234341,0,11087,11087,288.083,695.859,0
234341,1,10637,10637,166.127,471.264,1
234405,0,11091,11091,288.083,695.859,0
234405,1,10641,10641,166.127,471.264,1
234467,0,11094,11094,288.083,695.859,0
234467,1,10644,10644,166.127,471.264,1
234529,0,11098,11098,288.083,695.859,0
234529,1,10648,10648,166.127,471.264,1
234590,0,11102,11102,288.083,695.859,0
234590,1,10652,10652,166.127,471.264,1
234654,0,11105,11105,288.083,695.859,0
234654,1,10655,10655,166.127,471.264,1
234716,0,11109,11109,288.083,695.859,0
234716,1,10659,10659,166.127,471.264,1
234777,0,11113,11113,288.083,695.859,0
234777,1,10663,10663,166.127,471.264,1
234840,0,11116,11116,288.083,695.859,0
234840,1,10666,10666,166.127,471.264,1
234903,0,11120,11120,288.083,695.859,0
234903,1,10670,10670,166.127,471.264,1
234981,0,11124,11124,288.083,695.859,0
234981,1,10675,10675,166.127,471.264,1
235044,0,11128,11128,288.083,695.859,0
235044,1,10678,10678,166.127,471.264,1
235106,0,11132,11132,288.083,695.859,0
235106,1,10682,10682,166.127,471.264,1
235168,0,11136,11136,288.083,695.859,0
235168,1,10686,10686,166.127,471.264,1
235230,0,11139,11139,288.083,695.859,0
235230,1,10689,10689,166.127,471.264,1
235293,0,11143,11143,288.083,695.859,0
235293,1,10693,10693,166.127,471.264,1
235360,0,11145,11145,288.083,695.859,0
235360,1,10696,10696,166.127,471.264,1
235417,0,11148,11148,288.083,695.859,0
235417,1,10700,10700,166.127,471.264,1
235479,0,11152,11152,288.083,695.859,0
235479,1,10704,10704,166.127,471.264,1
235541,0,11155,11155,288.083,695.859,0
235541,1,10707,10707,166.127,471.264,1
235603,0,11159,11159,288.083,695.859,0
235603,1,10711,10711,166.127,471.264,1
235665,0,11163,11163,288.083,695.859,0
235665,1,10715,10715,166.127,471.264,1
235726,0,11166,11166,288.083,695.859,0
235726,1,10718,10718,166.127,471.264,1
235787,0,11170,11170,288.083,695.859,0
235787,1,10722,10722,166.127,471.264,1
235850,0,11173,11173,288.083,695.859,0
235850,1,10725,10725,166.127,471.264,1
235913,0,11177,11177,288.083,695.859,0
235913,1,10729,10729,166.127,471.264,1
235975,0,11181,11181,288.083,695.859,0
235975,1,10733,10733,166.127,471.264,1
236036,0,11184,11184,288.083,695.859,0
236036,1,10736,10736,166.127,471.264,1
236099,0,11188,11188,288.083,695.859,0
236099,1,10740,10740,166.127,471.264,1
236162,0,11191,11191,288.083,695.859,0
236162,1,10743,10743,166.127,471.264,1
236226,0,11195,11195,288.083,695.859,0
236226,1,10747,10747,166.127,471.264,1
236287,0,11198,11198,288.083,695.859,0
236287,1,10750,10750,166.127,471.264,1
236349,0,11201,11201,288.083,695.859,0
236349,1,10754,10754,166.127,471.264,1
236412,0,11205,11205,288.083,695.859,0
236412,1,10757,10757,166.127,471.264,1
236474,0,11209,11209,288.083,695.859,0
236474,1,10761,10761,166.127,471.264,1
236536,0,11212,11212,288.083,695.859,0
236536,1,10765,10765,166.127,471.264,1
236598,0,11216,11216,288.083,695.859,0
236598,1,10768,10768,166.127,471.264,1
236659,0,11219,11219,288.083,695.859,0
236659,1,10772,10772,166.127,471.264,1
236721,0,11223,11223,288.083,695.859,0
236721,1,10775,10775,166.127,471.264,1
236784,0,11227,11227,288.083,695.859,0
236784,1,10779,10779,166.127,471.264,1
236847,0,11230,11230,288.083,695.859,0
236847,1,10783,10783,166.127,471.264,1
236909,0,11234,11234,288.083,695.859,0
236909,1,10786,10786,166.127,471.264,1
236976,0,11237,11237,288.083,695.859,0
236976,1,10790,10790,166.127,471.264,1
237033,0,11241,11241,288.083,695.859,0
237033,1,10794,10794,166.127,471.264,1
237095,0,11245,11245,288.083,695.859,0
237095,1,10797,10797,166.127,471.264,1
237157,0,11249,11249,288.083,695.859,0
237157,1,10801,10801,166.127,471.264,1
237250,0,11251,11251,288.083,695.859,0
237250,1,10805,10805,166.127,471.264,1
237315,0,11255,11255,288.083,695.859,0
237315,1,10809,10809,166.127,471.264,1
237376,0,11258,11258,288.083,695.859,0
237376,1,10813,10813,166.127,471.264,1
237438,0,11262,11262,288.083,695.859,0
237438,1,10816,10816,166.127,471.264,1
237502,0,11266,11266,288.083,695.859,0
237502,1,10820,10820,166.127,471.264,1
237563,0,11269,11269,288.083,695.859,0
237563,1,10824,10824,166.127,471.264,1
237625,0,11273,11273,288.083,695.859,0
237625,1,10827,10827,166.127,471.264,1
237702,0,11277,11277,288.083,695.859,0
237702,1,10832,10832,166.127,471.264,1
237764,0,11281,11281,288.083,695.859,0
237764,1,10836,10836,166.127,471.264,1
237826,0,11285,11285,288.083,695.859,0
237826,1,10839,10839,166.127,471.264,1
237889,0,11288,11288,288.083,695.859,0
237889,1,10843,10843,166.127,471.264,1
237954,0,11292,11292,288.083,695.859,0
237954,1,10847,10847,166.127,471.264,1
238016,0,11296,11296,288.083,695.859,0
238016,1,10850,10850,166.127,471.264,1
238078,0,11299,11299,288.083,695.859,0
238078,1,10854,10854,166.127,471.264,1
238139,0,11303,11303,288.083,695.859,0
238139,1,10858,10858,166.127,471.264,1
238203,0,11307,11307,288.083,695.859,0
238203,1,10861,10861,166.127,471.264,1
238264,0,11310,11310,288.083,695.859,0
238264,1,10865,10865,166.127,471.264,1
238325,0,11314,11314,288.083,695.859,0
238325,1,10869,10869,166.127,471.264,1
238388,0,11318,11318,288.083,695.859,0
238388,1,10872,10872,166.127,471.264,1
238450,0,11321,11321,288.083,695.859,0
238450,1,10876,10876,166.127,471.264,1
238512,0,11325,11325,288.083,695.859,0
238512,1,10880,10880,166.127,471.264,1
238575,0,11329,11329,288.083,695.859,0
238575,1,10883,10883,166.127,471.264,1
238638,0,11332,11332,288.083,695.859,0
238638,1,10887,10887,166.127,471.264,1
238702,0,11336,11336,288.083,695.859,0
238702,1,10891,10891,166.127,471.264,1
238765,0,11340,11340,288.083,695.859,0
238765,1,10894,10894,166.127,471.264,1
238827,0,11343,11343,288.083,695.859,0
238827,1,10898,10898,166.127,471.264,1
238889,0,11347,11347,288.083,695.859,0
238889,1,10902,10902,166.127,471.264,1
238952,0,11351,11351,288.083,695.859,0
238952,1,10905,10905,166.127,471.264,1
239014,0,11354,11354,288.083,695.859,0
239014,1,10909,10909,166.127,471.264,1
239077,0,11358,11358,288.083,695.859,0
239077,1,10913,10913,166.127,471.264,1
239139,0,11362,11362,288.083,695.859,0
239139,1,10916,10916,166.127,471.264,1
239202,0,11365,11365,288.083,695.859,0
239202,1,10920,10920,166.127,471.264,1
239262,0,11369,11369,288.083,695.859,0
239262,1,10924,10924,166.127,471.264,1
239325,0,11373,11373,288.083,695.859,0
239325,1,10927,10927,166.127,471.264,1
239386,0,11376,11376,288.083,695.859,0
239386,1,10931,10931,166.127,471.264,1
239447,0,11380,11380,288.083,695.859,0
239447,1,10934,10934,166.127,471.264,1
239511,0,11384,11384,288.083,695.859,0
239511,1,10938,10938,166.127,471.264,1
239571,0,11387,11387,288.083,695.859,0
239571,1,10942,10942,166.127,471.264,1
239634,0,11391,11391,288.083,695.859,0
239634,1,10945,10945,166.127,471.264,1
239695,0,11394,11394,288.083,695.859,0
239695,1,10949,10949,166.127,471.264,1
239757,0,11398,11398,288.083,695.859,0
239757,1,10953,10953,166.127,471.264,1
239817,0,11402,11402,288.083,695.859,0
239817,1,10956,10956,166.127,471.264,1
239881,0,11405,11405,288.083,695.859,0
239881,1,10960,10960,166.127,471.264,1
239948,0,11407,11407,288.083,695.859,0
239948,1,10963,10963,166.127,471.264,1
240005,0,11410,11410,288.083,695.859,0
240005,1,10965,10965,166.127,471.264,1
240067,0,11413,11413,288.083,695.859,0
240067,1,10969,10969,166.127,471.264,1
240130,0,11417,11417,288.083,695.859,0
240130,1,10972,10972,166.127,471.264,1
240192,0,11421,11421,288.083,695.859,0
240192,1,10976,10976,166.127,471.264,1
240254,0,11424,11424,288.083,695.859,0
240254,1,10980,10980,166.127,471.264,1
240317,0,11428,11428,288.083,695.859,0
240317,1,10983,10983,166.127,471.264,1
240379,0,11432,11432,288.083,695.859,0
240379,1,10987,10987,166.127,471.264,1
240441,0,11435,11435,288.083,695.859,0
240441,1,10990,10990,166.127,471.264,1
240503,0,11439,11439,288.083,695.859,0
240503,1,10994,10994,166.127,471.264,1
240566,0,11443,11443,288.083,695.859,0
240566,1,10998,10998,166.127,471.264,1
240627,0,11446,11446,288.083,695.859,0
240627,1,11001,11001,166.127,471.264,1
240691,0,11450,11450,288.083,695.859,0
240691,1,11005,11005,166.127,471.264,1
240753,0,11453,11453,288.083,695.859,0
240753,1,11009,11009,166.127,471.264,1
240814,0,11457,11457,288.083,695.859,0
240814,1,11012,11012,166.127,471.264,1
240878,0,11461,11461,288.083,695.859,0
240878,1,11016,11016,166.127,471.264,1
240939,0,11464,11464,288.083,695.859,0
240939,1,11020,11020,166.127,471.264,1
241001,0,11468,11468,288.083,695.859,0
241001,1,11023,11023,166.127,471.264,1
241064,0,11472,11472,288.083,695.859,0
241064,1,11027,11027,166.127,471.264,1
241127,0,11475,11475,288.083,695.859,0
241127,1,11031,11031,166.127,471.264,1
241190,0,11479,11479,288.083,695.859,0
241190,1,11034,11034,166.127,471.264,1
241261,0,11480,11480,288.083,695.859,0
241261,1,11036,11036,166.127,471.264,1
241313,0,11482,11482,288.083,695.859,0
241313,1,11038,11038,166.127,471.264,1
241376,0,11485,11485,288.083,695.859,0
241376,1,11041,11041,166.127,471.264,1
241437,0,11489,11489,288.083,695.859,0
241437,1,11045,11045,166.127,471.264,1
241501,0,11492,11492,288.083,695.859,0
241501,1,11049,11049,166.127,471.264,1
241563,0,11496,11496,288.083,695.859,0
241563,1,11053,11053,166.127,471.264,1
241624,0,11500,11500,288.083,695.859,0
241624,1,11056,11056,166.127,471.264,1
241687,0,11503,11503,288.083,695.859,0
241687,1,11060,11060,166.127,471.264,1
241749,0,11507,11507,288.083,695.859,0
241749,1,11064,11064,166.127,471.264,1
241811,0,11511,11511,288.083,695.859,0
241811,1,11067,11067,166.127,471.264,1
241874,0,11514,11514,288.083,695.859,0
241874,1,11071,11071,166.127,471.264,1
241939,0,11518,11518,288.083,695.859,0
241939,1,11075,11075,166.127,471.264,1
241999,0,11522,11522,288.083,695.859,0
241999,1,11078,11078,166.127,471.264,1
242062,0,11525,11525,288.083,695.859,0
242062,1,11082,11082,166.127,471.264,1
242124,0,11529,11529,288.083,695.859,0
242124,1,11086,11086,166.127,471.264,1
242186,0,11533,11533,288.083,695.859,0
242186,1,11089,11089,166.127,471.264,1
242248,0,11536,11536,288.083,695.859,0
242248,1,11093,11093,166.127,471.264,1
242311,0,11540,11540,288.083,695.859,0
242311,1,11097,11097,166.127,471.264,1
242379,0,11542,11542,288.083,695.859,0
242379,1,11099,11099,166.127,471.264,1
242436,0,11545,11545,288.083,695.859,0
242436,1,11103,11103,166.127,471.264,1
242499,0,11549,11549,288.083,695.859,0
242499,1,11106,11106,166.127,471.264,1
242560,0,11552,11552,288.083,695.859,0
242560,1,11110,11110,166.127,471.264,1
242623,0,11556,11556,288.083,695.859,0
242623,1,11114,11114,166.127,471.264,1
242686,0,11560,11560,288.083,695.859,0
242686,1,11117,11117,166.127,471.264,1
242748,0,11563,11563,288.083,695.859,0
242748,1,11121,11121,166.127,471.264,1
242810,0,11567,11567,288.083,695.859,0
242810,1,11124,11124,166.127,471.264,1
242872,0,11571,11571,288.083,695.859,0
242872,1,11128,11128,166.127,471.264,1
242935,0,11575,11575,288.083,695.859,0
242935,1,11132,11132,166.127,471.264,1
242997,0,11578,11578,288.083,695.859,0
242997,1,11136,11136,166.127,471.264,1
243060,0,11582,11582,288.083,695.859,0
243060,1,11139,11139,166.127,471.264,1
243139,0,11586,11586,288.083,695.859,0
243139,1,11144,11144,166.127,471.264,1
243202,0,11590,11590,288.083,695.859,0
243202,1,11147,11147,166.127,471.264,1
243263,0,11594,11594,288.083,695.859,0
243263,1,11151,11151,166.127,471.264,1
243325,0,11598,11598,288.083,695.859,0
243325,1,11155,11155,166.127,471.264,1
243388,0,11601,11601,288.083,695.859,0
243388,1,11159,11159,166.127,471.264,1
243474,0,11602,11602,288.083,695.859,0
243474,1,11161,11161,166.127,471.264,1
243528,0,11605,11605,288.083,695.859,0
243528,1,11164,11164,166.127,471.264,1
243591,0,11609,11609,288.083,695.859,0
243591,1,11168,11168,166.127,471.264,1
243653,0,11613,11613,288.083,695.859,0
243653,1,11171,11171,166.127,471.264,1
243715,0,11616,11616,288.083,695.859,0
243715,1,11175,11175,166.127,471.264,1
243778,0,11620,11620,288.083,695.859,0
243778,1,11178,11178,166.127,471.264,1
243839,0,11624,11624,288.083,695.859,0
243839,1,11182,11182,166.127,471.264,1
243901,0,11627,11627,288.083,695.859,0
243901,1,11186,11186,166.127,471.264,1
243965,0,11631,11631,288.083,695.859,0
243965,1,11189,11189,166.127,471.264,1
244026,0,11635,11635,288.083,695.859,0
244026,1,11193,11193,166.127,471.264,1
244090,0,11638,11638,288.083,695.859,0
244090,1,11197,11197,166.127,471.264,1
244152,0,11642,11642,288.083,695.859,0
244152,1,11200,11200,166.127,471.264,1
244214,0,11646,11646,288.083,695.859,0
244214,1,11204,11204,166.127,471.264,1
244276,0,11650,11650,288.083,695.859,0
244276,1,11208,11208,166.127,471.264,1
244339,0,11653,11653,288.083,695.859,0
244339,1,11211,11211,166.127,471.264,1
244400,0,11657,11657,288.083,695.859,0
244400,1,11215,11215,166.127,471.264,1
244463,0,11660,11660,288.083,695.859,0
244463,1,11219,11219,166.127,471.264,1
244525,0,11664,11664,288.083,695.859,0
244525,1,11223,11223,166.127,471.264,1
244588,0,11668,11668,288.083,695.859,0
244588,1,11226,11226,166.127,471.264,1
244651,0,11671,11671,288.083,695.859,0
244651,1,11230,11230,166.127,471.264,1
244713,0,11675,11675,288.083,695.859,0
244713,1,11234,11234,166.127,471.264,1
244775,0,11679,11679,288.083,695.859,0
244775,1,11237,11237,166.127,471.264,1
244837,0,11682,11682,288.083,695.859,0
244837,1,11241,11241,166.127,471.264,1
244899,0,11686,11686,288.083,695.859,0
244899,1,11245,11245,166.127,471.264,1
244961,0,11690,11690,288.083,695.859,0
244961,1,11249,11249,166.127,471.264,1
245023,0,11693,11693,288.083,695.859,0
245023,1,11252,11252,166.127,471.264,1
245085,0,11697,11697,288.083,695.859,0
245085,1,11256,11256,166.127,471.264,1
245146,0,11701,11701,288.083,695.859,0
245146,1,11259,11259,166.127,471.264,1
245213,0,11701,11701,288.083,695.859,0
245213,1,11261,11261,166.127,471.264,1
245270,0,11704,11704,288.083,695.859,0
245270,1,11264,11264,166.127,471.264,1
245332,0,11708,11708,288.083,695.859,0
245332,1,11268,11268,166.127,471.264,1
245395,0,11711,11711,288.083,695.859,0
245395,1,11272,11272,166.127,471.264,1
245458,0,11715,11715,288.083,695.859,0
245458,1,11275,11275,166.127,471.264,1
245521,0,11719,11719,288.083,695.859,0
245521,1,11279,11279,166.127,471.264,1
245584,0,11722,11722,288.083,695.859,0
245584,1,11283,11283,166.127,471.264,1
245645,0,11726,11726,288.083,695.859,0
245645,1,11286,11286,166.127,471.264,1
245709,0,11730,11730,288.083,695.859,0
245709,1,11290,11290,166.127,471.264,1
245770,0,11733,11733,288.083,695.859,0
245770,1,11294,11294,166.127,471.264,1
245835,0,11737,11737,288.083,695.859,0
245835,1,11298,11298,166.127,471.264,1
245898,0,11741,11741,288.083,695.859,0
245898,1,11301,11301,166.127,471.264,1
245957,0,11744,11744,288.083,695.859,0
245957,1,11305,11305,166.127,471.264,1
246020,0,11748,11748,288.083,695.859,0
246020,1,11308,11308,166.127,471.264,1
246083,0,11752,11752,288.083,695.859,0
246083,1,11312,11312,166.127,471.264,1
246146,0,11756,11756,288.083,695.859,0
246146,1,11316,11316,166.127,471.264,1
246208,0,11759,11759,288.083,695.859,0
246208,1,11320,11320,166.127,471.264,1
246268,0,11763,11763,288.083,695.859,0
246268,1,11323,11323,166.127,471.264,1
246331,0,11766,11766,288.083,695.859,0
246331,1,11327,11327,166.127,471.264,1
246395,0,11770,11770,288.083,695.859,0
246395,1,11330,11330,166.127,471.264,1
246457,0,11774,11774,288.083,695.859,0
246457,1,11334,11334,166.127,471.264,1
246539,0,11776,11776,288.083,695.859,0
246539,1,11338,11338,166.127,471.264,1
246596,0,11779,11779,288.083,695.859,0
246596,1,11340,11340,166.127,471.264,1
246658,0,11783,11783,288.083,695.859,0
246658,1,11344,11344,166.127,471.264,1
246720,0,11787,11787,288.083,695.859,0
246720,1,11348,11348,166.127,471.264,1
246782,0,11790,11790,288.083,695.859,0
246782,1,11352,11352,166.127,471.264,1
246845,0,11794,11794,288.083,695.859,0
246845,1,11355,11355,166.127,471.264,1
246907,0,11797,11797,288.083,695.859,0
246907,1,11359,11359,166.127,471.264,1
246969,0,11801,11801,288.083,695.859,0
246969,1,11363,11363,166.127,471.264,1
247032,0,11805,11805,288.083,695.859,0
247032,1,11366,11366,166.127,471.264,1
247094,0,11808,11808,288.083,695.859,0
247094,1,11370,11370,166.127,471.264,1
247158,0,11812,11812,288.083,695.859,0
247158,1,11374,11374,166.127,471.264,1
247235,0,11817,11817,288.083,695.859,0
247235,1,11378,11378,166.127,471.264,1
247298,0,11820,11820,288.083,695.859,0
247298,1,11382,11382,166.127,471.264,1
247360,0,11824,11824,288.083,695.859,0
247360,1,11386,11386,166.127,471.264,1
247422,0,11828,11828,288.083,695.859,0
247422,1,11390,11390,166.127,471.264,1
247484,0,11831,11831,288.083,695.859,0
247484,1,11393,11393,166.127,471.264,1
247545,0,11835,11835,288.083,695.859,0
247545,1,11397,11397,166.127,471.264,1
247611,0,11839,11839,288.083,695.859,0
247611,1,11401,11401,166.127,471.264,1
247670,0,11842,11842,288.083,695.859,0
247670,1,11404,11404,166.127,471.264,1
247732,0,11846,11846,288.083,695.859,0
247732,1,11408,11408,166.127,471.264,1
247794,0,11850,11850,288.083,695.859,0
247794,1,11412,11412,166.127,471.264,1
247857,0,11853,11853,288.083,695.859,0
247857,1,11415,11415,166.127,471.264,1
247919,0,11857,11857,288.083,695.859,0
247919,1,11419,11419,166.127,471.264,1
247982,0,11861,11861,288.083,695.859,0
247982,1,11423,11423,166.127,471.264,1
248044,0,11864,11864,288.083,695.859,0
248044,1,11426,11426,166.127,471.264,1
248107,0,11868,11868,288.083,695.859,0
248107,1,11430,11430,166.127,471.264,1
248170,0,11872,11872,288.083,695.859,0
248170,1,11434,11434,166.127,471.264,1
248232,0,11875,11875,288.083,695.859,0
248232,1,11437,11437,166.127,471.264,1
248294,0,11879,11879,288.083,695.859,0
248294,1,11441,11441,166.127,471.264,1
248355,0,11882,11882,288.083,695.859,0
248355,1,11445,11445,166.127,471.264,1
248418,0,11886,11886,288.083,695.859,0
248418,1,11448,11448,166.127,471.264,1
248481,0,11890,11890,288.083,695.859,0
248481,1,11452,11452,166.127,471.264,1
248543,0,11892,11892,288.083,695.859,0
248543,1,11454,11454,166.127,471.264,1
248604,0,11896,11896,288.083,695.859,0
248604,1,11458,11458,166.127,471.264,1
248667,0,11900,11900,288.083,695.859,0
248667,1,11462,11462,166.127,471.264,1
248730,0,11903,11903,288.083,695.859,0
248730,1,11466,11466,166.127,471.264,1
248791,0,11907,11907,288.083,695.859,0
248791,1,11469,11469,166.127,471.264,1
248854,0,11911,11911,288.083,695.859,0
248854,1,11473,11473,166.127,471.264,1
248916,0,11914,11914,288.083,695.859,0
248916,1,11477,11477,166.127,471.264,1
248978,0,11918,11918,288.083,695.859,0
248978,1,11480,11480,166.127,471.264,1
249041,0,11921,11921,288.083,695.859,0
249041,1,11484,11484,166.127,471.264,1
249103,0,11925,11925,288.083,695.859,0
249103,1,11488,11488,166.127,471.264,1
249166,0,11929,11929,288.083,695.859,0
249166,1,11491,11491,166.127,471.264,1
249234,0,11930,11930,288.083,695.859,0
249234,1,11495,11495,166.127,471.264,1
249290,0,11933,11933,288.083,695.859,0
249290,1,11498,11498,166.127,471.264,1
249353,0,11937,11937,288.083,695.859,0
249353,1,11502,11502,166.127,471.264,1
249415,0,11941,11941,288.083,695.859,0
249415,1,11506,11506,166.127,471.264,1
249477,0,11945,11945,288.083,695.859,0
249477,1,11509,11509,166.127,471.264,1
249540,0,11948,11948,288.083,695.859,0
249540,1,11513,11513,166.127,471.264,1
249603,0,11952,11952,288.083,695.859,0
249603,1,11517,11517,166.127,471.264,1
249664,0,11956,11956,288.083,695.859,0
249664,1,11520,11520,166.127,471.264,1
249726,0,11959,11959,288.083,695.859,0
249726,1,11524,11524,166.127,471.264,1
249790,0,11963,11963,288.083,695.859,0
249790,1,11527,11527,166.127,471.264,1
249852,0,11966,11966,288.083,695.859,0
249852,1,11531,11531,166.127,471.264,1
249914,0,11970,11970,288.083,695.859,0
249914,1,11535,11535,166.127,471.264,1
249975,0,11974,11974,288.083,695.859,0
249975,1,11538,11538,166.127,471.264,1
250036,0,11977,11977,288.083,695.859,0
250036,1,11542,11542,166.127,471.264,1
250099,0,11981,11981,288.083,695.859,0
250099,1,11546,11546,166.127,471.264,1
250161,0,11985,11985,288.083,695.859,0
250161,1,11549,11549,166.127,471.264,1
250223,0,11988,11988,288.083,695.859,0
250223,1,11553,11553,166.127,471.264,1
250285,0,11992,11992,288.083,695.859,0
250285,1,11556,11556,166.127,471.264,1
250347,0,11996,11996,288.083,695.859,0
250347,1,11560,11560,166.127,471.264,1
250409,0,11999,11999,288.083,695.859,0
250409,1,11564,11564,166.127,471.264,1
250487,0,12001,12001,288.083,695.859,0
250487,1,11567,11567,166.127,471.264,1
250549,0,12005,12005,288.083,695.859,0
250549,1,11571,11571,166.127,471.264,1
250610,0,12008,12008,288.083,695.859,0
250610,1,11575,11575,166.127,471.264,1
250673,0,12012,12012,288.083,695.859,0
250673,1,11578,11578,166.127,471.264,1
250735,0,12016,12016,288.083,695.859,0
250735,1,11582,11582,166.127,471.264,1
250799,0,12019,12019,288.083,695.859,0
250799,1,11585,11585,166.127,471.264,1
250860,0,12023,12023,288.083,695.859,0
250860,1,11589,11589,166.127,471.264,1
250923,0,12026,12026,288.083,695.859,0
250923,1,11593,11593,166.127,471.264,1
250985,0,12030,12030,288.083,695.859,0
250985,1,11596,11596,166.127,471.264,1
251047,0,12034,12034,288.083,695.859,0
251047,1,11600,11600,166.127,471.264,1
251109,0,12038,12038,288.083,695.859,0
251109,1,11604,11604,166.127,471.264,1
251172,0,12041,12041,288.083,695.859,0
251172,1,11607,11607,166.127,471.264,1
251234,0,12045,12045,288.083,695.859,0
251234,1,11611,11611,166.127,471.264,1
251327,0,12050,12050,288.083,695.859,0
251327,1,11616,11616,166.127,471.264,1
251388,0,12054,12054,288.083,695.859,0
251388,1,11620,11620,166.127,471.264,1
251450,0,12058,12058,288.083,695.859,0
251450,1,11624,11624,166.127,471.264,1
251513,0,12061,12061,288.083,695.859,0
251513,1,11627,11627,166.127,471.264,1
251577,0,12065,12065,288.083,695.859,0
251577,1,11631,11631,166.127,471.264,1
251640,0,12069,12069,288.083,695.859,0
251640,1,11635,11635,166.127,471.264,1
251702,0,12072,12072,288.083,695.859,0
251702,1,11639,11639,166.127,471.264,1
251764,0,12076,12076,288.083,695.859,0
251764,1,11642,11642,166.127,471.264,1
251828,0,12080,12080,288.083,695.859,0
251828,1,11646,11646,166.127,471.264,1
251890,0,12083,12083,288.083,695.859,0
251890,1,11650,11650,166.127,471.264,1
251952,0,12087,12087,288.083,695.859,0
251952,1,11653,11653,166.127,471.264,1
252031,0,12089,12089,288.083,695.859,0
252031,1,11656,11656,166.127,471.264,1
252091,0,12093,12093,288.083,695.859,0
252091,1,11659,11659,166.127,471.264,1
252154,0,12097,12097,288.083,695.859,0
252154,1,11663,11663,166.127,471.264,1
252216,0,12100,12100,288.083,695.859,0
252216,1,11667,11667,166.127,471.264,1
252279,0,12104,12104,288.083,695.859,0
252279,1,11670,11670,166.127,471.264,1
252339,0,12108,12108,288.083,695.859,0
252339,1,11674,11674,166.127,471.264,1
252402,0,12111,12111,288.083,695.859,0
252402,1,11677,11677,166.127,471.264,1
252463,0,12115,12115,288.083,695.859,0
252463,1,11681,11681,166.127,471.264,1
252525,0,12119,12119,288.083,695.859,0
252525,1,11685,11685,166.127,471.264,1
252589,0,12122,12122,288.083,695.859,0
252589,1,11688,11688,166.127,471.264,1
252651,0,12126,12126,288.083,695.859,0
252651,1,11692,11692,166.127,471.264,1
252712,0,12129,12129,288.083,695.859,0
252712,1,11695,11695,166.127,471.264,1
252774,0,12133,12133,288.083,695.859,0
252774,1,11699,11699,166.127,471.264,1
252837,0,12137,12137,288.083,695.859,0
252837,1,11703,11703,166.127,471.264,1
252902,0,12140,12140,288.083,695.859,0
252902,1,11707,11707,166.127,471.264,1
252962,0,12144,12144,288.083,695.859,0
252962,1,11710,11710,166.127,471.264,1
253024,0,12148,12148,288.083,695.859,0
253024,1,11714,11714,166.127,471.264,1
253107,0,12150,12150,288.083,695.859,0
253107,1,11717,11717,166.127,471.264,1
253164,0,12153,12153,288.083,695.859,0
253164,1,11720,11720,166.127,471.264,1
253227,0,12157,12157,288.083,695.859,0
253227,1,11724,11724,166.127,471.264,1
253290,0,12161,12161,288.083,695.859,0
253290,1,11728,11728,166.127,471.264,1
253359,0,12165,12165,288.083,695.859,0
253359,1,11732,11732,166.127,471.264,1
253415,0,12168,12168,288.083,695.859,0
253415,1,11735,11735,166.127,471.264,1
253478,0,12172,12172,288.083,695.859,0
253478,1,11739,11739,166.127,471.264,1
253540,0,12175,12175,288.083,695.859,0
253540,1,11742,11742,166.127,471.264,1
253604,0,12179,12179,288.083,695.859,0
253604,1,11746,11746,166.127,471.264,1
253666,0,12183,12183,288.083,695.859,0
253666,1,11749,11749,166.127,471.264,1
253730,0,12187,12187,288.083,695.859,0
253730,1,11753,11753,166.127,471.264,1
253792,0,12190,12190,288.083,695.859,0
253792,1,11757,11757,166.127,471.264,1
253854,0,12194,12194,288.083,695.859,0
253854,1,11761,11761,166.127,471.264,1
253917,0,12197,12197,288.083,695.859,0
253917,1,11764,11764,166.127,471.264,1
253979,0,12201,12201,288.083,695.859,0
253979,1,11768,11768,166.127,471.264,1
254057,0,12206,12206,288.083,695.859,0
254057,1,11772,11772,166.127,471.264,1
254121,0,12209,12209,288.083,695.859,0
254121,1,11776,11776,166.127,471.264,1
254184,0,12213,12213,288.083,695.859,0
254184,1,11780,11780,166.127,471.264,1
254246,0,12217,12217,288.083,695.859,0
254246,1,11784,11784,166.127,471.264,1
254308,0,12221,12221,288.083,695.859,0
254308,1,11787,11787,166.127,471.264,1
254370,0,12224,12224,288.083,695.859,0
254370,1,11791,11791,166.127,471.264,1
254434,0,12228,12228,288.083,695.859,0
254434,1,11795,11795,166.127,471.264,1
254505,0,12230,12230,288.083,695.859,0
254505,1,11798,11798,166.127,471.264,1
254557,0,12232,12232,288.083,695.859,0
254557,1,11801,11801,166.127,471.264,1
254618,0,12236,12236,288.083,695.859,0
254618,1,11805,11805,166.127,471.264,1
254681,0,12240,12240,288.083,695.859,0
254681,1,11809,11809,166.127,471.264,1
254744,0,12243,12243,288.083,695.859,0
254744,1,11812,11812,166.127,471.264,1
254806,0,12247,12247,288.083,695.859,0
254806,1,11816,11816,166.127,471.264,1
254868,0,12251,12251,288.083,695.859,0
254868,1,11820,11820,166.127,471.264,1
254929,0,12254,12254,288.083,695.859,0
254929,1,11823,11823,166.127,471.264,1
254991,0,12258,12258,288.083,695.859,0
254991,1,11827,11827,166.127,471.264,1
255052,0,12262,12262,288.083,695.859,0
255052,1,11830,11830,166.127,471.264,1
255113,0,12265,12265,288.083,695.859,0
255113,1,11834,11834,166.127,471.264,1
255175,0,12269,12269,288.083,695.859,0
255175,1,11838,11838,166.127,471.264,1
255238,0,12272,12272,288.083,695.859,0
255238,1,11841,11841,166.127,471.264,1
255299,0,12276,12276,288.083,695.859,0
255299,1,11845,11845,166.127,471.264,1
255361,0,12280,12280,288.083,695.859,0
255361,1,11848,11848,166.127,471.264,1
255424,0,12284,12284,288.083,695.859,0
255424,1,11852,11852,166.127,471.264,1
255486,0,12287,12287,288.083,695.859,0
255486,1,11856,11856,166.127,471.264,1
255549,0,12291,12291,288.083,695.859,0
255549,1,11860,11860,166.127,471.264,1
255635,0,12294,12294,288.083,695.859,0
255635,1,11863,11863,166.127,471.264,1
255691,0,12296,12296,288.083,695.859,0
255691,1,11866,11866,166.127,471.264,1
255753,0,12300,12300,288.083,695.859,0
255753,1,11870,11870,166.127,471.264,1
255815,0,12303,12303,288.083,695.859,0
255815,1,11874,11874,166.127,471.264,1
255877,0,12307,12307,288.083,695.859,0
255877,1,11877,11877,166.127,471.264,1
255941,0,12311,12311,288.083,695.859,0
255941,1,11881,11881,166.127,471.264,1
256004,0,12315,12315,288.083,695.859,0
256004,1,11885,11885,166.127,471.264,1
256085,0,12318,12318,288.083,695.859,0
256085,1,11889,11889,166.127,471.264,1
256145,0,12323,12323,288.083,695.859,0
256145,1,11893,11893,166.127,471.264,1
256209,0,12327,12327,288.083,695.859,0
256209,1,11897,11897,166.127,471.264,1
256271,0,12330,12330,288.083,695.859,0
256271,1,11900,11900,166.127,471.264,1
256334,0,12334,12334,288.083,695.859,0
256334,1,11904,11904,166.127,471.264,1
256396,0,12338,12338,288.083,695.859,0
256396,1,11908,11908,166.127,471.264,1
256458,0,12341,12341,288.083,695.859,0
256458,1,11911,11911,166.127,471.264,1
256520,0,12345,12345,288.083,695.859,0
256520,1,11915,11915,166.127,471.264,1
256583,0,12348,12348,288.083,695.859,0
256583,1,11918,11918,166.127,471.264,1
256645,0,12352,12352,288.083,695.859,0
256645,1,11922,11922,166.127,471.264,1
256746,0,12355,12355,288.083,695.859,0
256746,1,11926,11926,166.127,471.264,1
256818,0,12359,12359,288.083,695.859,0
256818,1,11930,11930,166.127,471.264,1
256880,0,12363,12363,288.083,695.859,0
256880,1,11934,11934,166.127,471.264,1
256944,0,12367,12367,288.083,695.859,0
256944,1,11938,11938,166.127,471.264,1
257007,0,12370,12370,288.083,695.859,0
257007,1,11942,11942,166.127,471.264,1
257069,0,12374,12374,288.083,695.859,0
257069,1,11945,11945,166.127,471.264,1
257132,0,12378,12378,288.083,695.859,0
257132,1,11949,11949,166.127,471.264,1
257192,0,12381,12381,288.083,695.859,0
257192,1,11953,11953,166.127,471.264,1
257254,0,12385,12385,288.083,695.859,0
257254,1,11956,11956,166.127,471.264,1
257316,0,12389,12389,288.083,695.859,0
257316,1,11960,11960,166.127,471.264,1
257379,0,12392,12392,288.083,695.859,0
257379,1,11963,11963,166.127,471.264,1
257441,0,12396,12396,288.083,695.859,0
257441,1,11967,11967,166.127,471.264,1
257502,0,12400,12400,288.083,695.859,0
257502,1,11971,11971,166.127,471.264,1
257564,0,12403,12403,288.083,695.859,0
257564,1,11975,11975,166.127,471.264,1
257628,0,12407,12407,288.083,695.859,0
257628,1,11978,11978,166.127,471.264,1
257690,0,12411,12411,288.083,695.859,0
257690,1,11982,11982,166.127,471.264,1
257754,0,12414,12414,288.083,695.859,0
257754,1,11986,11986,166.127,471.264,1
257815,0,12418,12418,288.083,695.859,0
257815,1,11989,11989,166.127,471.264,1
257877,0,12422,12422,288.083,695.859,0
257877,1,11993,11993,166.127,471.264,1
257939,0,12425,12425,288.083,695.859,0
257939,1,11997,11997,166.127,471.264,1
258001,0,12429,12429,288.083,695.859,0
258001,1,12000,12000,166.127,471.264,1
258064,0,12433,12433,288.083,695.859,0
258064,1,12004,12004,166.127,471.264,1
258128,0,12436,12436,288.083,695.859,0
258128,1,12008,12008,166.127,471.264,1
258192,0,12440,12440,288.083,695.859,0
258192,1,12011,12011,166.127,471.264,1
258257,0,12444,12444,288.083,695.859,0
258257,1,12015,12015,166.127,471.264,1
258317,0,12447,12447,288.083,695.859,0
258317,1,12019,12019,166.127,471.264,1
258380,0,12451,12451,288.083,695.859,0
258380,1,12023,12023,166.127,471.264,1
258442,0,12455,12455,288.083,695.859,0
258442,1,12026,12026,166.127,471.264,1
258504,0,12458,12458,288.083,695.859,0
258504,1,12030,12030,166.127,471.264,1
258596,0,12462,12462,288.083,695.859,0
258596,1,12035,12035,166.127,471.264,1
258661,0,12465,12465,288.083,695.859,0
258661,1,12038,12038,166.127,471.264,1
258723,0,12469,12469,288.083,695.859,0
258723,1,12042,12042,166.127,471.264,1
258787,0,12472,12472,288.083,695.859,0
258787,1,12045,12045,166.127,471.264,1
258848,0,12476,12476,288.083,695.859,0
258848,1,12049,12049,166.127,471.264,1
258910,0,12480,12480,288.083,695.859,0
258910,1,12053,12053,166.127,471.264,1
258974,0,12483,12483,288.083,695.859,0
258974,1,12056,12056,166.127,471.264,1
259034,0,12487,12487,288.083,695.859,0
259034,1,12060,12060,166.127,471.264,1
259096,0,12491,12491,288.083,695.859,0
259096,1,12064,12064,166.127,471.264,1
259160,0,12494,12494,288.083,695.859,0
259160,1,12068,12068,166.127,471.264,1
259221,0,12498,12498,288.083,695.859,0
259221,1,12071,12071,166.127,471.264,1
259284,0,12501,12501,288.083,695.859,0
259284,1,12075,12075,166.127,471.264,1
259346,0,12505,12505,288.083,695.859,0
259346,1,12078,12078,166.127,471.264,1
259409,0,12509,12509,288.083,695.859,0
259409,1,12082,12082,166.127,471.264,1
259471,0,12513,12513,288.083,695.859,0
259471,1,12086,12086,166.127,471.264,1
259564,0,12518,12518,288.083,695.859,0
259564,1,12091,12091,166.127,471.264,1
259627,0,12522,12522,288.083,695.859,0
259627,1,12095,12095,166.127,471.264,1
259688,0,12525,12525,288.083,695.859,0
259688,1,12099,12099,166.127,471.264,1
259752,0,12529,12529,288.083,695.859,0
259752,1,12102,12102,166.127,471.264,1
259813,0,12533,12533,288.083,695.859,0
259813,1,12106,12106,166.127,471.264,1
259876,0,12536,12536,288.083,695.859,0
259876,1,12110,12110,166.127,471.264,1
259938,0,12540,12540,288.083,695.859,0
259938,1,12114,12114,166.127,471.264,1
260001,0,12544,12544,288.083,695.859,0
260001,1,12117,12117,166.127,471.264,1
260064,0,12547,12547,288.083,695.859,0
260064,1,12121,12121,166.127,471.264,1
260129,0,12551,12551,288.083,695.859,0
260129,1,12125,12125,166.127,471.264,1
260188,0,12555,12555,288.083,695.859,0
260188,1,12128,12128,166.127,471.264,1
260277,0,12556,12556,288.083,695.859,0
260277,1,12130,12130,166.127,471.264,1
260329,0,12560,12560,288.083,695.859,0
260329,1,12133,12133,166.127,471.264,1
260393,0,12564,12564,288.083,695.859,0
260393,1,12137,12137,166.127,471.264,1
260456,0,12567,12567,288.083,695.859,0
260456,1,12141,12141,166.127,471.264,1
260517,0,12571,12571,288.083,695.859,0
260517,1,12144,12144,166.127,471.264,1
260579,0,12575,12575,288.083,695.859,0
260579,1,12148,12148,166.127,471.264,1
260642,0,12578,12578,288.083,695.859,0
260642,1,12152,12152,166.127,471.264,1
260701,0,12582,12582,288.083,695.859,0
260701,1,12155,12155,166.127,471.264,1
260763,0,12586,12586,288.083,695.859,0
260763,1,12159,12159,166.127,471.264,1
260825,0,12589,12589,288.083,695.859,0
260825,1,12162,12162,166.127,471.264,1
260888,0,12593,12593,288.083,695.859,0
260888,1,12166,12166,166.127,471.264,1
260950,0,12596,12596,288.083,695.859,0
260950,1,12170,12170,166.127,471.264,1
261012,0,12600,12600,288.083,695.859,0
261012,1,12173,12173,166.127,471.264,1
261075,0,12604,12604,288.083,695.859,0
261075,1,12177,12177,166.127,471.264,1
261138,0,12607,12607,288.083,695.859,0
261138,1,12181,12181,166.127,471.264,1
261204,0,12610,12610,288.083,695.859,0
261204,1,12184,12184,166.127,471.264,1
261261,0,12614,12614,288.083,695.859,0
261261,1,12188,12188,166.127,471.264,1
261322,0,12618,12618,288.083,695.859,0
261322,1,12191,12191,166.127,471.264,1
261385,0,12622,12622,288.083,695.859,0
261385,1,12195,12195,166.127,471.264,1
261456,0,12623,12623,288.083,695.859,0
261456,1,12197,12197,166.127,471.264,1
261510,0,12626,12626,288.083,695.859,0
261510,1,12200,12200,166.127,471.264,1
261573,0,12629,12629,288.083,695.859,0
261573,1,12204,12204,166.127,471.264,1
261635,0,12633,12633,288.083,695.859,0
261635,1,12208,12208,166.127,471.264,1
261698,0,12637,12637,288.083,695.859,0
261698,1,12211,12211,166.127,471.264,1
261761,0,12640,12640,288.083,695.859,0
261761,1,12215,12215,166.127,471.264,1
261822,0,12644,12644,288.083,695.859,0
261822,1,12219,12219,166.127,471.264,1
261884,0,12647,12647,288.083,695.859,0
261884,1,12222,12222,166.127,471.264,1
261946,0,12651,12651,288.083,695.859,0
261946,1,12226,12226,166.127,471.264,1
262008,0,12655,12655,288.083,695.859,0
262008,1,12229,12229,166.127,471.264,1
262070,0,12659,12659,288.083,695.859,0
262070,1,12233,12233,166.127,471.264,1
262132,0,12662,12662,288.083,695.859,0
262132,1,12237,12237,166.127,471.264,1
262195,0,12666,12666,288.083,695.859,0
262195,1,12241,12241,166.127,471.264,1
262288,0,12672,12672,288.083,695.859,0
262288,1,12246,12246,166.127,471.264,1
262354,0,12675,12675,288.083,695.859,0
262354,1,12250,12250,166.127,471.264,1
262415,0,12679,12679,288.083,695.859,0
262415,1,12253,12253,166.127,471.264,1
262475,0,12683,12683,288.083,695.859,0
262475,1,12257,12257,166.127,471.264,1
262537,0,12686,12686,288.083,695.859,0
262537,1,12261,12261,166.127,471.264,1
262598,0,12690,12690,288.083,695.859,0
262598,1,12264,12264,166.127,471.264,1
262663,0,12693,12693,288.083,695.859,0
262663,1,12268,12268,166.127,471.264,1
262724,0,12697,12697,288.083,695.859,0
262724,1,12272,12272,166.127,471.264,1
262786,0,12701,12701,288.083,695.859,0
262786,1,12275,12275,166.127,471.264,1
262847,0,12704,12704,288.083,695.859,0
262847,1,12279,12279,166.127,471.264,1
262909,0,12708,12708,288.083,695.859,0
262909,1,12283,12283,166.127,471.264,1
262972,0,12712,12712,288.083,695.859,0
262972,1,12286,12286,166.127,471.264,1
263033,0,12715,12715,288.083,695.859,0
263033,1,12290,12290,166.127,471.264,1
263095,0,12719,12719,288.083,695.859,0
263095,1,12294,12294,166.127,471.264,1
263157,0,12723,12723,288.083,695.859,0
263157,1,12297,12297,166.127,471.264,1
263219,0,12726,12726,288.083,695.859,0
263219,1,12301,12301,166.127,471.264,1
263283,0,12730,12730,288.083,695.859,0
263283,1,12305,12305,166.127,471.264,1
263343,0,12734,12734,288.083,695.859,0
263343,1,12308,12308,166.127,471.264,1
263406,0,12737,12737,288.083,695.859,0
263406,1,12312,12312,166.127,471.264,1
263479,0,12740,12740,288.083,695.859,0
263479,1,12315,12315,166.127,471.264,1
263531,0,12742,12742,288.083,695.859,0
263531,1,12318,12318,166.127,471.264,1
263594,0,12746,12746,288.083,695.859,0
263594,1,12322,12322,166.127,471.264,1
263656,0,12749,12749,288.083,695.859,0
263656,1,12325,12325,166.127,471.264,1
263718,0,12753,12753,288.083,695.859,0
263718,1,12329,12329,166.127,471.264,1
263780,0,12756,12756,288.083,695.859,0
263780,1,12333,12333,166.127,471.264,1
263842,0,12760,12760,288.083,695.859,0
263842,1,12336,12336,166.127,471.264,1
263904,0,12764,12764,288.083,695.859,0
263904,1,12340,12340,166.127,471.264,1
263967,0,12767,12767,288.083,695.859,0
263967,1,12344,12344,166.127,471.264,1
264030,0,12771,12771,288.083,695.859,0
264030,1,12347,12347,166.127,471.264,1
264091,0,12775,12775,288.083,695.859,0
264091,1,12351,12351,166.127,471.264,1
264154,0,12778,12778,288.083,695.859,0
264154,1,12355,12355,166.127,471.264,1
264217,0,12782,12782,288.083,695.859,0
264217,1,12358,12358,166.127,471.264,1
264281,0,12786,12786,288.083,695.859,0
264281,1,12362,12362,166.127,471.264,1
264342,0,12789,12789,288.083,695.859,0
264342,1,12366,12366,166.127,471.264,1
264405,0,12793,12793,288.083,695.859,0
264405,1,12369,12369,166.127,471.264,1
264467,0,12797,12797,288.083,695.859,0
264467,1,12373,12373,166.127,471.264,1
264529,0,12800,12800,288.083,695.859,0
264529,1,12377,12377,166.127,471.264,1
264593,0,12804,12804,288.083,695.859,0
264593,1,12380,12380,166.127,471.264,1
264655,0,12808,12808,288.083,695.859,0
264655,1,12384,12384,166.127,471.264,1
264717,0,12811,12811,288.083,695.859,0
264717,1,12388,12388,166.127,471.264,1
264793,0,12812,12812,288.083,695.859,0
264793,1,12391,12391,166.127,471.264,1
264858,0,12816,12816,288.083,695.859,0
264858,1,12395,12395,166.127,471.264,1
264920,0,12819,12819,288.083,695.859,0
264920,1,12398,12398,166.127,471.264,1
265013,0,12824,12824,288.083,695.859,0
265013,1,12403,12403,166.127,471.264,1
265074,0,12828,12828,288.083,695.859,0
265074,1,12407,12407,166.127,471.264,1
265137,0,12832,12832,288.083,695.859,0
265137,1,12411,12411,166.127,471.264,1
265198,0,12835,12835,288.083,695.859,0
265198,1,12414,12414,166.127,471.264,1
265260,0,12839,12839,288.083,695.859,0
265260,1,12418,12418,166.127,471.264,1
265323,0,12843,12843,288.083,695.859,0
265323,1,12422,12422,166.127,471.264,1
265386,0,12847,12847,288.083,695.859,0
265386,1,12425,12425,166.127,471.264,1
265450,0,12851,12851,288.083,695.859,0
265450,1,12429,12429,166.127,471.264,1
265511,0,12854,12854,288.083,695.859,0
265511,1,12433,12433,166.127,471.264,1
265573,0,12858,12858,288.083,695.859,0
265573,1,12436,12436,166.127,471.264,1
265635,0,12861,12861,288.083,695.859,0
265635,1,12440,12440,166.127,471.264,1
265697,0,12865,12865,288.083,695.859,0
265697,1,12444,12444,166.127,471.264,1
265758,0,12869,12869,288.083,695.859,0
265758,1,12447,12447,166.127,471.264,1
265821,0,12872,12872,288.083,695.859,0
265821,1,12451,12451,166.127,471.264,1
265884,0,12876,12876,288.083,695.859,0
265884,1,12455,12455,166.127,471.264,1
265947,0,12880,12880,288.083,695.859,0
265947,1,12458,12458,166.127,471.264,1
266009,0,12883,12883,288.083,695.859,0
266009,1,12462,12462,166.127,471.264,1
266071,0,12887,12887,288.083,695.859,0
266071,1,12466,12466,166.127,471.264,1
266134,0,12891,12891,288.083,695.859,0
266134,1,12470,12470,166.127,471.264,1
266195,0,12894,12894,288.083,695.859,0
266195,1,12473,12473,166.127,471.264,1
266258,0,12898,12898,288.083,695.859,0
266258,1,12477,12477,166.127,471.264,1
266321,0,12902,12902,288.083,695.859,0
266321,1,12481,12481,166.127,471.264,1
266384,0,12906,12906,288.083,695.859,0
266384,1,12484,12484,166.127,471.264,1
266447,0,12909,12909,288.083,695.859,0
266447,1,12488,12488,166.127,471.264,1
266507,0,12913,12913,288.083,695.859,0
266507,1,12492,12492,166.127,471.264,1
266571,0,12916,12916,288.083,695.859,0
266571,1,12496,12496,166.127,471.264,1
266633,0,12920,12920,288.083,695.859,0
266633,1,12499,12499,166.127,471.264,1
266695,0,12924,12924,288.083,695.859,0
266695,1,12503,12503,166.127,471.264,1
266759,0,12928,12928,288.083,695.859,0
266759,1,12507,12507,166.127,471.264,1
266820,0,12931,12931,288.083,695.859,0
266820,1,12510,12510,166.127,471.264,1
266883,0,12935,12935,288.083,695.859,0
266883,1,12514,12514,166.127,471.264,1
266944,0,12938,12938,288.083,695.859,0
266944,1,12517,12517,166.127,471.264,1
267006,0,12942,12942,288.083,695.859,0
267006,1,12521,12521,166.127,471.264,1
267068,0,12946,12946,288.083,695.859,0
267068,1,12525,12525,166.127,471.264,1
267131,0,12949,12949,288.083,695.859,0
267131,1,12529,12529,166.127,471.264,1
267196,0,12953,12953,288.083,695.859,0
267196,1,12533,12533,166.127,471.264,1
267257,0,12957,12957,288.083,695.859,0
267257,1,12536,12536,166.127,471.264,1
267319,0,12961,12961,288.083,695.859,0
267319,1,12540,12540,166.127,471.264,1
267383,0,12964,12964,288.083,695.859,0
267383,1,12543,12543,166.127,471.264,1
267444,0,12968,12968,288.083,695.859,0
267444,1,12547,12547,166.127,471.264,1
267506,0,12972,12972,288.083,695.859,0
267506,1,12551,12551,166.127,471.264,1
267568,0,12975,12975,288.083,695.859,0
267568,1,12554,12554,166.127,471.264,1
267630,0,12979,12979,288.083,695.859,0
267630,1,12558,12558,166.127,471.264,1
267692,0,12982,12982,288.083,695.859,0
267692,1,12562,12562,166.127,471.264,1
267754,0,12986,12986,288.083,695.859,0
267754,1,12565,12565,166.127,471.264,1
267817,0,12990,12990,288.083,695.859,0
267817,1,12569,12569,166.127,471.264,1
267878,0,12993,12993,288.083,695.859,0
267878,1,12573,12573,166.127,471.264,1
267972,0,12996,12996,288.083,695.859,0
267972,1,12576,12576,166.127,471.264,1
268032,0,12998,12998,288.083,695.859,0
268032,1,12580,12580,166.127,471.264,1
268094,0,13003,13003,288.083,695.859,0
268094,1,12583,12583,166.127,471.264,1
268156,0,13006,13006,288.083,695.859,0
268156,1,12587,12587,166.127,471.264,1
268220,0,13010,13010,288.083,695.859,0
268220,1,12591,12591,166.127,471.264,1
268283,0,13013,13013,288.083,695.859,0
268283,1,12594,12594,166.127,471.264,1
268344,0,13017,13017,288.083,695.859,0
268344,1,12598,12598,166.127,471.264,1
268406,0,13019,13019,288.083,695.859,0
268406,1,12600,12600,166.127,471.264,1
268467,0,13024,13024,288.083,695.859,0
268467,1,12605,12605,166.127,471.264,1
268529,0,13027,13027,288.083,695.859,0
268529,1,12608,12608,166.127,471.264,1
268592,0,13031,13031,288.083,695.859,0
268592,1,12612,12612,166.127,471.264,1
268656,0,13035,13035,288.083,695.859,0
268656,1,12616,12616,166.127,471.264,1
268717,0,13038,13038,288.083,695.859,0
268717,1,12620,12620,166.127,471.264,1
268779,0,13042,13042,288.083,695.859,0
268779,1,12623,12623,166.127,471.264,1
268843,0,13046,13046,288.083,695.859,0
268843,1,12627,12627,166.127,471.264,1
268905,0,13049,13049,288.083,695.859,0
268905,1,12631,12631,166.127,471.264,1
268968,0,13053,13053,288.083,695.859,0
268968,1,12635,12635,166.127,471.264,1
269031,0,13057,13057,288.083,695.859,0
269031,1,12638,12638,166.127,471.264,1
269116,0,13059,13059,288.083,695.859,0
269116,1,12642,12642,166.127,471.264,1
269170,0,13062,13062,288.083,695.859,0
269170,1,12645,12645,166.127,471.264,1
269233,0,13065,13065,288.083,695.859,0
269233,1,12649,12649,166.127,471.264,1
269295,0,13069,13069,288.083,695.859,0
269295,1,12652,12652,166.127,471.264,1
269359,0,13073,13073,288.083,695.859,0
269359,1,12656,12656,166.127,471.264,1
269419,0,13076,13076,288.083,695.859,0
269419,1,12659,12659,166.127,471.264,1
269481,0,13080,13080,288.083,695.859,0
269481,1,12663,12663,166.127,471.264,1
269546,0,13084,13084,288.083,695.859,0
269546,1,12667,12667,166.127,471.264,1
269607,0,13087,13087,288.083,695.859,0
269607,1,12670,12670,166.127,471.264,1
269668,0,13091,13091,288.083,695.859,0
269668,1,12674,12674,166.127,471.264,1
269730,0,13094,13094,288.083,695.859,0
269730,1,12678,12678,166.127,471.264,1
269792,0,13098,13098,288.083,695.859,0
269792,1,12682,12682,166.127,471.264,1
269855,0,13102,13102,288.083,695.859,0
269855,1,12685,12685,166.127,471.264,1
269918,0,13105,13105,288.083,695.859,0
269918,1,12689,12689,166.127,471.264,1
269979,0,13109,13109,288.083,695.859,0
269979,1,12693,12693,166.127,471.264,1
270044,0,13113,13113,288.083,695.859,0
270044,1,12697,12697,166.127,471.264,1
270104,0,13116,13116,288.083,695.859,0
270104,1,12700,12700,166.127,471.264,1
270168,0,13120,13120,288.083,695.859,0
270168,1,12704,12704,166.127,471.264,1
270230,0,13124,13124,288.083,695.859,0
270230,1,12707,12707,166.127,471.264,1
270291,0,13127,13127,288.083,695.859,0
270291,1,12711,12711,166.127,471.264,1
270352,0,13131,13131,288.083,695.859,0
270352,1,12715,12715,166.127,471.264,1
270415,0,13135,13135,288.083,695.859,0
270415,1,12718,12718,166.127,471.264,1
270476,0,13138,13138,288.083,695.859,0
270476,1,12722,12722,166.127,471.264,1
270539,0,13142,13142,288.083,695.859,0
270539,1,12726,12726,166.127,471.264,1
270600,0,13146,13146,288.083,695.859,0
270600,1,12729,12729,166.127,471.264,1
270662,0,13149,13149,288.083,695.859,0
270662,1,12733,12733,166.127,471.264,1
270724,0,13153,13153,288.083,695.859,0
270724,1,12737,12737,166.127,471.264,1
270787,0,13157,13157,288.083,695.859,0
270787,1,12740,12740,166.127,471.264,1
270849,0,13160,13160,288.083,695.859,0
270849,1,12744,12744,166.127,471.264,1
270912,0,13164,13164,288.083,695.859,0
270912,1,12747,12747,166.127,471.264,1
270974,0,13167,13167,288.083,695.859,0
270974,1,12751,12751,166.127,471.264,1
271037,0,13171,13171,288.083,695.859,0
271037,1,12755,12755,166.127,471.264,1
271099,0,13175,13175,288.083,695.859,0
271099,1,12759,12759,166.127,471.264,1
271161,0,13178,13178,288.083,695.859,0
271161,1,12762,12762,166.127,471.264,1
271223,0,13182,13182,288.083,695.859,0
271223,1,12766,12766,166.127,471.264,1
271285,0,13186,13186,288.083,695.859,0
271285,1,12769,12769,166.127,471.264,1
271347,0,13189,13189,288.083,695.859,0
271347,1,12773,12773,166.127,471.264,1
271410,0,13193,13193,288.083,695.859,0
271410,1,12777,12777,166.127,471.264,1
271471,0,13197,13197,288.083,695.859,0
271471,1,12780,12780,166.127,471.264,0
271532,0,13200,13200,288.083,695.859,0
271532,1,12784,12784,166.127,471.264,0
271596,0,13204,13204,288.083,695.859,0
271596,1,12788,12788,166.127,471.264,0
271658,0,13208,13208,288.083,695.859,0
271658,1,12791,12791,166.127,471.264,0
271720,0,13211,13211,288.083,695.859,0
271720,1,12795,12795,166.127,471.264,0
271781,0,13215,13215,288.083,695.859,0
271781,1,12798,12798,166.127,471.264,0
271842,0,13219,13219,288.083,695.859,0
271842,1,12802,12802,166.127,471.264,0
271904,0,13222,13222,288.083,695.859,0
271904,1,12806,12806,166.127,471.264,0
271965,0,13226,13226,288.083,695.859,0
271965,1,12809,12809,166.127,471.264,0
272047,0,13228,13228,288.083,695.859,0
272047,1,12812,12812,166.127,471.264,0
272106,0,13231,13231,288.083,695.859,0
272106,1,12816,12816,166.127,471.264,0
272167,0,13235,13235,288.083,695.859,0
272167,1,12819,12819,166.127,471.264,0
272229,0,13238,13238,288.083,695.859,0
272229,1,12823,12823,166.127,471.264,0
272292,0,13242,13242,288.083,695.859,0
272292,1,12826,12826,166.127,471.264,0
272355,0,13246,13246,288.083,695.859,0
272355,1,12830,12830,166.127,471.264,0
272417,0,13249,13249,288.083,695.859,0
272417,1,12834,12834,166.127,471.264,0
272480,0,13253,13253,288.083,695.859,0
272480,1,12838,12838,166.127,471.264,0
272542,0,13257,13257,288.083,695.859,0
272542,1,12841,12841,166.127,471.264,0
272604,0,13260,13260,288.083,695.859,0
272604,1,12845,12845,166.127,471.264,0
272667,0,13264,13264,288.083,695.859,0
272667,1,12849,12849,166.127,471.264,0
272728,0,13268,13268,288.083,695.859,0
272728,1,12852,12852,166.127,471.264,0
272790,0,13271,13271,288.083,695.859,0
272790,1,12856,12856,166.127,471.264,0
272852,0,13275,13275,288.083,695.859,0
272852,1,12860,12860,166.127,471.264,0
272915,0,13279,13279,288.083,695.859,0
272915,1,12863,12863,166.127,471.264,0
272976,0,13282,13282,288.083,695.859,0
272976,1,12867,12867,166.127,471.264,0
273038,0,13286,13286,288.083,695.859,0
273038,1,12870,12870,166.127,471.264,0
273101,0,13290,13290,288.083,695.859,0
273101,1,12874,12874,166.127,471.264,0
273201,0,13294,13294,288.083,695.859,0
273201,1,12880,12880,166.127,471.264,0
273254,0,13297,13297,288.083,695.859,0
273254,1,12883,12883,166.127,471.264,0
273316,0,13301,13301,288.083,695.859,0
273316,1,12887,12887,166.127,471.264,0
273378,0,13304,13304,288.083,695.859,0
273378,1,12891,12891,166.127,471.264,0
273441,0,13308,13308,288.083,695.859,0
273441,1,12894,12894,166.127,471.264,0
273502,0,13312,13312,288.083,695.859,0
273502,1,12898,12898,166.127,471.264,0
273565,0,13316,13316,288.083,695.859,0
273565,1,12902,12902,166.127,471.264,0
273632,0,13320,13320,288.083,695.859,0
273632,1,12906,12906,166.127,471.264,0
273690,0,13323,13323,288.083,695.859,0
273690,1,12909,12909,166.127,471.264,0
273752,0,13327,13327,288.083,695.859,0
273752,1,12913,12913,166.127,471.264,0
273815,0,13330,13330,288.083,695.859,0
273815,1,12917,12917,166.127,471.264,0
273877,0,13334,13334,288.083,695.859,0
273877,1,12920,12920,166.127,471.264,0
273940,0,13338,13338,288.083,695.859,0
273940,1,12924,12924,166.127,471.264,0
274001,0,13341,13341,288.083,695.859,0
274001,1,12927,12927,166.127,471.264,0
274064,0,13345,13345,288.083,695.859,0
274064,1,12931,12931,166.127,471.264,0
274127,0,13349,13349,288.083,695.859,0
274127,1,12935,12935,166.127,471.264,0
274189,0,13352,13352,288.083,695.859,0
274189,1,12939,12939,166.127,471.264,0
274254,0,13356,13356,288.083,695.859,0
274254,1,12942,12942,166.127,471.264,0
274316,0,13360,13360,288.083,695.859,0
274316,1,12946,12946,166.127,471.264,0
274378,0,13363,13363,288.083,695.859,0
274378,1,12950,12950,166.127,471.264,0
274440,0,13367,13367,288.083,695.859,0
274440,1,12953,12953,166.127,471.264,0
274501,0,13371,13371,288.083,695.859,0
274501,1,12957,12957,166.127,471.264,0
274564,0,13374,13374,288.083,695.859,0
274564,1,12961,12961,166.127,471.264,0
274625,0,13378,13378,288.083,695.859,0
274625,1,12964,12964,166.127,471.264,0
274687,0,13382,13382,288.083,695.859,0
274687,1,12968,12968,166.127,471.264,0
274750,0,13386,13386,288.083,695.859,0
274750,1,12972,12972,166.127,471.264,0
274813,0,13389,13389,288.083,695.859,0
274813,1,12975,12975,166.127,471.264,0
274875,0,13393,13393,288.083,695.859,0
274875,1,12979,12979,166.127,471.264,0
274936,0,13396,13396,288.083,695.859,0
274936,1,12983,12983,166.127,471.264,0
275004,0,13400,13400,288.083,695.859,0
275004,1,12987,12987,166.127,471.264,0
275062,0,13404,13404,288.083,695.859,0
275062,1,12990,12990,166.127,471.264,0
275125,0,13407,13407,288.083,695.859,0
275125,1,12994,12994,166.127,471.264,0
275188,0,13411,13411,288.083,695.859,0
275188,1,12997,12997,166.127,471.264,0
275250,0,13415,13415,288.083,695.859,0
275250,1,13001,13001,166.127,471.264,0
275312,0,13418,13418,288.083,695.859,0
275312,1,13005,13005,166.127,471.264,0
275373,0,13422,13422,288.083,695.859,0
275373,1,13008,13008,166.127,471.264,0
275435,0,13426,13426,288.083,695.859,0
275435,1,13012,13012,166.127,471.264,0
275497,0,13429,13429,288.083,695.859,0
275497,1,13016,13016,166.127,471.264,0
275560,0,13433,13433,288.083,695.859,0
275560,1,13020,13020,166.127,471.264,0
275622,0,13437,13437,288.083,695.859,0
275622,1,13023,13023,166.127,471.264,0
275683,0,13440,13440,288.083,695.859,0
275683,1,13027,13027,166.127,471.264,0
275746,0,13444,13444,288.083,695.859,0
275746,1,13031,13031,166.127,471.264,0
275808,0,13448,13448,288.083,695.859,0
275808,1,13034,13034,166.127,471.264,0
275871,0,13451,13451,288.083,695.859,0
275871,1,13038,13038,166.127,471.264,0
275932,0,13455,13455,288.083,695.859,0
275932,1,13042,13042,166.127,471.264,0
275994,0,13459,13459,288.083,695.859,0
275994,1,13045,13045,166.127,471.264,0
276055,0,13462,13462,288.083,695.859,0
276055,1,13049,13049,166.127,471.264,0
276126,0,13465,13465,288.083,695.859,0
276126,1,13053,13053,166.127,471.264,0
276183,0,13469,13469,288.083,695.859,0
276183,1,13057,13057,166.127,471.264,0
276245,0,13473,13473,288.083,695.859,0
276245,1,13060,13060,166.127,471.264,0
276324,0,13474,13474,288.083,695.859,0
276324,1,13063,13063,166.127,471.264,0
276384,0,13477,13477,288.083,695.859,0
276384,1,13067,13067,166.127,471.264,0
276446,0,13480,13480,288.083,695.859,0
276446,1,13070,13070,166.127,471.264,0
276510,0,13484,13484,288.083,695.859,0
276510,1,13074,13074,166.127,471.264,0
276571,0,13488,13488,288.083,695.859,0
276571,1,13078,13078,166.127,471.264,0
276633,0,13491,13491,288.083,695.859,0
276633,1,13081,13081,166.127,471.264,0
276695,0,13495,13495,288.083,695.859,0
276695,1,13085,13085,166.127,471.264,0
276758,0,13499,13499,288.083,695.859,0
276758,1,13089,13089,166.127,471.264,0
276819,0,13502,13502,288.083,695.859,0
276819,1,13092,13092,166.127,471.264,0
276882,0,13506,13506,288.083,695.859,0
276882,1,13096,13096,166.127,471.264,0
276943,0,13509,13509,288.083,695.859,0
276943,1,13099,13099,166.127,471.264,0
277005,0,13513,13513,288.083,695.859,0
277005,1,13103,13103,166.127,471.264,0
277067,0,13517,13517,288.083,695.859,0
277067,1,13107,13107,166.127,471.264,0
277129,0,13520,13520,288.083,695.859,0
277129,1,13110,13110,166.127,471.264,0
277192,0,13524,13524,288.083,695.859,0
277192,1,13114,13114,166.127,471.264,0
277284,0,13529,13529,288.083,695.859,0
277284,1,13119,13119,166.127,471.264,0
277347,0,13533,13533,288.083,695.859,0
277347,1,13123,13123,166.127,471.264,0
277422,0,13533,13533,288.083,695.859,0
277422,1,13125,13125,166.127,471.264,0
277473,0,13537,13537,288.083,695.859,0
277473,1,13128,13128,166.127,471.264,0
277535,0,13541,13541,288.083,695.859,0
277535,1,13132,13132,166.127,471.264,0
277597,0,13544,13544,288.083,695.859,0
277597,1,13136,13136,166.127,471.264,0
277659,0,13548,13548,288.083,695.859,0
277659,1,13139,13139,166.127,471.264,0
277721,0,13552,13552,288.083,695.859,0
277721,1,13143,13143,166.127,471.264,0
277784,0,13555,13555,288.083,695.859,0
277784,1,13147,13147,166.127,471.264,0
277848,0,13559,13559,288.083,695.859,0
277848,1,13151,13151,166.127,471.264,0
277907,0,13563,13563,288.083,695.859,0
277907,1,13154,13154,166.127,471.264,0
277969,0,13566,13566,288.083,695.859,0
277969,1,13158,13158,166.127,471.264,0
278032,0,13570,13570,288.083,695.859,0
278032,1,13161,13161,166.127,471.264,0
278093,0,13574,13574,288.083,695.859,0
278093,1,13165,13165,166.127,471.264,0
278156,0,13577,13577,288.083,695.859,0
278156,1,13169,13169,166.127,471.264,0
278219,0,13581,13581,288.083,695.859,0
278219,1,13172,13172,166.127,471.264,0
278280,0,13584,13584,288.083,695.859,0
278280,1,13176,13176,166.127,471.264,0
278342,0,13588,13588,288.083,695.859,0
278342,1,13180,13180,166.127,471.264,0
278404,0,13592,13592,288.083,695.859,0
278404,1,13183,13183,166.127,471.264,0
278466,0,13596,13596,288.083,695.859,0
278466,1,13187,13187,166.127,471.264,0
278528,0,13599,13599,288.083,695.859,0
278528,1,13191,13191,166.127,471.264,0
278592,0,13603,13603,288.083,695.859,0
278592,1,13194,13194,166.127,471.264,0
278653,0,13607,13607,288.083,695.859,0
278653,1,13198,13198,166.127,471.264,0
278715,0,13610,13610,288.083,695.859,0
278715,1,13202,13202,166.127,471.264,0
278778,0,13614,13614,288.083,695.859,0
278778,1,13206,13206,166.127,471.264,0
278840,0,13618,13618,288.083,695.859,0
278840,1,13209,13209,166.127,471.264,0
278901,0,13621,13621,288.083,695.859,0
278901,1,13213,13213,166.127,471.264,0
278963,0,13625,13625,288.083,695.859,0
278963,1,13217,13217,166.127,471.264,0
279025,0,13629,13629,288.083,695.859,0
279025,1,13220,13220,166.127,471.264,0
279093,0,13632,13632,288.083,695.859,0
279093,1,13223,13223,166.127,471.264,0
279152,0,13636,13636,288.083,695.859,0
279152,1,13228,13228,166.127,471.264,0
279214,0,13640,13640,288.083,695.859,0
279214,1,13231,13231,166.127,471.264,0
279276,0,13644,13644,288.083,695.859,0
279276,1,13235,13235,166.127,471.264,0
279337,0,13647,13647,288.083,695.859,0
279337,1,13239,13239,166.127,471.264,0
279399,0,13651,13651,288.083,695.859,0
279399,1,13242,13242,166.127,471.264,0
279462,0,13654,13654,288.083,695.859,0
279462,1,13246,13246,166.127,471.264,0
279522,0,13658,13658,288.083,695.859,0
279522,1,13250,13250,166.127,471.264,0
279585,0,13662,13662,288.083,695.859,0
279585,1,13254,13254,166.127,471.264,0
279647,0,13665,13665,288.083,695.859,0
279647,1,13257,13257,166.127,471.264,0
279710,0,13669,13669,288.083,695.859,0
279710,1,13261,13261,166.127,471.264,0
279772,0,13673,13673,288.083,695.859,0
279772,1,13265,13265,166.127,471.264,0
279836,0,13676,13676,288.083,695.859,0
279836,1,13268,13268,166.127,471.264,0
279899,0,13680,13680,288.083,695.859,0
279899,1,13272,13272,166.127,471.264,0
279960,0,13683,13683,288.083,695.859,0
279960,1,13276,13276,166.127,471.264,0
280022,0,13687,13687,288.083,695.859,0
280022,1,13279,13279,166.127,471.264,0
280086,0,13691,13691,288.083,695.859,0
280086,1,13283,13283,166.127,471.264,0
280147,0,13694,13694,288.083,695.859,0
280147,1,13287,13287,166.127,471.264,0
280209,0,13698,13698,288.083,695.859,0
280209,1,13290,13290,166.127,471.264,0
280271,0,13702,13702,288.083,695.859,0
280271,1,13294,13294,166.127,471.264,0
280332,0,13705,13705,288.083,695.859,0
280332,1,13297,13297,166.127,471.264,0
280394,0,13709,13709,288.083,695.859,0
280394,1,13301,13301,166.127,471.264,0
280456,0,13712,13712,288.083,695.859,0
280456,1,13305,13305,166.127,471.264,0
280520,0,13716,13716,288.083,695.859,0
280520,1,13309,13309,166.127,471.264,0
280582,0,13720,13720,288.083,695.859,0
280582,1,13312,13312,166.127,471.264,0
280645,0,13724,13724,288.083,695.859,0
280645,1,13316,13316,166.127,471.264,0
280706,0,13727,13727,288.083,695.859,0
280706,1,13320,13320,166.127,471.264,0
280775,0,13728,13728,288.083,695.859,0
280775,1,13322,13322,166.127,471.264,0
280831,0,13731,13731,288.083,695.859,0
280831,1,13324,13324,166.127,471.264,0
280893,0,13735,13735,288.083,695.859,0
280893,1,13328,13328,166.127,471.264,0
280956,0,13738,13738,288.083,695.859,0
280956,1,13332,13332,166.127,471.264,0
281018,0,13742,13742,288.083,695.859,0
281018,1,13336,13336,166.127,471.264,0
281080,0,13746,13746,288.083,695.859,0
281080,1,13339,13339,166.127,471.264,0
281143,0,13749,13749,288.083,695.859,0
281143,1,13343,13343,166.127,471.264,0
281205,0,13753,13753,288.083,695.859,0
281205,1,13347,13347,166.127,471.264,0
281269,0,13757,13757,288.083,695.859,0
281269,1,13350,13350,166.127,471.264,0
281330,0,13760,13760,288.083,695.859,0
281330,1,13353,13353,166.127,471.264,0
281392,0,13763,13763,288.083,695.859,0
281392,1,13356,13356,166.127,471.264,0
281454,0,13767,13767,288.083,695.859,0
281454,1,13360,13360,166.127,471.264,0
281517,0,13771,13771,288.083,695.859,0
281517,1,13364,13364,166.127,471.264,0
281580,0,13774,13774,288.083,695.859,0
281580,1,13368,13368,166.127,471.264,0
281643,0,13778,13778,288.083,695.859,0
281643,1,13371,13371,166.127,471.264,0
281705,0,13781,13781,288.083,695.859,0
281705,1,13375,13375,166.127,471.264,0
281766,0,13785,13785,288.083,695.859,0
281766,1,13379,13379,166.127,471.264,0
281828,0,13789,13789,288.083,695.859,0
281828,1,13382,13382,166.127,471.264,0
281890,0,13792,13792,288.083,695.859,0
281890,1,13386,13386,166.127,471.264,0
281952,0,13796,13796,288.083,695.859,0
281952,1,13389,13389,166.127,471.264,0
282014,0,13800,13800,288.083,695.859,0
282014,1,13393,13393,166.127,471.264,0
282076,0,13803,13803,288.083,695.859,0
282076,1,13397,13397,166.127,471.264,0
282139,0,13807,13807,288.083,695.859,0
282139,1,13400,13400,166.127,471.264,0
282201,0,13811,13811,288.083,695.859,0
282201,1,13404,13404,166.127,471.264,0
282263,0,13814,13814,288.083,695.859,0
282263,1,13408,13408,166.127,471.264,0
282326,0,13818,13818,288.083,695.859,0
282326,1,13412,13412,166.127,471.264,0
282388,0,13822,13822,288.083,695.859,0
282388,1,13415,13415,166.127,471.264,0
282451,0,13825,13825,288.083,695.859,0
282451,1,13419,13419,166.127,471.264,0
282513,0,13829,13829,288.083,695.859,0
282513,1,13423,13423,166.127,471.264,0
282573,0,13833,13833,288.083,695.859,0
282573,1,13426,13426,166.127,471.264,0
282636,0,13836,13836,288.083,695.859,0
282636,1,13430,13430,166.127,471.264,0
282729,0,13842,13842,288.083,695.859,0
282729,1,13436,13436,166.127,471.264,0
282791,0,13845,13845,288.083,695.859,0
282791,1,13439,13439,166.127,471.264,0
282853,0,13849,13849,288.083,695.859,0
282853,1,13443,13443,166.127,471.264,0
282915,0,13853,13853,288.083,695.859,0
282915,1,13447,13447,166.127,471.264,0
282979,0,13856,13856,288.083,695.859,0
282979,1,13450,13450,166.127,471.264,0
283039,0,13860,13860,288.083,695.859,0
283039,1,13454,13454,166.127,471.264,0
283105,0,13863,13863,288.083,695.859,0
283105,1,13458,13458,166.127,471.264,0
283163,0,13867,13867,288.083,695.859,0
283163,1,13461,13461,166.127,471.264,0
283226,0,13871,13871,288.083,695.859,0
283226,1,13465,13465,166.127,471.264,0
283289,0,13874,13874,288.083,695.859,0
283289,1,13468,13468,166.127,471.264,0
283351,0,13878,13878,288.083,695.859,0
283351,1,13472,13472,166.127,471.264,0
283413,0,13882,13882,288.083,695.859,0
283413,1,13476,13476,166.127,471.264,0
283491,0,13882,13882,288.083,695.859,0
283491,1,13477,13477,166.127,471.264,0
283553,0,13886,13886,288.083,695.859,0
283553,1,13481,13481,166.127,471.264,0
283615,0,13889,13889,288.083,695.859,0
283615,1,13485,13485,166.127,471.264,0
283677,0,13893,13893,288.083,695.859,0
283677,1,13488,13488,166.127,471.264,0
283741,0,13896,13896,288.083,695.859,0
283741,1,13492,13492,166.127,471.264,0
283802,0,13900,13900,288.083,695.859,0
283802,1,13496,13496,166.127,471.264,0
283866,0,13904,13904,288.083,695.859,0
283866,1,13500,13500,166.127,471.264,0
283928,0,13907,13907,288.083,695.859,0
283928,1,13503,13503,166.127,471.264,0
283989,0,13911,13911,288.083,695.859,0
283989,1,13507,13507,166.127,471.264,0
284052,0,13915,13915,288.083,695.859,0
284052,1,13511,13511,166.127,471.264,0
284115,0,13919,13919,288.083,695.859,0
284115,1,13514,13514,166.127,471.264,0
284177,0,13922,13922,288.083,695.859,0
284177,1,13518,13518,166.127,471.264,0
284239,0,13926,13926,288.083,695.859,0
284239,1,13522,13522,166.127,471.264,0
284301,0,13929,13929,288.083,695.859,0
284301,1,13525,13525,166.127,471.264,0
284364,0,13933,13933,288.083,695.859,0
284364,1,13529,13529,166.127,471.264,0
284426,0,13937,13937,288.083,695.859,0
284426,1,13533,13533,166.127,471.264,0
284487,0,13941,13941,288.083,695.859,0
284487,1,13536,13536,166.127,471.264,0
284549,0,13944,13944,288.083,695.859,0
284549,1,13540,13540,166.127,471.264,0
284626,0,13946,13946,288.083,695.859,0
284626,1,13544,13544,166.127,471.264,0
284689,0,13950,13950,288.083,695.859,0
284689,1,13548,13548,166.127,471.264,0
284753,0,13953,13953,288.083,695.859,0
284753,1,13552,13552,166.127,471.264,0
284814,0,13957,13957,288.083,695.859,0
284814,1,13555,13555,166.127,471.264,0
284876,0,13961,13961,288.083,695.859,0
284876,1,13559,13559,166.127,471.264,0
284939,0,13964,13964,288.083,695.859,0
284939,1,13562,13562,166.127,471.264,0
285000,0,13968,13968,288.083,695.859,0
285000,1,13566,13566,166.127,471.264,0
285063,0,13972,13972,288.083,695.859,0
285063,1,13570,13570,166.127,471.264,0
285125,0,13975,13975,288.083,695.859,0
285125,1,13573,13573,166.127,471.264,0
285189,0,13979,13979,288.083,695.859,0
285189,1,13577,13577,166.127,471.264,0
285251,0,13983,13983,288.083,695.859,0
285251,1,13581,13581,166.127,471.264,0
285314,0,13986,13986,288.083,695.859,0
285314,1,13584,13584,166.127,471.264,0
285377,0,13990,13990,288.083,695.859,0
285377,1,13588,13588,166.127,471.264,0
285471,0,13995,13995,288.083,695.859,0
285471,1,13594,13594,166.127,471.264,0
285534,0,13999,13999,288.083,695.859,0
285534,1,13597,13597,166.127,471.264,0
285596,0,14003,14003,288.083,695.859,0
285596,1,13601,13601,166.127,471.264,0
285659,0,14007,14007,288.083,695.859,0
285659,1,13605,13605,166.127,471.264,0
285720,0,14010,14010,288.083,695.859,0
285720,1,13608,13608,166.127,471.264,0
285782,0,14014,14014,288.083,695.859,0
285782,1,13612,13612,166.127,471.264,0
285845,0,14017,14017,288.083,695.859,0
285845,1,13616,13616,166.127,471.264,0
285906,0,14021,14021,288.083,695.859,0
285906,1,13619,13619,166.127,471.264,0
285969,0,14025,14025,288.083,695.859,0
285969,1,13623,13623,166.127,471.264,0
286031,0,14028,14028,288.083,695.859,0
286031,1,13627,13627,166.127,471.264,0
286092,0,14032,14032,288.083,695.859,0
286092,1,13630,13630,166.127,471.264,0
286154,0,14036,14036,288.083,695.859,0
286154,1,13634,13634,166.127,471.264,0
286217,0,14039,14039,288.083,695.859,0
286217,1,13638,13638,166.127,471.264,0
286280,0,14043,14043,288.083,695.859,0
286280,1,13642,13642,166.127,471.264,0
286342,0,14047,14047,288.083,695.859,0
286342,1,13645,13645,166.127,471.264,0
286404,0,14050,14050,288.083,695.859,0
286404,1,13649,13649,166.127,471.264,0
286466,0,14054,14054,288.083,695.859,0
286466,1,13652,13652,166.127,471.264,0
286529,0,14057,14057,288.083,695.859,0
286529,1,13656,13656,166.127,471.264,0
286590,0,14061,14061,288.083,695.859,0
286590,1,13660,13660,166.127,471.264,0
286653,0,14065,14065,288.083,695.859,0
286653,1,13663,13663,166.127,471.264,0
286715,0,14069,14069,288.083,695.859,0
286715,1,13667,13667,166.127,471.264,0
286778,0,14072,14072,288.083,695.859,0
286778,1,13671,13671,166.127,471.264,0
286840,0,14076,14076,288.083,695.859,0
286840,1,13674,13674,166.127,471.264,0
286902,0,14080,14080,288.083,695.859,0
286902,1,13678,13678,166.127,471.264,0
286964,0,14083,14083,288.083,695.859,0
286964,1,13682,13682,166.127,471.264,0
287027,0,14087,14087,288.083,695.859,0
287027,1,13685,13685,166.127,471.264,0
287088,0,14090,14090,288.083,695.859,0
287088,1,13689,13689,166.127,471.264,0
287150,0,14094,14094,288.083,695.859,0
287150,1,13693,13693,166.127,471.264,0
287212,0,14098,14098,288.083,695.859,0
287212,1,13696,13696,166.127,471.264,0
287274,0,14101,14101,288.083,695.859,0
287274,1,13700,13700,166.127,471.264,0
287336,0,14105,14105,288.083,695.859,0
287336,1,13703,13703,166.127,471.264,0
287399,0,14109,14109,288.083,695.859,0
287399,1,13707,13707,166.127,471.264,0
287461,0,14112,14112,288.083,695.859,0
287461,1,13711,13711,166.127,471.264,0
287522,0,14116,14116,288.083,695.859,1
287522,1,13714,13714,166.127,471.264,0
287585,0,14120,14120,288.083,695.859,1
287585,1,13718,13718,166.127,471.264,0
287647,0,14124,14124,288.083,695.859,1
287647,1,13722,13722,166.127,471.264,0
287710,0,14127,14127,288.083,695.859,1
287710,1,13725,13725,166.127,471.264,0
287801,0,14129,14129,288.083,695.859,1
287801,1,13729,13729,166.127,471.264,0
287864,0,14133,14133,288.083,695.859,1
287864,1,13733,13733,166.127,471.264,0
287926,0,14137,14137,288.083,695.859,1
287926,1,13737,13737,166.127,471.264,0
287988,0,14140,14140,288.083,695.859,1
287988,1,13740,13740,166.127,471.264,0
288051,0,14144,14144,288.083,695.859,1
288051,1,13744,13744,166.127,471.264,0
288115,0,14148,14148,288.083,695.859,1
288115,1,13748,13748,166.127,471.264,0
288191,0,14152,14152,288.083,695.859,1
288191,1,13752,13752,166.127,471.264,0
288255,0,14156,14156,288.083,695.859,1
288255,1,13756,13756,166.127,471.264,0
288316,0,14160,14160,288.083,695.859,1
288316,1,13760,13760,166.127,471.264,0
288380,0,14163,14163,288.083,695.859,1
288380,1,13763,13763,166.127,471.264,0
288444,0,14167,14167,288.083,695.859,1
288444,1,13767,13767,166.127,471.264,0
288505,0,14171,14171,288.083,695.859,1
288505,1,13771,13771,166.127,471.264,0
288567,0,14175,14175,288.083,695.859,1
288567,1,13774,13774,166.127,471.264,0
288628,0,14178,14178,288.083,695.859,1
288628,1,13778,13778,166.127,471.264,0
288692,0,14182,14182,288.083,695.859,1
288692,1,13781,13781,166.127,471.264,0
288753,0,14186,14186,288.083,695.859,1
288753,1,13785,13785,166.127,471.264,0
288816,0,14189,14189,288.083,695.859,1
288816,1,13789,13789,166.127,471.264,0
288879,0,14193,14193,288.083,695.859,1
288879,1,13792,13792,166.127,471.264,0
288941,0,14197,14197,288.083,695.859,1
288941,1,13796,13796,166.127,471.264,0
289004,0,14200,14200,288.083,695.859,1
289004,1,13800,13800,166.127,471.264,0
289067,0,14204,14204,288.083,695.859,1
289067,1,13803,13803,166.127,471.264,0
289129,0,14208,14208,288.083,695.859,1
289129,1,13807,13807,166.127,471.264,0
289191,0,14211,14211,288.083,695.859,1
289191,1,13811,13811,166.127,471.264,0
289253,0,14215,14215,288.083,695.859,1
289253,1,13814,13814,166.127,471.264,0
289314,0,14219,14219,288.083,695.859,1
289314,1,13818,13818,166.127,471.264,0
289376,0,14222,14222,288.083,695.859,1
289376,1,13821,13821,166.127,471.264,0
289438,0,14226,14226,288.083,695.859,1
289438,1,13825,13825,166.127,471.264,0
289500,0,14230,14230,288.083,695.859,1
289500,1,13829,13829,166.127,471.264,0
289563,0,14233,14233,288.083,695.859,1
289563,1,13833,13833,166.127,471.264,0
289626,0,14237,14237,288.083,695.859,1
289626,1,13836,13836,166.127,471.264,0
289688,0,14241,14241,288.083,695.859,1
289688,1,13840,13840,166.127,471.264,0
289751,0,14244,14244,288.083,695.859,1
289751,1,13844,13844,166.127,471.264,0
289813,0,14248,14248,288.083,695.859,1
289813,1,13847,13847,166.127,471.264,0
289875,0,14251,14251,288.083,695.859,1
289875,1,13851,13851,166.127,471.264,0
289938,0,14255,14255,288.083,695.859,1
289938,1,13855,13855,166.127,471.264,0
289999,0,14259,14259,288.083,695.859,1
289999,1,13858,13858,166.127,471.264,0
290062,0,14262,14262,288.083,695.859,1
290062,1,13862,13862,166.127,471.264,0
290124,0,14266,14266,288.083,695.859,1
290124,1,13866,13866,166.127,471.264,0
290186,0,14270,14270,288.083,695.859,1
290186,1,13869,13869,166.127,471.264,0
290251,0,14274,14274,288.083,695.859,1
290251,1,13873,13873,166.127,471.264,0
290312,0,14277,14277,288.083,695.859,1
290312,1,13877,13877,166.127,471.264,0
290374,0,14281,14281,288.083,695.859,1
290374,1,13880,13880,166.127,471.264,0
290449,0,14283,14283,288.083,695.859,1
290449,1,13884,13884,166.127,471.264,0
290514,0,14288,14288,288.083,695.859,1
290514,1,13888,13888,166.127,471.264,0
290576,0,14291,14291,288.083,695.859,1
290576,1,13892,13892,166.127,471.264,0
290638,0,14295,14295,288.083,695.859,1
290638,1,13895,13895,166.127,471.264,0
290700,0,14299,14299,288.083,695.859,1
290700,1,13899,13899,166.127,471.264,0
290795,0,14304,14304,288.083,695.859,1
290795,1,13905,13905,166.127,471.264,0
290856,0,14308,14308,288.083,695.859,1
290856,1,13908,13908,166.127,471.264,0
290919,0,14312,14312,288.083,695.859,1
290919,1,13912,13912,166.127,471.264,0
290981,0,14315,14315,288.083,695.859,1
290981,1,13916,13916,166.127,471.264,0
291042,0,14319,14319,288.083,695.859,1
291042,1,13919,13919,166.127,471.264,0
291106,0,14322,14322,288.083,695.859,1
291106,1,13923,13923,166.127,471.264,0
291168,0,14326,14326,288.083,695.859,1
291168,1,13927,13927,166.127,471.264,0
291230,0,14330,14330,288.083,695.859,1
291230,1,13930,13930,166.127,471.264,0
291300,0,14332,14332,288.083,695.859,1
291300,1,13935,13935,166.127,471.264,0
291355,0,14335,14335,288.083,695.859,1
291355,1,13938,13938,166.127,471.264,0
291417,0,14338,14338,288.083,695.859,1
291417,1,13942,13942,166.127,471.264,0
291479,0,14342,14342,288.083,695.859,1
291479,1,13945,13945,166.127,471.264,0
291543,0,14346,14346,288.083,695.859,1
291543,1,13949,13949,166.127,471.264,0
291604,0,14349,14349,288.083,695.859,1
291604,1,13953,13953,166.127,471.264,0
291666,0,14353,14353,288.083,695.859,1
291666,1,13956,13956,166.127,471.264,0
291727,0,14356,14356,288.083,695.859,1
291727,1,13960,13960,166.127,471.264,0
291790,0,14360,14360,288.083,695.859,1
291790,1,13963,13963,166.127,471.264,0
291851,0,14364,14364,288.083,695.859,1
291851,1,13967,13967,166.127,471.264,0
291916,0,14367,14367,288.083,695.859,1
291916,1,13971,13971,166.127,471.264,0
291978,0,14371,14371,288.083,695.859,1
291978,1,13974,13974,166.127,471.264,0
292041,0,14375,14375,288.083,695.859,1
292041,1,13978,13978,166.127,471.264,0
292104,0,14378,14378,288.083,695.859,1
292104,1,13982,13982,166.127,471.264,0
292166,0,14382,14382,288.083,695.859,1
292166,1,13986,13986,166.127,471.264,0
292228,0,14386,14386,288.083,695.859,1
292228,1,13989,13989,166.127,471.264,0
292290,0,14389,14389,288.083,695.859,1
292290,1,13993,13993,166.127,471.264,0
292354,0,14393,14393,288.083,695.859,1
292354,1,13997,13997,166.127,471.264,0
292415,0,14397,14397,288.083,695.859,1
292415,1,14000,14000,166.127,471.264,0
292483,0,14399,14399,288.083,695.859,1
292483,1,14003,14003,166.127,471.264,0
292539,0,14403,14403,288.083,695.859,1
292539,1,14006,14006,166.127,471.264,0
292602,0,14406,14406,288.083,695.859,1
292602,1,14010,14010,166.127,471.264,0
292665,0,14410,14410,288.083,695.859,1
292665,1,14014,14014,166.127,471.264,0
292727,0,14414,14414,288.083,695.859,1
292727,1,14017,14017,166.127,471.264,0
292789,0,14417,14417,288.083,695.859,1
292789,1,14021,14021,166.127,471.264,0
292851,0,14421,14421,288.083,695.859,1
292851,1,14024,14024,166.127,471.264,0
292913,0,14425,14425,288.083,695.859,1
292913,1,14028,14028,166.127,471.264,0
292977,0,14429,14429,288.083,695.859,1
292977,1,14032,14032,166.127,471.264,0
293038,0,14432,14432,288.083,695.859,1
293038,1,14035,14035,166.127,471.264,0
293101,0,14436,14436,288.083,695.859,1
293101,1,14039,14039,166.127,471.264,0
293163,0,14439,14439,288.083,695.859,1
293163,1,14043,14043,166.127,471.264,0
293225,0,14443,14443,288.083,695.859,1
293225,1,14047,14047,166.127,471.264,0
293287,0,14447,14447,288.083,695.859,1
293287,1,14050,14050,166.127,471.264,0
293350,0,14450,14450,288.083,695.859,1
293350,1,14054,14054,166.127,471.264,0
293411,0,14454,14454,288.083,695.859,1
293411,1,14058,14058,166.127,471.264,0
293473,0,14458,14458,288.083,695.859,1
293473,1,14061,14061,166.127,471.264,0
293546,0,14459,14459,288.083,695.859,1
293546,1,14063,14063,166.127,471.264,0
293599,0,14461,14461,288.083,695.859,1
293599,1,14066,14066,166.127,471.264,0
293662,0,14465,14465,288.083,695.859,1
293662,1,14070,14070,166.127,471.264,0
293724,0,14468,14468,288.083,695.859,1
293724,1,14073,14073,166.127,471.264,0
293788,0,14472,14472,288.083,695.859,1
293788,1,14077,14077,166.127,471.264,0
293851,0,14476,14476,288.083,695.859,1
293851,1,14081,14081,166.127,471.264,0
293916,0,14480,14480,288.083,695.859,1
293916,1,14085,14085,166.127,471.264,0
293976,0,14483,14483,288.083,695.859,1
293976,1,14088,14088,166.127,471.264,0
294037,0,14487,14487,288.083,695.859,1
294037,1,14092,14092,166.127,471.264,0
294099,0,14490,14490,288.083,695.859,1
294099,1,14096,14096,166.127,471.264,0
294161,0,14494,14494,288.083,695.859,1
294161,1,14099,14099,166.127,471.264,0
294221,0,14498,14498,288.083,695.859,1
294221,1,14103,14103,166.127,471.264,0
294283,0,14501,14501,288.083,695.859,1
294283,1,14106,14106,166.127,471.264,0
294344,0,14505,14505,288.083,695.859,1
294344,1,14110,14110,166.127,471.264,0
294408,0,14508,14508,288.083,695.859,1
294408,1,14114,14114,166.127,471.264,0
294469,0,14512,14512,288.083,695.859,1
294469,1,14117,14117,166.127,471.264,0
294532,0,14516,14516,288.083,695.859,1
294532,1,14121,14121,166.127,471.264,0
294659,0,14518,14518,288.083,695.859,1
294659,1,14124,14124,166.127,471.264,0
294720,0,14522,14522,288.083,695.859,1
294720,1,14128,14128,166.127,471.264,0
294783,0,14526,14526,288.083,695.859,1
294783,1,14132,14132,166.127,471.264,0
294844,0,14529,14529,288.083,695.859,1
294844,1,14135,14135,166.127,471.264,0
294907,0,14533,14533,288.083,695.859,1
294907,1,14139,14139,166.127,471.264,0
294969,0,14537,14537,288.083,695.859,1
294969,1,14143,14143,166.127,471.264,0
295031,0,14540,14540,288.083,695.859,1
295031,1,14147,14147,166.127,471.264,0
295093,0,14544,14544,288.083,695.859,1
295093,1,14150,14150,166.127,471.264,0
295156,0,14548,14548,288.083,695.859,1
295156,1,14154,14154,166.127,471.264,0
295219,0,14551,14551,288.083,695.859,1
295219,1,14158,14158,166.127,471.264,0
295282,0,14555,14555,288.083,695.859,1
295282,1,14161,14161,166.127,471.264,0
295345,0,14558,14558,288.083,695.859,1
295345,1,14165,14165,166.127,471.264,0
295405,0,14562,14562,288.083,695.859,1
295405,1,14169,14169,166.127,471.264,0
295468,0,14566,14566,288.083,695.859,1
295468,1,14172,14172,166.127,471.264,0
295529,0,14569,14569,288.083,695.859,1
295529,1,14176,14176,166.127,471.264,0
295593,0,14571,14571,288.083,695.859,1
295593,1,14180,14180,166.127,471.264,0
295653,0,14574,14574,288.083,695.859,1
295653,1,14183,14183,166.127,471.264,0
295716,0,14577,14577,288.083,695.859,1
295716,1,14187,14187,166.127,471.264,0
295777,0,14581,14581,288.083,695.859,1
295777,1,14190,14190,166.127,471.264,0
295840,0,14585,14585,288.083,695.859,1
295840,1,14194,14194,166.127,471.264,0
295901,0,14588,14588,288.083,695.859,1
295901,1,14198,14198,166.127,471.264,0
295964,0,14592,14592,288.083,695.859,1
295964,1,14201,14201,166.127,471.264,0
296026,0,14596,14596,288.083,695.859,1
296026,1,14205,14205,166.127,471.264,0
296090,0,14599,14599,288.083,695.859,1
296090,1,14209,14209,166.127,471.264,0
296152,0,14603,14603,288.083,695.859,1
296152,1,14212,14212,166.127,471.264,0
296214,0,14607,14607,288.083,695.859,1
296214,1,14216,14216,166.127,471.264,0
296278,0,14611,14611,288.083,695.859,1
296278,1,14220,14220,166.127,471.264,0
296340,0,14614,14614,288.083,695.859,1
296340,1,14224,14224,166.127,471.264,0
296402,0,14618,14618,288.083,695.859,1
296402,1,14227,14227,166.127,471.264,0
296463,0,14621,14621,288.083,695.859,1
296463,1,14231,14231,166.127,471.264,0
296526,0,14625,14625,288.083,695.859,1
296526,1,14234,14234,166.127,471.264,0
296589,0,14629,14629,288.083,695.859,1
296589,1,14238,14238,166.127,471.264,0
296650,0,14632,14632,288.083,695.859,1
296650,1,14242,14242,166.127,471.264,0
296713,0,14636,14636,288.083,695.859,1
296713,1,14245,14245,166.127,471.264,0
296774,0,14640,14640,288.083,695.859,1
296774,1,14249,14249,166.127,471.264,0
296838,0,14644,14644,288.083,695.859,1
296838,1,14253,14253,166.127,471.264,0
296899,0,14647,14647,288.083,695.859,1
296899,1,14256,14256,166.127,471.264,0
296960,0,14651,14651,288.083,695.859,1
296960,1,14260,14260,166.127,471.264,0
297022,0,14654,14654,288.083,695.859,1
297022,1,14264,14264,166.127,471.264,0
297086,0,14658,14658,288.083,695.859,1
297086,1,14267,14267,166.127,471.264,0
297147,0,14662,14662,288.083,695.859,1
297147,1,14271,14271,166.127,471.264,0
297210,0,14665,14665,288.083,695.859,1
297210,1,14275,14275,166.127,471.264,0
297275,0,14669,14669,288.083,695.859,1
297275,1,14278,14278,166.127,471.264,0
297336,0,14673,14673,288.083,695.859,1
297336,1,14282,14282,166.127,471.264,0
297414,0,14675,14675,288.083,695.859,1
297414,1,14286,14286,166.127,471.264,0
297478,0,14680,14680,288.083,695.859,1
297478,1,14290,14290,166.127,471.264,0
297541,0,14683,14683,288.083,695.859,1
297541,1,14294,14294,166.127,471.264,0
297603,0,14687,14687,288.083,695.859,1
297603,1,14297,14297,166.127,471.264,0
297665,0,14691,14691,288.083,695.859,1
297665,1,14301,14301,166.127,471.264,0
297758,0,14695,14695,288.083,695.859,1
297758,1,14306,14306,166.127,471.264,0
297819,0,14699,14699,288.083,695.859,1
297819,1,14309,14309,166.127,471.264,0
297884,0,14703,14703,288.083,695.859,1
297884,1,14313,14313,166.127,471.264,0
297945,0,14706,14706,288.083,695.859,1
297945,1,14317,14317,166.127,471.264,0
298012,0,14710,14710,288.083,695.859,1
298012,1,14321,14321,166.127,471.264,0
298069,0,14714,14714,288.083,695.859,1
298069,1,14324,14324,166.127,471.264,0
298132,0,14718,14718,288.083,695.859,1
298132,1,14328,14328,166.127,471.264,0
298195,0,14721,14721,288.083,695.859,1
298195,1,14332,14332,166.127,471.264,0
298258,0,14725,14725,288.083,695.859,1
298258,1,14335,14335,166.127,471.264,0
298354,0,14728,14728,288.083,695.859,1
298354,1,14341,14341,166.127,471.264,0
298414,0,14731,14731,288.083,695.859,1
298414,1,14344,14344,166.127,471.264,0
298475,0,14734,14734,288.083,695.859,1
298475,1,14348,14348,166.127,471.264,0
298537,0,14738,14738,288.083,695.859,1
298537,1,14351,14351,166.127,471.264,0
298600,0,14742,14742,288.083,695.859,1
298600,1,14355,14355,166.127,471.264,0
298663,0,14746,14746,288.083,695.859,1
298663,1,14359,14359,166.127,471.264,0
298725,0,14749,14749,288.083,695.859,1
298725,1,14363,14363,166.127,471.264,0
298788,0,14753,14753,288.083,695.859,1
298788,1,14366,14366,166.127,471.264,0
298851,0,14757,14757,288.083,695.859,1
298851,1,14370,14370,166.127,471.264,0
298914,0,14760,14760,288.083,695.859,1
298914,1,14374,14374,166.127,471.264,0
298977,0,14764,14764,288.083,695.859,1
298977,1,14377,14377,166.127,471.264,0
299039,0,14768,14768,288.083,695.859,1
299039,1,14381,14381,166.127,471.264,0
299115,0,14772,14772,288.083,695.859,1
299115,1,14385,14385,166.127,471.264,0
299178,0,14776,14776,288.083,695.859,1
299178,1,14389,14389,166.127,471.264,0
299239,0,14780,14780,288.083,695.859,1
299239,1,14393,14393,166.127,471.264,0
299302,0,14783,14783,288.083,695.859,1
299302,1,14396,14396,166.127,471.264,0
299364,0,14787,14787,288.083,695.859,1
299364,1,14400,14400,166.127,471.264,0
299426,0,14791,14791,288.083,695.859,1
299426,1,14404,14404,166.127,471.264,0
299488,0,14794,14794,288.083,695.859,1
299488,1,14407,14407,166.127,471.264,0
299552,0,14798,14798,288.083,695.859,1
299552,1,14411,14411,166.127,471.264,0
299614,0,14802,14802,288.083,695.859,1
299614,1,14415,14415,166.127,471.264,0
299677,0,14805,14805,288.083,695.859,1
299677,1,14418,14418,166.127,471.264,0
299739,0,14809,14809,288.083,695.859,1
299739,1,14422,14422,166.127,471.264,0
299801,0,14812,14812,288.083,695.859,1
299801,1,14426,14426,166.127,471.264,0
299864,0,14816,14816,288.083,695.859,1
299864,1,14429,14429,166.127,471.264,0
299926,0,14820,14820,288.083,695.859,1
299926,1,14433,14433,166.127,471.264,0
299987,0,14823,14823,288.083,695.859,1
299987,1,14437,14437,166.127,471.264,0
300049,0,14827,14827,288.083,695.859,1
300049,1,14441,14441,166.127,471.264,0
300111,0,14831,14831,288.083,695.859,1
300111,1,14444,14444,166.127,471.264,0
300175,0,14834,14834,288.083,695.859,1
300175,1,14448,14448,166.127,471.264,0
300237,0,14838,14838,288.083,695.859,1
300237,1,14452,14452,166.127,471.264,0
300299,0,14842,14842,288.083,695.859,1
300299,1,14455,14455,166.127,471.264,0
300361,0,14845,14845,288.083,695.859,1
300361,1,14459,14459,166.127,471.264,0
300423,0,14849,14849,288.083,695.859,1
300423,1,14463,14463,166.127,471.264,0
300484,0,14852,14852,288.083,695.859,1
300484,1,14466,14466,166.127,471.264,0
300545,0,14856,14856,288.083,695.859,1
300545,1,14470,14470,166.127,471.264,0
300609,0,14860,14860,288.083,695.859,1
300609,1,14474,14474,166.127,471.264,0
300669,0,14864,14864,288.083,695.859,1
300669,1,14477,14477,166.127,471.264,0
300731,0,14867,14867,288.083,695.859,1
300731,1,14481,14481,166.127,471.264,0
300793,0,14871,14871,288.083,695.859,1
300793,1,14484,14484,166.127,471.264,0
300855,0,14874,14874,288.083,695.859,1
300855,1,14488,14488,166.127,471.264,0
300918,0,14878,14878,288.083,695.859,1
300918,1,14492,14492,166.127,471.264,0
300982,0,14882,14882,288.083,695.859,1
300982,1,14495,14495,166.127,471.264,0
301045,0,14885,14885,288.083,695.859,1
301045,1,14499,14499,166.127,471.264,0
301107,0,14889,14889,288.083,695.859,1
301107,1,14503,14503,166.127,471.264,0
301171,0,14893,14893,288.083,695.859,1
301171,1,14506,14506,166.127,471.264,0
301232,0,14896,14896,288.083,695.859,1
301232,1,14510,14510,166.127,471.264,0
301293,0,14900,14900,288.083,695.859,1
301293,1,14513,14513,166.127,471.264,0
301372,0,14901,14901,288.083,695.859,1
301372,1,14516,14516,166.127,471.264,0
301432,0,14904,14904,288.083,695.859,1
301432,1,14519,14519,166.127,471.264,0
301494,0,14908,14908,288.083,695.859,1
301494,1,14523,14523,166.127,471.264,0
301558,0,14912,14912,288.083,695.859,1
301558,1,14527,14527,166.127,471.264,0
301620,0,14915,14915,288.083,695.859,1
301620,1,14530,14530,166.127,471.264,0
301682,0,14919,14919,288.083,695.859,1
301682,1,14534,14534,166.127,471.264,0
301743,0,14922,14922,288.083,695.859,1
301743,1,14537,14537,166.127,471.264,0
301805,0,14926,14926,288.083,695.859,1
301805,1,14541,14541,166.127,471.264,0
301867,0,14930,14930,288.083,695.859,1
301867,1,14545,14545,166.127,471.264,0
301930,0,14933,14933,288.083,695.859,1
301930,1,14549,14549,166.127,471.264,0
301993,0,14937,14937,288.083,695.859,1
301993,1,14552,14552,166.127,471.264,0
302055,0,14941,14941,288.083,695.859,1
302055,1,14556,14556,166.127,471.264,0
302116,0,14944,14944,288.083,695.859,1
302116,1,14560,14560,166.127,471.264,0
302177,0,14948,14948,288.083,695.859,1
302177,1,14563,14563,166.127,471.264,0
302240,0,14952,14952,288.083,695.859,1
302240,1,14567,14567,166.127,471.264,0
302301,0,14955,14955,288.083,695.859,1
302301,1,14570,14570,166.127,471.264,0
302365,0,14959,14959,288.083,695.859,1
302365,1,14574,14574,166.127,471.264,0
302426,0,14963,14963,288.083,695.859,1
302426,1,14578,14578,166.127,471.264,0
302490,0,14966,14966,288.083,695.859,1
302490,1,14582,14582,166.127,471.264,0
302550,0,14970,14970,288.083,695.859,1
302550,1,14585,14585,166.127,471.264,0
302611,0,14974,14974,288.083,695.859,1
302611,1,14589,14589,166.127,471.264,0
302673,0,14977,14977,288.083,695.859,1
302673,1,14592,14592,166.127,471.264,0
302735,0,14981,14981,288.083,695.859,1
302735,1,14596,14596,166.127,471.264,0
302797,0,14984,14984,288.083,695.859,1
302797,1,14599,14599,166.127,471.264,0
302859,0,14988,14988,288.083,695.859,1
302859,1,14603,14603,166.127,471.264,0
302921,0,14991,14991,288.083,695.859,1
302921,1,14607,14607,166.127,471.264,0
302984,0,14995,14995,288.083,695.859,1
302984,1,14610,14610,166.127,471.264,0
303046,0,14999,14999,288.083,695.859,1
303046,1,14614,14614,166.127,471.264,0
303109,0,15003,15003,288.083,695.859,1
303109,1,14618,14618,166.127,471.264,0
303188,0,15007,15007,288.083,695.859,1
303188,1,14622,14622,166.127,471.264,0
303250,0,15011,15011,288.083,695.859,1
303250,1,14626,14626,166.127,471.264,0
303312,0,15014,15014,288.083,695.859,1
303312,1,14629,14629,166.127,471.264,0
303373,0,15018,15018,288.083,695.859,1
303373,1,14633,14633,166.127,471.264,0
303447,0,15022,15022,288.083,695.859,1
303447,1,14638,14638,166.127,471.264,0
303498,0,15025,15025,288.083,695.859,1
303498,1,14641,14641,166.127,471.264,0
303561,0,15029,15029,288.083,695.859,1
303561,1,14644,14644,166.127,471.264,0
303623,0,15033,15033,288.083,695.859,1
303623,1,14648,14648,166.127,471.264,0
303685,0,15036,15036,288.083,695.859,1
303685,1,14652,14652,166.127,471.264,0
303746,0,15040,15040,288.083,695.859,1
303746,1,14655,14655,166.127,471.264,0
303809,0,15044,15044,288.083,695.859,1
303809,1,14659,14659,166.127,471.264,0
303872,0,15047,15047,288.083,695.859,1
303872,1,14663,14663,166.127,471.264,0
303933,0,15051,15051,288.083,695.859,1
303933,1,14667,14667,166.127,471.264,0
303995,0,15055,15055,288.083,695.859,1
303995,1,14670,14670,166.127,471.264,0
304061,0,15059,15059,288.083,695.859,1
304061,1,14674,14674,166.127,471.264,0
304119,0,15062,15062,288.083,695.859,1
304119,1,14678,14678,166.127,471.264,0
304182,0,15066,15066,288.083,695.859,1
304182,1,14681,14681,166.127,471.264,0
304243,0,15069,15069,288.083,695.859,1
304243,1,14685,14685,166.127,471.264,0
304309,0,15072,15072,288.083,695.859,1
304309,1,14689,14689,166.127,471.264,0
304370,0,15076,15076,288.083,695.859,1
304370,1,14692,14692,166.127,471.264,0
304432,0,15079,15079,288.083,695.859,1
304432,1,14696,14696,166.127,471.264,0
304493,0,15083,15083,288.083,695.859,1
304493,1,14700,14700,166.127,471.264,0
304570,0,15087,15087,288.083,695.859,1
304570,1,14704,14704,166.127,471.264,0
304633,0,15091,15091,288.083,695.859,1
304633,1,14708,14708,166.127,471.264,0
304695,0,15095,15095,288.083,695.859,1
304695,1,14712,14712,166.127,471.264,0
304758,0,15099,15099,288.083,695.859,1
304758,1,14715,14715,166.127,471.264,0
304820,0,15102,15102,288.083,695.859,1
304820,1,14719,14719,166.127,471.264,0
304882,0,15106,15106,288.083,695.859,1
304882,1,14723,14723,166.127,471.264,0
304945,0,15109,15109,288.083,695.859,1
304945,1,14726,14726,166.127,471.264,0
305006,0,15113,15113,288.083,695.859,1
305006,1,14730,14730,166.127,471.264,0
305068,0,15116,15116,288.083,695.859,1
305068,1,14734,14734,166.127,471.264,0
305130,0,15120,15120,288.083,695.859,1
305130,1,14737,14737,166.127,471.264,0
305192,0,15124,15124,288.083,695.859,1
305192,1,14741,14741,166.127,471.264,0
305254,0,15127,15127,288.083,695.859,1
305254,1,14745,14745,166.127,471.264,0
305316,0,15131,15131,288.083,695.859,1
305316,1,14748,14748,166.127,471.264,0
305378,0,15134,15134,288.083,695.859,1
305378,1,14752,14752,166.127,471.264,0
305440,0,15138,15138,288.083,695.859,1
305440,1,14756,14756,166.127,471.264,0
305515,0,15142,15142,288.083,695.859,1
305515,1,14760,14760,166.127,471.264,0
305567,0,15145,15145,288.083,695.859,1
305567,1,14763,14763,166.127,471.264,0
305629,0,15149,15149,288.083,695.859,1
305629,1,14767,14767,166.127,471.264,0
305692,0,15153,15153,288.083,695.859,1
305692,1,14771,14771,166.127,471.264,0
305754,0,15156,15156,288.083,695.859,1
305754,1,14774,14774,166.127,471.264,0
305815,0,15160,15160,288.083,695.859,1
305815,1,14778,14778,166.127,471.264,0
305878,0,15164,15164,288.083,695.859,1
305878,1,14782,14782,166.127,471.264,0
305940,0,15167,15167,288.083,695.859,1
305940,1,14785,14785,166.127,471.264,0
306002,0,15171,15171,288.083,695.859,1
306002,1,14789,14789,166.127,471.264,0
306064,0,15175,15175,288.083,695.859,1
306064,1,14793,14793,166.127,471.264,0
306126,0,15178,15178,288.083,695.859,1
306126,1,14797,14797,166.127,471.264,0
306188,0,15182,15182,288.083,695.859,1
306188,1,14800,14800,166.127,471.264,0
306250,0,15186,15186,288.083,695.859,1
306250,1,14804,14804,166.127,471.264,0
306313,0,15189,15189,288.083,695.859,1
306313,1,14807,14807,166.127,471.264,0
306377,0,15193,15193,288.083,695.859,1
306377,1,14811,14811,166.127,471.264,0
306438,0,15197,15197,288.083,695.859,1
306438,1,14815,14815,166.127,471.264,0
306504,0,15201,15201,288.083,695.859,1
306504,1,14819,14819,166.127,471.264,0
306565,0,15204,15204,288.083,695.859,1
306565,1,14822,14822,166.127,471.264,0
306627,0,15208,15208,288.083,695.859,1
306627,1,14826,14826,166.127,471.264,0
306690,0,15212,15212,288.083,695.859,1
306690,1,14830,14830,166.127,471.264,0
306752,0,15215,15215,288.083,695.859,1
306752,1,14833,14833,166.127,471.264,0
306813,0,15219,15219,288.083,695.859,1
306813,1,14837,14837,166.127,471.264,0
306877,0,15223,15223,288.083,695.859,1
306877,1,14841,14841,166.127,471.264,0
306939,0,15226,15226,288.083,695.859,1
306939,1,14845,14845,166.127,471.264,0
307001,0,15230,15230,288.083,695.859,1
307001,1,14848,14848,166.127,471.264,0
307064,0,15233,15233,288.083,695.859,1
307064,1,14852,14852,166.127,471.264,0
307125,0,15235,15235,288.083,695.859,1
307125,1,14854,14854,166.127,471.264,0
307187,0,15235,15235,288.083,695.859,1
307187,1,14854,14854,166.127,471.264,0
307251,0,15235,15235,288.083,695.859,1
307251,1,14854,14854,166.127,471.264,0
307315,0,15235,15235,288.083,695.859,1
307315,1,14855,14855,166.127,471.264,0
307378,0,15238,15238,288.083,695.859,1
307378,1,14857,14857,166.127,471.264,0
307444,0,15241,15241,288.083,695.859,1
307444,1,14859,14859,166.127,471.264,0
307504,0,15244,15244,288.083,695.859,1
307504,1,14862,14862,166.127,471.264,0
307558,0,15246,15246,288.083,695.859,1
307558,1,14865,14865,166.127,471.264,0
307628,0,15250,15250,288.083,695.859,1
307628,1,14868,14868,166.127,471.264,0
307688,0,15254,15254,288.083,695.859,1
307688,1,14871,14871,166.127,471.264,0
307750,0,15257,15257,288.083,695.859,1
307750,1,14875,14875,166.127,471.264,0
307819,0,15261,15261,288.083,695.859,1
307819,1,14879,14879,166.127,471.264,0
307882,0,15265,15265,288.083,695.859,1
307882,1,14883,14883,166.127,471.264,0
307946,0,15268,15268,288.083,695.859,1
307946,1,14886,14886,166.127,471.264,0
308010,0,15272,15272,288.083,695.859,1
308010,1,14889,14889,166.127,471.264,0
308072,0,15276,15276,288.083,695.859,1
308072,1,14893,14893,166.127,471.264,0
308134,0,15278,15278,288.083,695.859,1
308134,1,14895,14895,166.127,471.264,0
308205,0,15282,15282,288.083,695.859,1
308205,1,14899,14899,166.127,471.264,0
308272,0,15286,15286,288.083,695.859,1
308272,1,14903,14903,166.127,471.264,0
308334,0,15289,15289,288.083,695.859,1
308334,1,14906,14906,166.127,471.264,0
308397,0,15293,15293,288.083,695.859,1
308397,1,14910,14910,166.127,471.264,0
308456,0,15297,15297,288.083,695.859,1
308456,1,14914,14914,166.127,471.264,0
308520,0,15300,15300,288.083,695.859,1
308520,1,14917,14917,166.127,471.264,0
308580,0,15304,15304,288.083,695.859,1
308580,1,14921,14921,166.127,471.264,0
308658,0,15308,15308,288.083,695.859,1
308658,1,14926,14926,166.127,471.264,0
308720,0,15312,15312,288.083,695.859,1
308720,1,14929,14929,166.127,471.264,0
308782,0,15316,15316,288.083,695.859,1
308782,1,14933,14933,166.127,471.264,0
308843,0,15319,15319,288.083,695.859,1
308843,1,14936,14936,166.127,471.264,0
308907,0,15323,15323,288.083,695.859,1
308907,1,14940,14940,166.127,471.264,0
308968,0,15327,15327,288.083,695.859,1
308968,1,14944,14944,166.127,471.264,0
309030,0,15330,15330,288.083,695.859,1
309030,1,14947,14947,166.127,471.264,0
309090,0,15334,15334,288.083,695.859,1
309090,1,14951,14951,166.127,471.264,0
309155,0,15338,15338,288.083,695.859,1
309155,1,14955,14955,166.127,471.264,0
309217,0,15341,15341,288.083,695.859,1
309217,1,14959,14959,166.127,471.264,0
309279,0,15345,15345,288.083,695.859,1
309279,1,14962,14962,166.127,471.264,0
309343,0,15349,15349,288.083,695.859,1
309343,1,14966,14966,166.127,471.264,0
309406,0,15353,15353,288.083,695.859,1
309406,1,14970,14970,166.127,471.264,0
309461,0,15356,15356,288.083,695.859,1
309461,1,14973,14973,166.127,471.264,0
309524,0,15360,15360,288.083,695.859,1
309524,1,14977,14977,166.127,471.264,0
309586,0,15363,15363,288.083,695.859,1
309586,1,14980,14980,166.127,471.264,0
309649,0,15367,15367,288.083,695.859,1
309649,1,14984,14984,166.127,471.264,0
309710,0,15371,15371,288.083,695.859,1
309710,1,14987,14987,166.127,471.264,0
309773,0,15375,15375,288.083,695.859,1
309773,1,14991,14991,166.127,471.264,0
309834,0,15378,15378,288.083,695.859,1
309834,1,14995,14995,166.127,471.264,0
309887,0,15381,15381,288.083,695.859,1
309887,1,14998,14998,166.127,471.264,0
309953,0,15385,15385,288.083,695.859,1
309953,1,15002,15002,166.127,471.264,0
310011,0,15389,15389,288.083,695.859,1
310011,1,15005,15005,166.127,471.264,0
310069,0,15392,15392,288.083,695.859,1
310069,1,15009,15009,166.127,471.264,0
310131,0,15396,15396,288.083,695.859,1
310131,1,15012,15012,166.127,471.264,0
310211,0,15399,15399,288.083,695.859,1
310211,1,15016,15016,166.127,471.264,0
310272,0,15404,15404,288.083,695.859,1
310272,1,15021,15021,166.127,471.264,0
310334,0,15408,15408,288.083,695.859,1
310334,1,15024,15024,166.127,471.264,0
310386,0,15411,15411,288.083,695.859,1
310386,1,15027,15027,166.127,471.264,0
310449,0,15415,15415,288.083,695.859,1
310449,1,15031,15031,166.127,471.264,0
310511,0,15418,15418,288.083,695.859,1
310511,1,15035,15035,166.127,471.264,0
310573,0,15422,15422,288.083,695.859,1
310573,1,15038,15038,166.127,471.264,0
310635,0,15426,15426,288.083,695.859,1
310635,1,15042,15042,166.127,471.264,0
310698,0,15429,15429,288.083,695.859,1
310698,1,15045,15045,166.127,471.264,0
310762,0,15433,15433,288.083,695.859,1
310762,1,15049,15049,166.127,471.264,0
310825,0,15437,15437,288.083,695.859,1
310825,1,15053,15053,166.127,471.264,0
310881,0,15440,15440,288.083,695.859,1
310881,1,15056,15056,166.127,471.264,0
310942,0,15444,15444,288.083,695.859,1
310942,1,15060,15060,166.127,471.264,0
311003,0,15447,15447,288.083,695.859,1
311003,1,15064,15064,166.127,471.264,0
311066,0,15451,15451,288.083,695.859,1
311066,1,15067,15067,166.127,471.264,0
311127,0,15454,15454,288.083,695.859,1
311127,1,15071,15071,166.127,471.264,0
311181,0,15457,15457,288.083,695.859,1
311181,1,15074,15074,166.127,471.264,0
311243,0,15461,15461,288.083,695.859,1
311243,1,15078,15078,166.127,471.264,0
311306,0,15465,15465,288.083,695.859,1
311306,1,15081,15081,166.127,471.264,0
311368,0,15468,15468,288.083,695.859,1
311368,1,15085,15085,166.127,471.264,0
311429,0,15472,15472,288.083,695.859,1
311429,1,15089,15089,166.127,471.264,0
311492,0,15476,15476,288.083,695.859,1
311492,1,15092,15092,166.127,471.264,0
311555,0,15479,15479,288.083,695.859,1
311555,1,15096,15096,166.127,471.264,0
311616,0,15483,15483,288.083,695.859,1
311616,1,15100,15100,166.127,471.264,0
311679,0,15486,15486,288.083,695.859,1
311679,1,15103,15103,166.127,471.264,0
311742,0,15490,15490,288.083,695.859,1
311742,1,15107,15107,166.127,471.264,0
311805,0,15494,15494,288.083,695.859,1
311805,1,15111,15111,166.127,471.264,0
311867,0,15497,15497,288.083,695.859,1
311867,1,15114,15114,166.127,471.264,0
311930,0,15501,15501,288.083,695.859,1
311930,1,15118,15118,166.127,471.264,0
311992,0,15505,15505,288.083,695.859,1
311992,1,15122,15122,166.127,471.264,0
312054,0,15509,15509,288.083,695.859,1
312054,1,15125,15125,166.127,471.264,0
312117,0,15512,15512,288.083,695.859,1
312117,1,15129,15129,166.127,471.264,0
312179,0,15516,15516,288.083,695.859,1
312179,1,15133,15133,166.127,471.264,0
312241,0,15520,15520,288.083,695.859,1
312241,1,15136,15136,166.127,471.264,0
312303,0,15523,15523,288.083,695.859,1
312303,1,15140,15140,166.127,471.264,0
312367,0,15527,15527,288.083,695.859,1
312367,1,15144,15144,166.127,471.264,0
312428,0,15531,15531,288.083,695.859,1
312428,1,15147,15147,166.127,471.264,0
312490,0,15534,15534,288.083,695.859,1
312490,1,15150,15150,166.127,471.264,0
312553,0,15538,15538,288.083,695.859,1
312553,1,15155,15155,166.127,471.264,0
312616,0,15542,15542,288.083,695.859,1
312616,1,15158,15158,166.127,471.264,0
312677,0,15545,15545,288.083,695.859,1
312677,1,15162,15162,166.127,471.264,0
312740,0,15549,15549,288.083,695.859,1
312740,1,15166,15166,166.127,471.264,0
312805,0,15550,15550,288.083,695.859,1
312805,1,15167,15167,166.127,471.264,0
312867,0,15550,15550,288.083,695.859,1
312867,1,15167,15167,166.127,471.264,0
312925,0,15550,15550,288.083,695.859,1
312925,1,15167,15167,166.127,471.264,0
312985,0,15550,15550,288.083,695.859,1
312985,1,15167,15167,166.127,471.264,0
313046,0,15550,15550,288.083,695.859,1
313046,1,15167,15167,166.127,471.264,0
313106,0,15550,15550,288.083,695.859,1
313106,1,15167,15167,166.127,471.264,0
313157,0,15550,15550,288.083,695.859,1
313157,1,15167,15167,166.127,471.264,0
313209,0,15550,15550,288.083,695.859,1
313209,1,15167,15167,166.127,471.264,0
313259,0,15550,15550,288.083,695.859,1
313259,1,15167,15167,166.127,471.264,0
313325,0,15550,15550,288.083,695.859,1
313325,1,15167,15167,166.127,471.264,0
313380,0,15550,15550,288.083,695.859,1
313380,1,15167,15167,166.127,471.264,0
313430,0,15550,15550,288.083,695.859,1
313430,1,15167,15167,166.127,471.264,0
313481,0,15550,15550,288.083,695.859,1
313481,1,15167,15167,166.127,471.264,0
313533,0,15550,15550,288.083,695.859,1
313533,1,15167,15167,166.127,471.264,0
313594,0,15550,15550,288.083,695.859,1
313594,1,15167,15167,166.127,471.264,0
313644,0,15550,15550,288.083,695.859,1
313644,1,15167,15167,166.127,471.264,0
313695,0,15550,15550,288.083,695.859,1
313695,1,15167,15167,166.127,471.264,0
313746,0,15550,15550,288.083,695.859,1
313746,1,15167,15167,166.127,471.264,0
313797,0,15550,15550,288.083,695.859,1
313797,1,15167,15167,166.127,471.264,0
313847,0,15550,15550,288.083,695.859,1
313847,1,15167,15167,166.127,471.264,0
313899,0,15550,15550,288.083,695.859,1
313899,1,15167,15167,166.127,471.264,0
313950,0,15550,15550,288.083,695.859,1
313950,1,15167,15167,166.127,471.264,0
314001,0,15550,15550,288.083,695.859,1
314001,1,15167,15167,166.127,471.264,0
314052,0,15550,15550,288.083,695.859,1
314052,1,15167,15167,166.127,471.264,0
314112,0,15550,15550,288.083,695.859,1
314112,1,15167,15167,166.127,471.264,0
314163,0,15550,15550,288.083,695.859,1
314163,1,15167,15167,166.127,471.264,0
314213,0,15550,15550,288.083,695.859,1
314213,1,15167,15167,166.127,471.264,0
314273,0,15550,15550,288.083,695.859,1
314273,1,15167,15167,166.127,471.264,0
314324,0,15550,15550,288.083,695.859,1
314324,1,15167,15167,166.127,471.264,0
314376,0,15550,15550,288.083,695.859,1
314376,1,15167,15167,166.127,471.264,0
314426,0,15550,15550,288.083,695.859,1
314426,1,15167,15167,166.127,471.264,0
314477,0,15550,15550,288.083,695.859,1
314477,1,15167,15167,166.127,471.264,0
314537,0,15550,15550,288.083,695.859,1
314537,1,15167,15167,166.127,471.264,0
314588,0,15550,15550,288.083,695.859,1
314588,1,15167,15167,166.127,471.264,0
314639,0,15550,15550,288.083,695.859,1
314639,1,15167,15167,166.127,471.264,0
314703,0,15550,15550,288.083,695.859,1
314703,1,15167,15167,166.127,471.264,0
